Date,Target Name,Target Tags,Target Description,Revenue,Revenue Year,Sector,Buyers,Sellers,Valorisation,Operation Type,Transaction Amount,FM et TNT),"connu sous le nom de port de Citranusa Kabil.
- PT Citra Pembina Pengangkutan Industries (CPPI) est un fournisseur de services logistiques complets dans les services suivants","d’alimentation en eau potable (AEP) et de réseaux fibrés
2LTP",financement avec annuaire des professionnels de la maison.- GUIDE-Piscine.fr,principalement auprès des organismes publics,c'est 16 marques,spécialisé dans la mobilité urbaine,Uniques - Activité occasion,"l'architecture ;
- The Good Life (créé en 2011)",développé sur quatre verticales,(PB WEALTH MANAGER),spécialisée dans les domaines de la santé,le streetwear)
27 déc. 2024,CALIMED SANTE,France |,Éditeur de logiciels de gestion des activités médicales (notamment prise de rendez-vous,nan,nan,Logiciel et services informatiques,EQUASENS,MANAGER(S),0-20 M€,Build-up,0-20,,,,,,,,,,,,,
24 déc. 2024,MATCHERS,France |,Éditeur d'un site web permettant aux TPE d’accéder à des formations sur-mesure,nan,nan,Internet & ecommerce,SOCIÉTÉ FINANCIÈRE DU L...,nan,n.d.,1er tour,nan,,,,,,,,,,,,,
24 déc. 2024,EDION CONSEIL,France |,Insertion sociale et professionnelle de personnes en difficultés,12,2023.0,Services & Conseil aux entreprises,LA VARAPPE,FONDATEUR(S),n.d.,Build-up,n.d.,,,,,,,,,,,,,
23 déc. 2024,MGOWOONSESANG COSMETICS,Corée du Sud |,Fabrication et commercialisation de produits cosmétiques conçus pour les peaux sensibles (dont marque dermocosmétique Dr.G),nan,nan,Santé,L'OREAL,MIGROS,425 M€,M&A (Int'l),nan,,,,,,,,,,,,,
21 déc. 2024,AXA INVESTMENT MANAGERS (AXA IM),France |,Groupe de gestion d'actifs,1 516,2023.0,nan,GROUPE BNP PARIBAS,AXA,5 400 M€,M&A Corporate,nan,,,,,,,,,,,,,
20 déc. 2024,GROUPE AURELA,France |,Groupe composé des sociétés SDCEM,27,2023.0,Produits & Services industriels,MASTERGRID,n.d.,20-50 M€,Build-up,20-50,,,,,,,,,,,,,
20 déc. 2024,METTETAL CREATION,France |,Accessoires métalliques pour la maroquinerie et le prêt-à-porter,nan,nan,Produits & Services industriels,TURENNE GROUPE,FONDATEUR(S),n.d.,LBO Primaire,n.d.,,,,,,,,,,,,,
20 déc. 2024,DUBOURG DECO,France |,Expertise en travaux de rénovation et de décoration pour les professionnels et les particuliers :  peinture en bâtiment,3,2023.0,Immobilier & construction,RENOVIO INVESTMENT FRANCE,MANAGER(S),0-20 M€,Prise de participation,0-20,,,,,,,,,,,,,
20 déc. 2024,CHATEAU GUILLEMOT,France |,Producteur de vins,nan,nan,nan,SAVARE DE LAITRE,LAVAU,n.d.,M&A Corporate,15-20,,,,,,,,,,,,,
20 déc. 2024,BIO-INOX,France |,Fabricant de cuves de stockage et de procédés principalement pour l'industrie agroalimentaire et le secteur viti-vinicole (à moindre mesure pour la pharmacie,8.06,2023.0,Produits & Services industriels,EURONEXT ACCESS (EX MAR...,HOLDING(S) FAMILIAU(X),6 M€,IPO,nan,,,,,,,,,,,,,
20 déc. 2024,THIOT INGENIERIE,France |,Spécialiste de la physique des chocs,nan,nan,Produits & Services industriels,EURENCO,FONDATEUR(S),15-20 M€,M&A Corporate,15-20,,,,,,,,,,,,,
20 déc. 2024,C.I.2.T.,France |,Spécialistes de la télésurveillance pour le secteur non-bancaire,5,2024.0,Electronique & Informatique,ITQ GROUP,CRITEL,0-20 M€,Spin Off,0-20,,,,,,,,,,,,,
20 déc. 2024,OTRS,Allemagne |,Éditeur de logiciels de gestion des services informatiques,12,2023.0,Logiciel et services informatiques,EASYVISTA (EX STAFF&LINE),FONDATEUR(S),32.50 M€,Build-up international,nan,,,,,,,,,,,,,
20 déc. 2024,HSBC ASSURANCES VIE (FRANCE),France |,Activité assurance-vie française du groupe HSBC,1 200,2023.0,nan,MATMUT,HSBC FRANCE (HSBC CONTI...,925 M€,M&A Corporate,nan,,,,,,,,,,,,,
20 déc. 2024,BRED MADAGASIKARA BANQUE POPULAIRE,Madagascar |,Services bancaires,86,2023.0,nan,BRED,GROUPE SOCIETE GENERALE,n.d.,M&A (Int'l),n.d.,,,,,,,,,,,,,
19 déc. 2024,QUABLE,France |,Éditeur d'une solution Saas de gestion de l'information produit (PIM) pour les sites marchands,4.50,2023.0,Logiciel et services informatiques,IBEXA,FONDATEUR(S),0-20 M€,Build-up international,0-20,,,,,,,,,,,,,
19 déc. 2024,IEF2I EDUCATION (INSTITUT EUROPÉE...,France |,Organisme de formation professionnelle,25,2024.0,Services & Conseil aux entreprises,ANDERA ACTO (EX ACTOMEZZ ),MANAGER(S),150 M€,Sponsorless,n.d.,,,,,,,,,,,,,
19 déc. 2024,EUROBIO SCIENTIFIC,France |,Biotech spécialisée dans le diagnostic in vitro de spécialités,130.10,2023.0,nan,IK PARTNERS (EX-IK INVE...,n.d.,n.d.,OPA,n.d.,,,,,,,,,,,,,
19 déc. 2024,JET CHARGE,Australie |,Bornes de recharge pour véhicules électriques,27.60,2023.0,nan,MIROVA,nan,n.d.,Augmentation de capital,nan,,,,,,,,,,,,,
19 déc. 2024,DAVIDSON CONSULTING,France |,ESN spécialisée dans le déploiement de solutions d'infrastructure IT et d'hébergement,306,2023.0,Logiciel et services informatiques,nan,n.d.,n.d.,Refinancement,nan,,,,,,,,,,,,,
19 déc. 2024,ACTIVITE TPE-PME D’EXPERTISE-COMP...,France |,Activités de  conseil auprès des dirigeants de TPE/PME (expertise comptable principalement,400,2023.0,Services & Conseil aux entreprises,TOWERBROOK CAPITAL PART...,KPMG,400 M€,Carve-out,250-500,,,,,,,,,,,,,
19 déc. 2024,ACOMAT INTERNATIONAL,France |,Distributeur de produits de ventilation spécialisé dans les gaines flexibles et rigides ainsi que les accessoires (fixation,7.50,2023.0,Produits & Services industriels,LINDAB,MANAGER(S),0-5 M€,M&A (Int'l),0-5,,,,,,,,,,,,,
19 déc. 2024,MANUSTOCK,France |,Distribution,15,2024.0,Produits & Services industriels,GROUPE GALILÉ,MANAGER(S),10-15 M€,M&A Corporate,10-15,,,,,,,,,,,,,
19 déc. 2024,NOVETHIC,France |,Média et centre de formation sur les enjeux de développement durable,nan,nan,Média,GROUPE AEF INFO (AGENCE...,CAISSE DES DEPOTS ET CO...,n.d.,M&A Corporate,n.d.,,,,,,,,,,,,,
19 déc. 2024,BOULANGERIES SOPHIE LEBREUILLY,France |,Réseau de boulangeries-pâtisseries,70,2024.0,nan,FRENCHFOOD CAPITAL (FFC),GENERIS CAPITAL PARTNERS,50-150 M€,LBO Bis,n.d.,,,,,,,,,,,,,
18 déc. 2024,LITTLE JOHN,France |,Logiciel dédié aux courtiers d'assurance,nan,nan,Logiciel et services informatiques,FEBE VENTURES,nan,0-20 M€,Amorçage (seed),nan,,,,,,,,,,,,,
18 déc. 2024,DUCAMIN TRANSPORTS,France |,Transport routier en température dirigée,15,2023.0,nan,FETR (FRANCE EUROPE TRA...,MANAGER(S),5-10 M€,M&A Corporate,5-10,,,,,,,,,,,,,
18 déc. 2024,HEXALEAN GROUPE,France |,Sous-traitance industrielle,42,2023.0,Produits & Services industriels,ORIGINE PARTNERS,MANAGER(S),50-150 M€,OBO bis,20-50,,,,,,,,,,,,,
18 déc. 2024,EVERGAZ,France |,Greentech du biogaz,7.70,2023.0,Environnement & CleanTechs,MERIDIAM,nan,n.d.,Augmentation de capital,nan,,,,,,,,,,,,,
18 déc. 2024,ASCENTIEL GROUPE,France |,Courtier en assurance,60,2023.0,nan,COBEPA,IK PARTNERS (EX-IK INVE...,250-500 M€,LBO Ter,250-500,,,,,,,,,,,,,
18 déc. 2024,MAISON DUPREZ (EX TRADITION DU NORD),France |,Société regroupant plusieurs entreprises spécialisées dans la biscuiterie et la confiserie,40,2022.0,nan,UNIGRAINS,nan,20-50 M€,Augmentation de capital,0-20,,,,,,,,,,,,,
18 déc. 2024,USUAL LABS,France |,Développement d'un protocole de stablecoin décentralisé pour déployer une cryptomonnaie offrant des rendements générés par des actifs réels,nan,nan,nan,BINANCE LABS,nan,0-20 M€,1er tour,nan,,,,,,,,,,,,,
18 déc. 2024,ATELIERS BIO DE PROVENCE (COQUELI...,France |,Production de pâtes fraîches et surgelées biologiques.,6.70,2023.0,nan,ESFIN GESTION,COMPAGNIE LÉA NATURE (L...,0-5 M€,Cession de titres,0-5,,,,,,,,,,,,,
18 déc. 2024,GROUPE CARSEY (CHAPSOL,France |,Solutions en béton préfabriqué pour les infrastructures,22,2023.0,Immobilier & construction,PENINSULAR CAPITAL,nan,10-15 M€,Augmentation de capital,nan,,,,,,,,,,,,,
18 déc. 2024,IMMO D'HEM,France |,Agence immobilière proposant des services de gestion locative,1,2023.0,Immobilier & construction,SQUARE HABITAT,MANAGER(S),0-5 M€,M&A Corporate,0-5,,,,,,,,,,,,,
18 déc. 2024,SMARTOWER,France |,Société de conseil,5,2024.0,Média,MITEM FRANCE,FONDATEUR(S),2 M€,Prise de participation,nan,recherche,,,,,,,,,,,,
17 déc. 2024,AMECA,France |,Conception,5.20,2023.0,Produits & Services industriels,ELIGE CAPITAL,EXIMIUM,n.d.,LBO Bis,n.d.,,,,,,,,,,,,,
17 déc. 2024,FINANCIERE TIEPOLO,France |,Société de gestion privée qui propose notamment des services de gestion privée sous mandat,20,2024.0,nan,nan,n.d.,n.d.,Refinancement,nan,,,,,,,,,,,,,
17 déc. 2024,SOCHIM,Italie |,Fabricant de compléments alimentaires avec des ingrédients naturels,33,2023.0,Santé,NATURACARE,FONDATEUR(S),n.d.,Build-up international,n.d.,,,,,,,,,,,,,
17 déc. 2024,FEU VERT,France |,Groupe de centres d’entretien,900,2023.0,Automobile,nan,n.d.,n.d.,Refinancement,nan,,,,,,,,,,,,,
17 déc. 2024,PULSE AUDITION,France |,Solutions de réduction du bruit et de rehaussement de la voix basées sur des algorithmes intégrant l'intelligence artificielle,nan,nan,Produits Pharmaceutiques & matériel médical,ESSILOR-LUXOTTICA,FONDATEUR(S),0-20 M€,M&A Corporate,0-20,,,,,,,,,,,,,
17 déc. 2024,VALEURS & CONSEILS (V&C),France |,Conseil en gestion de patrimoine,3,2023.0,nan,METAGRAM,FONDATEUR(S),10-15 M€,Build-up,10-15,,,,,,,,,,,,,
17 déc. 2024,OCTO AM,France |,Société de gestion financière,nan,nan,nan,AMPLEGEST,FONDATEUR(S),n.d.,Fusion,n.d.,,,,,,,,,,,,,
17 déc. 2024,GENERATION SNACKING,France |,Fabricant de pâtisseries et de sandwichs pour clients grands comptes,10,2024.0,nan,TURENNE GROUPE,FONDATEUR(S),0-20 M€,LBO Primaire,0-20,,,,,,,,,,,,,
16 déc. 2024,CANAL+ GROUPE,France |,Éditeur de chaînes de télévision payante,6 200,2023.0,Média,LONDON STOCK EXCHANGE G...,VIVENDI,7 400 M€,IPO,n.d.,,,,,,,,,,,,,
16 déc. 2024,NOYER INTERIEUR,France |,Décorateur & rénovateur d’intérieur,nan,nan,Textile,nan,FONDATEUR(S),n.d.,M&A Corporate,n.d.,,,,,,,,,,,,,
16 déc. 2024,PAPETERIE PROVENCALE,France |,Distributeur d'emballages alimentaires,15,2023.0,Produits & Services industriels,TINI (BBA EMBALLAGES),MANAGER(S),10-15 M€,Build-up,n.d.,,,,,,,,,,,,,
16 déc. 2024,SYNERGIE CONSEILS PATRIMOINE,France |,Cabinet spécialisé dans le conseil en stratégie patrimoniale et en investissements (conseil en gestion de patrimoine),1.30,2023.0,nan,ASTORIA FINANCE,FONDATEUR(S),5-10 M€,Build-up,5-10,,,,,,,,,,,,,
16 déc. 2024,PARISII GESTION PRIVEE,France |,Conseil en gestion de patrimoine (CGP),1,2023.0,nan,ASTORIA FINANCE,FONDATEUR(S),0-20 M€,Build-up,0-20,,,,,,,,,,,,,
16 déc. 2024,HAVAS,France |,Groupe publicitaire et conseil en communication,2 872,2023.0,Média,LONDON STOCK EXCHANGE G...,VIVENDI,3 400 M€,Spin Off,n.d.,,,,,,,,,,,,,
16 déc. 2024,LOUIS HACHETTE GROUP,France |,Louis Hachette Group réunit Lagardère et Prisma Media. Acteur dans les domaines de l’Édition,8 390,2023.0,Média,LONDON STOCK EXCHANGE G...,VIVENDI,2 100 M€,Spin Off,n.d.,,,,,,,,,,,,,
16 déc. 2024,ACTIVITÉS MON PER D’INTER INVEST,France |,Activité de PER compte-titres d'Inter invest : plateforme en ligne servant à l'investissement dans un compte PER bancaire,nan,nan,nan,SHARES,GROUPE INTER INVEST,0-20 M€,Carve-out,0-20,,,,,,,,,,,,,
16 déc. 2024,SIA PARTNERS,France |,Cabinet de conseil en stratégie,485,2024.0,Services & Conseil aux entreprises,BLACKSTONE,nan,>1000 M€,Augmentation de capital,nan,,,,,,,,,,,,,
16 déc. 2024,NUTRI&CO (NUTRI & CO),France |,Développement et commercialisation de produits nutraceutiques en ligne,nan,nan,Santé,GOODGROWER,CREADEV,20-50 M€,Cession de titres,n.d.,,,,,,,,,,,,,
16 déc. 2024,TRANSDEV,France |,Transport collectif,nan,nan,nan,RETHMANN,CAISSE DES DEPOTS ET CO...,>1000 M€,Cession de titres,n.d.,,,,,,,,,,,,,
13 déc. 2024,SILL ENTREPRISES,France |,Produits laitiers,650,2024.0,nan,IDIA CAPITAL INVESTISSE...,MANAGER(S),n.d.,Cession de titres,n.d.,,,,,,,,,,,,,
13 déc. 2024,FACTEM,France |,Concepteur,17,2024.0,Automobile,VOLNEY DEVELOPPEMENT,NCI,15-20 M€,LBO Bis,n.d.,,,,,,,,,,,,,
13 déc. 2024,RHEONOVA,France |,Laboratoire d’analyses et fabrication de rhéomètres pour les mesures de viscosités,nan,nan,Produits Pharmaceutiques & matériel médical,SOWEFUND,nan,0-5 M€,1er tour,nan,,,,,,,,,,,,,
12 déc. 2024,RACINE2 (RACINE CARRÉE),France |,Clinique spécialisée dans les implants et soins capillaires (dont mésogreffe,10,2024.0,Santé,KRESK DEVELOPPEMENT,nan,0-20 M€,Augmentation de capital,5-10,,,,,,,,,,,,,
12 déc. 2024,DREAM ENERGY,France |,Producteur d'énergies renouvelables,nan,nan,nan,ARTEA,nan,230 M€,Augmentation de capital,n.d.,,,,,,,,,,,,,
12 déc. 2024,ANDERA PARTNERS,France |,Société d'investissement,nan,nan,nan,NEW YORK LIFE INVESTMENTS,MANAGER(S),n.d.,Augmentation de capital,n.d.,,,,,,,,,,,,,
12 déc. 2024,GESTAL,France |,Groupe multi-métiers et multi-secteurs dans le domaine des services à l’industrie (maintenance industrielle et d’installation en électricité,112,2023.0,Produits & Services industriels,BNP PARIBAS DEVELOPPEMENT,FCDE,50-150 M€,LBO Bis,n.d.,,,,,,,,,,,,,
12 déc. 2024,WEETEC,France |,Prestataire de réhabilitation,85,2024.0,Immobilier & construction,ORTEC GROUPE,SPARRING CAPITAL,50-150 M€,Sortie M&A Corporate,50-150,,,,,,,,,,,,,
12 déc. 2024,WOOMIO,Danemark |,Éditeur d’un logiciel Saas mettant en relation des marques et des influenceurs,nan,nan,Logiciel et services informatiques,KOLSQUARE,FONDATEUR(S),0-20 M€,Build-up international,0-20,,,,,,,,,,,,,
12 déc. 2024,COOL'N CAMP,France |,Éditeur de solutions digitales de conciergerie et de relation client dans le segment de l’hôtellerie de plein air,1,2024.0,Logiciel et services informatiques,SEPTEO,MANAGER(S),0-5 M€,Build-up,0-5,,,,,,,,,,,,,
12 déc. 2024,HUGUIER FRERES,France |,Spécialiste de la transformation de produits carnés régionaux à destination des grossistes,30,2023.0,nan,GROUPE ALLIANCE,MANAGER(S),0-20 M€,Build-up,0-20,,,,,,,,,,,,,
12 déc. 2024,PATRIARCHE,France |,Agence d'architecture augmentée,219,2023.0,Immobilier & construction,EURAZEO GLOBAL INVESTOR,nan,50-150 M€,Augmentation de capital,nan,,,,,,,,,,,,,
12 déc. 2024,ANYBOTICS,Suisse |,Concepteur et fabricant de robots à jambes conçus pour automatiser des tâches d'inspection,nan,nan,Produits & Services industriels,QUALCOMM VENTURES,nan,n.d.,2e tour,nan,,,,,,,,,,,,,
11 déc. 2024,ALBINGIA,France |,Compagnie d’assurance spécialisée dans les risques d’entreprises,334,2023.0,nan,FINANCIERE DE BLACAILLO...,EURAZEO,500-1000 M€,LBO IV,nan,,,,,,,,,,,,,
11 déc. 2024,INLOGIQ,Espagne |,Solutions d'automatisation des processus métier.,nan,nan,Logiciel et services informatiques,DEVOTEAM,LABERIT,0-20 M€,Build-up international,0-20,,,,,,,,,,,,,
11 déc. 2024,NOEMA PHARMA,France |,R&D traitement des maladies neurologiques orphelines,nan,nan,nan,EQT LIFE SCIENCES (EX-L...,nan,n.d.,2e tour,nan,,,,,,,,,,,,,
11 déc. 2024,THEMATCHBOX,Belgique |,Éditeur de logiciels,nan,nan,Logiciel et services informatiques,PIXID,FONDATEUR(S),0-20 M€,Build-up international,0-20,,,,,,,,,,,,,
11 déc. 2024,TANGLE TEEZER,Royaume-Uni |,Marque de brosse à cheveux.,70,2024.0,Services & Biens de consommation,SOCIETE BIC,MAYFAIR EQUITY PARTNERS,200 M€,M&A (Int'l),nan,,,,,,,,,,,,,
11 déc. 2024,LES MONTEURS DE LA BRIE (LMDB),France |,Travaux de montage de structures métalliques,2.50,2023.0,Services & Conseil aux entreprises,ALTRAD,MANAGER(S),n.d.,Retournement,n.d.,,,,,,,,,,,,,
11 déc. 2024,SHINE,France |,Banque en ligne et solution de gestion factures et échéances administratives pour freelance,nan,nan,Internet & ecommerce,AGERAS,GROUPE SOCIETE GENERALE,n.d.,M&A (Int'l),n.d.,,,,,,,,,,,,,
11 déc. 2024,IRISNDT,Canada |,Services de contrôle non-destructif (non destructive testing NDT/CND),278,2023.0,Produits & Services industriels,APAVE,MANAGER(S),250-500 M€,Build-up international,250-500,,,,,,,,,,,,,
10 déc. 2024,KLAXOON,France |,Éditeur d'une solution collaborative d'animation de réunions en entreprise,nan,nan,Logiciel et services informatiques,WRIKE,FONDATEUR(S),50-150 M€,Build-up international,nan,,,,,,,,,,,,,
10 déc. 2024,SEMANA,France |,Édition d'un outil de flex office : logiciel de gestion du travail hybride (en présentiel au bureau ou à domicile en télétravail),nan,nan,Internet & ecommerce,DESKBIRD,FONDATEUR(S),0-5 M€,M&A (Int'l),0-5,,,,,,,,,,,,,
10 déc. 2024,NOVALLIANCE MEDICAL,France |,Perfusion et nutrition à domicile,2.50,2024.0,Santé,SANTÉ CIE,MANAGER(S),0-20 M€,Build-up,0-20,,,,,,,,,,,,,
10 déc. 2024,TECHNI-SANTÉ,France |,Assistance respiratoire à domicile,1,2024.0,Santé,SANTÉ CIE,MANAGER(S),0-20 M€,Build-up,0-20,,,,,,,,,,,,,
10 déc. 2024,GARCIA & SOLVERDE,France |,Entreprise paysagiste d'élagage et services d’entretien des espaces verts et d’abattage pour entreprises,4,2024.0,Environnement & CleanTechs,BTP CAPITAL INVESTISSEMENT,CRE,3 M€,MBI,0-5,,,,,,,,,,,,,
10 déc. 2024,MHCOMM,France |,Éditeur de solutions de santé numérique dédiées aux soins à domicile (logiciel de coordination des soins à domicile,2.50,2024.0,Logiciel et services informatiques,SANTÉ CIE,FONDATEUR(S),0-20 M€,Build-up,0-20,,,,,,,,,,,,,
10 déc. 2024,COSPIRIT GROUPE,France |,Agence de média spécialiste de la communication locale : accompagnement des enseignes de distribution et de réseaux dans la définition de leur stratégie jusqu’au pilotage de leur media planning,34,2024.0,Média,RE-SOURCES CAPITAL,FONDATEUR(S),15-20 M€,MBO,nan,,,,,,,,,,,,,
10 déc. 2024,RATP DEV TRANSIT LONDON,Royaume-Uni |,Exploitation ligne de bus,nan,nan,nan,FIRST GROUP,RATP DEV,104.40 M€,M&A (Int'l),n.d.,,,,,,,,,,,,,
10 déc. 2024,DIDACTIC,France |,Produits médicaux à usage unique,70,2024.0,Produits Pharmaceutiques & matériel médical,UI INVESTISSEMENT,FCDE,50-150 M€,LBO IV,nan,,,,,,,,,,,,,
10 déc. 2024,ARMONIAL PARTNERS,France |,Conseil en gestion de patrimoine (CGP) auprès d'une clientèle fortunée (notamment de chefs d'entreprise) et proposant des produits d’assurance vie,1.80,2023.0,nan,CRYSTAL,MANAGER(S),15-20 M€,Build-up,15-20,,,,,,,,,,,,,
09 déc. 2024,IQERA,France |,Gestion et acquisition de créances bancaires,315,2023.0,nan,ARROW GLOBAL,BC PARTNERS,n.d.,Retournement,nan,,,,,,,,,,,,,
09 déc. 2024,NS GROUPE,France |,Conseil en gestion du patrimoine,nan,nan,nan,RHETORES FINANCE,FONDATEUR(S),10-15 M€,Spin Off,10-15,,,,,,,,,,,,,
09 déc. 2024,FREQUENCE (SURFPARK DE CANEJAN),France |,Structure portant le projet du premier surfpark de France,nan,nan,Tourisme,OXBOW,nan,0-20 M€,Amorçage (seed),0-20,,,,,,,,,,,,,
09 déc. 2024,BUREAU D'ETUDES GALATEA,France |,Expert dans la gestion de données environnementales complexes depuis les satellites.,nan,nan,Environnement & CleanTechs,ACRI IN,MANAGER(S),n.d.,M&A Corporate,n.d.,,,,,,,,,,,,,
09 déc. 2024,COSMOGEN,France |,Fabricant de packaging haut de gamme pour les produits cosmétiques et de parapharmacie (tubes,25,2024.0,Santé,WEINBERG CAPITAL PARTNERS,MBO+,20-50 M€,LBO Primaire,n.d.,,,,,,,,,,,,,
09 déc. 2024,ADES TECHNOLOGIES,France |,Spécialiste de l’étanchéité pneumatique et mécanique des fluides pour les secteurs du ferroviaire,7,2023.0,Produits & Services industriels,IMF (INDUSTRIE MECANIQU...,MANAGER(S),0-20 M€,Build-up,0-20,,,,,,,,,,,,,
09 déc. 2024,SKIWEBSHOP,Pays-Bas |,Pure player de la vente en ligne d'articles de sport de montagne (principalement textile hiver) mais également d’équipements et accessoires de ski,11,2024.0,nan,EKOSPORT,MANAGER(S),n.d.,Build-up international,n.d.,,,,,,,,,,,,,
09 déc. 2024,LES DOMAINES DE FONTENILLE (LDDF),France |,Groupe hôtelier comprenant un domaine viticole,30,2023.0,Tourisme,LVMH,nan,n.d.,Augmentation de capital,n.d.,,,,,,,,,,,,,
07 déc. 2024,EDICIA,France |,Éditeur de logiciels Saas de surveillance urbaine dédiés aux polices municipales (fonctionnalités allant du contrôle du stationnement à l’analyse intelligente des risques urbains),3,2024.0,Logiciel et services informatiques,HORIZONH,MANAGER(S),5-10 M€,Prise de participation,5-10,,,,,,,,,,,,,
06 déc. 2024,SOLAR ALLIANCE,Suisse |,Fournisseur des services d'ingénierie,nan,nan,nan,TSG,INVESTISSEUR(S) PRIVÉ(S),n.d.,Build-up international,n.d.,,,,,,,,,,,,,
06 déc. 2024,NUMERAL,France |,Éditeur d'un logiciel d'automatisation des paiements (de leur création à leur réconciliation),nan,nan,Logiciel et services informatiques,MAMBU,FONDATEUR(S),0-20 M€,M&A (Int'l),0-20,,,,,,,,,,,,,
06 déc. 2024,GROUPE CORELLIANCE,France |,Conseil en gestion de patrimoine et prévoyance,nan,nan,nan,CRYSTAL,FONDATEUR(S),20-50 M€,Build-up,20-50,,,,,,,,,,,,,
06 déc. 2024,ADSPERT,Allemagne |,Solutions technologiques pour optimiser les campagnes publicitaires numériques,nan,nan,Logiciel et services informatiques,MIRAKL,FONDATEUR(S),n.d.,M&A (Int'l),n.d.,,,,,,,,,,,,,
06 déc. 2024,SUPERBIEN (STUDIO S),France |,Studio spécialisé dans la conception et la production de contenus multimédias immersifs pour l’événementiel haut de gamme,nan,nan,Média,TRAIL (TRAIL CAPITAL),FONDATEUR(S),15-20 M€,Cession de titres,15-20,,,,,,,,,,,,,
05 déc. 2024,SLAT,France |,Concepteur et fabricant de d’alimentation électrique sans interruption et de composants de réseau pour des applications critiques des bâtiments (notamment systèmes de sécurité incendie,22,2023.0,Electronique & Informatique,GARIBALDI PARTICIPATIONS,CAPITEM PARTENAIRES,20-50 M€,LBO Ter,n.d.,,,,,,,,,,,,,
05 déc. 2024,CORHIZE,France |,Solutions d'aide au pilotage en irrigation agricole,nan,nan,Electronique & Informatique,WEENAT,FONDATEUR(S),0-5 M€,M&A Corporate,0-5,,,,,,,,,,,,,
05 déc. 2024,RED TECHNOLOGIES,France |,nan,nan,nan,Média,CONX CORP,KARISTA (EX CAPDECISIF ...,18.60 M€,M&A (Int'l),10-15,,,,,,,,,,,,,
05 déc. 2024,APSIA,France |,ESN spécialisée dans les solutions cloud : intégrateur de solutions SAP,22.50,2023.0,Logiciel et services informatiques,SHARP CORPORATION,MANAGER(S),20-50 M€,M&A Corporate                                            M&A (Int'l),20-50,,,,,,,,,,,,,
05 déc. 2024,A3M,France |,Fourniture et pose de menuiseries en site occupé pour l’habitat collectif,10,2024.0,Immobilier & construction,SIGMA,FONDATEUR(S),0-20 M€,MBI,0-20,,,,,,,,,,,,,
05 déc. 2024,ALYCE,France |,Fournisseur de services de collecte et traitement de données liées à la mobilité des personnes et véhicules,10.70,2023.0,Logiciel et services informatiques,ORAXYS,FONDATEUR(S),15-20 M€,LBO Primaire,5-10,,,,,,,,,,,,,
05 déc. 2024,TEAMTO,France |,Studio d’animation européen,nan,nan,Média,RIVA STUDIOS,FONDATEUR(S),2.90 M€,Retournement,nan,,,,,,,,,,,,,
05 déc. 2024,GASCOGNE,France |,Groupe industriel intégré dans l’ensemble de la chaîne Bois-Papier-Emballage (fourniture de papier kraft,411,2023.0,Produits & Services industriels,BIOLANDES TECHNOLOGIES,nan,n.d.,Augmentation de capital,nan,,,,,,,,,,,,,
05 déc. 2024,ELYSE ENERGY,France |,Production de molécules bas-carbone,nan,nan,nan,nan,n.d.,n.d.,Financement,nan,,,,,,,,,,,,,
04 déc. 2024,CILCARE,France |,Traitements contre la perte auditive précoce,nan,nan,nan,SHIONOGI & CO.,nan,20-50 M€,1er tour,nan,,,,,,,,,,,,,
04 déc. 2024,PULSE NEO FAMILY OFFICE,France |,Multi-family office,4,2023.0,nan,KEEPERS,FONDATEUR(S),0-5 M€,Participation minoritaire,0-5,,,,,,,,,,,,,
04 déc. 2024,CORPORATE SOFTWARE AG,Suisse |,Fournisseur de services et de conseil en informatique,4,2024.0,Logiciel et services informatiques,SPIE OPERATIONS (GROUPE...,FONDATEUR(S),0-5 M€,M&A (Int'l),0-5,,,,,,,,,,,,,
04 déc. 2024,YMAG,France |,Éditeur de progiciels pour les organismes de formation,21.70,2023.0,Logiciel et services informatiques,SEPTEO,INITIATIVE & FINANCE,150-250 M€,Build-up,nan,,,,,,,,,,,,,
04 déc. 2024,VSB GROUP (VSB HOLDING GMBH),Allemagne |,Développeur d'énergies renouvelables,nan,nan,nan,TOTAL ENERGIES (TOTALEN...,PARTNERS GROUP,n.d.,M&A (Int'l),n.d.,,,,,,,,,,,,,
04 déc. 2024,OPCORE,France |,Opérateur de data centers,nan,nan,Média,INFRAVIA CAPITAL PARTNERS,ILIAD,860 M€,M&A (Joint Venture),n.d.,,,,,,,,,,,,,
03 déc. 2024,PAY HUMAN GROUP,Mexique |,Gestion de la paie et conseil RH,nan,nan,Services & Conseil aux entreprises,HR PATH,n.d.,n.d.,Build-up international,n.d.,,,,,,,,,,,,,
03 déc. 2024,TIBBLOC,France |,Loueur de solutions énergétiques temporaires et services associés à la fourniture d'énergie (dont le transport,40,2024.0,nan,GIMV,CICLAD,110 M€,LBO Bis,n.d.,,,,,,,,,,,,,
03 déc. 2024,YSONUT,Espagne |,Laboratoire de compléments alimentaires et micronutrition (marques Inovance et Protéifine),30,2024.0,Santé,AREV PARTNERS,FONDATEUR(S),50-150 M€,MBO,n.d.,,,,,,,,,,,,,
03 déc. 2024,VIOLETTE_FR (MILIKA),États-Unis |,Marque de beauté positionnée à la fois sur des produits naturels et sophistiqués proposés à des prix relativement abordables pour une marque premium,nan,nan,Santé,SILAS CAPITAL,nan,n.d.,2e tour,20-50,,,,,,,,,,,,,
03 déc. 2024,2CFINANCE (2CGROUP),France |,Groupe de direction partagée (finance,24,2024.0,Services & Conseil aux entreprises,ANDERA PARTNERS,MANAGER(S),50-150 M€,LBO Primaire,n.d.,,,,,,,,,,,,,
03 déc. 2024,CIACAM,France |,Négoce et commercialisation de légumes secs,70,2023.0,nan,nan,n.d.,n.d.,Financement,0-20,,,,,,,,,,,,,
03 déc. 2024,BOXCO (GROWL),États-Unis |,Concepteur de sacs de frappe connectés avec un coach virtuel,nan,nan,Electronique & Informatique,SKIP CAPITAL,nan,0-20 M€,Amorçage (seed),nan,,,,,,,,,,,,,
02 déc. 2024,COSMO TECH,France |,Plateforme logicielle de modélisation des systèmes biologiques,nan,nan,Logiciel et services informatiques,INSIGHT PARTNERS,ASTER CAPITAL,n.d.,Cession de titres,n.d.,,,,,,,,,,,,,
02 déc. 2024,HAVILAND,France |,Manufacture de porcelaine,9.75,2023.0,Textile,BERNARDAUD,FINANCIERE SAINT-GERMAIN,n.d.,M&A Corporate,nan,,,,,,,,,,,,,
02 déc. 2024,LE MONDE D'AYDEN,Belgique |,Gestionnaire d’espaces de jeux inclusifs,1,2024.0,Tourisme,PHITRUST PARTENAIRES,nan,0-5 M€,Augmentation de capital,nan,,,,,,,,,,,,,
02 déc. 2024,SEVAL,France |,Acteur du levage qui  fabrique,nan,nan,Produits & Services industriels,nan,MANAGER(S),0-20 M€,MBI,0-20,,,,,,,,,,,,,
02 déc. 2024,NETQUEST,Espagne |,Solution logicielle pour la collecte de données dans les études de marché en ligne,25,2023.0,Logiciel et services informatiques,BILENDI (EX MAXIMILES),NIELSENIQ,20-50 M€,M&A Corporate,20-50,,,,,,,,,,,,,
02 déc. 2024,RVI BUREAU D'ETUDES FLUIDES,France |,Spécialisé en AMO et études techniques réglementaires.,1.50,2023.0,Immobilier & construction,GROUPE PLENETUDE,FONDATEUR(S),n.d.,M&A Corporate,n.d.,,,,,,,,,,,,,
02 déc. 2024,METACOMPLIANCE,Royaume-Uni |,Éditeur de logiciels de cybersécurité et de conformité,nan,nan,Logiciel et services informatiques,KEENSIGHT CAPITAL,TENZING,150-250 M€,LBO Primaire,150-250,,,,,,,,,,,,,
02 déc. 2024,LA  BERGERE,France |,Vente et achat de vins rares et grands crus classés pour les professionnels,22.12,2023.0,nan,360WINE,FONDATEUR(S),n.d.,M&A Corporate,nan,,,,,,,,,,,,,
02 déc. 2024,MEET MY MAMA,France |,École de cuisine,2,2023.0,nan,BNP PARIBAS ASSET MANAG...,nan,0-20 M€,1er tour,nan,,,,,,,,,,,,,
02 déc. 2024,COREDINATE,Allemagne |,Éditeur d'une solution cloud dédiée à l’optimisation des processus opérationnels des équipes terrain réalisant des patrouilles de surveillance,nan,nan,Logiciel et services informatiques,NOMADIA GROUP (GEOCONCE...,FONDATEUR(S),0-20 M€,Build-up international,0-20,,,,,,,,,,,,,
02 déc. 2024,ION-X,France |,Développement  d'un nouveau type de propulsion électrique basésur ElectroHydroDynamics (EHD) et destiné à des satellites de petites tailles,nan,nan,Automobile,TECHNOFOUNDERS,nan,20-50 M€,1er tour,nan,,,,,,,,,,,,,
02 déc. 2024,CONSOLIS,France |,Construction de produits en béton préfabriqués,1,2023.0,Immobilier & construction,CRÉANCIER(S),BAIN CAPITAL,n.d.,Retournement,nan,,,,,,,,,,,,,
02 déc. 2024,SEGEP FINANCE,France |,Conseil en gestion du patrimoine,nan,nan,nan,RHETORES FINANCE,FONDATEUR(S),0-5 M€,Build-up,0-5,,,,,,,,,,,,,
02 déc. 2024,COPENHAGEN OPTIMIZATION,Danemark |,Éditeur de logiciel Saas de gestion des aéroports visant à optimiser leurs opérations et les flux de passagers et de bagages,10,2023.0,Logiciel et services informatiques,INFRAVIA GROWTH EQUITY,BUSINESS ANGEL(S),50-150 M€,Augmentation de capital,20-50,,,,,,,,,,,,,
02 déc. 2024,GROUPE BEAUMONT-GUEZ,France |,Services funéraires,9,2023.0,Services & Biens de consommation,FUNECAP,CAPITAL CROISSANCE,20-50 M€,Build-up,20-50,,,,,,,,,,,,,
02 déc. 2024,ACTIFS GROUPE DRAGON,France |,É-commerce de pièces détachées pour l’électroménager et l’audiovisuel,14,2023.0,Internet & ecommerce,ECOPARTS,n.d.,0-5 M€,Retournement,n.d.,,,,,,,,,,,,,
02 déc. 2024,BUFFET CRAMPON,France |,Fabricant d'instruments à vent,110,2023.0,Services & Biens de consommation,ALCOPA,TRAIL (TRAIL CAPITAL),150-250 M€,LBO Primaire,n.d.,,,,,,,,,,,,,
02 déc. 2024,VIC GMBH (VERKEHRS- UND INGENIEUR...,Allemagne |,Services d'ingénierie (inspection,nan,nan,Services & Conseil aux entreprises,INFRANEO,MANAGER(S),0-20 M€,Build-up international,0-20,,,,,,,,,,,,,
30 nov. 2024,STELLO,France |,Courtier d'assurance en ligne pour les TPE et travailleurs indépendants,nan,nan,nan,ODEALIM,FONDATEUR(S),0-20 M€,Build-up,n.d.,,,,,,,,,,,,,
30 nov. 2024,BIO HABITAT,France |,Fabrication de mobil-homes pour le secteur de l’hôtellerie de plein air (incluant les marques O'HARA,320,2023.0,Produits & Services industriels,GROUPE TRIGANO,BENETEAU,250-500 M€,M&A Corporate,250-500,,,,,,,,,,,,,
30 nov. 2024,ACTIVITÉS KISSKISSBANKBANK,France |,Activités KissKissBankBank.com : Fintech : plateforme de crowdfunding.,12,2023.0,Internet & ecommerce,ULULE,ACTIVITE CROWDFUNDING D...,0-20 M€,Carve-out,0-20,,,,,,,,,,,,,
29 nov. 2024,MY-SERIOUS-GAME,France |,Formation numérique sur mesure,2,2023.0,Internet & ecommerce,MAINBOT,FONDATEUR(S),0-20 M€,Retournement,0-20,,,,,,,,,,,,,
29 nov. 2024,TERANGA SOFTWARE,France |,Logiciels à destination des EPHAD,25,2024.0,Logiciel et services informatiques,ORISHA,EXTENS,150-250 M€,Build-up,150-250,,,,,,,,,,,,,
29 nov. 2024,QUIET-OCEANS,France |,Spécialiste de l’acoustique sous-marine développant des solutions de surveillance,nan,nan,Environnement & CleanTechs,GROUPE CLS,FONDATEUR(S),0-20 M€,Build-up,0-20,,,,,,,,,,,,,
29 nov. 2024,DECLEOR,France |,Aromathérapie et huiles essentielles,nan,nan,Santé,COSPAL,L'OREAL,0-20 M€,Carve-out,0-20,,,,,,,,,,,,,
29 nov. 2024,BENEFICIO FACIL,Brésil |,Avantages liés à la mobilité des salariés,nan,nan,Services & Conseil aux entreprises,PLUXEE,n.d.,n.d.,M&A (Int'l),n.d.,,,,,,,,,,,,,
29 nov. 2024,ORIENT'HAL MARKET,France |,Distribution de produits carnés Halal,20,2024.0,nan,nan,FONDATEUR(S),10-15 M€,MBO,10-15,,,,,,,,,,,,,
29 nov. 2024,PATHWAY,France |,Moteur analytique Saas B2B,5.80,2023.0,Logiciel et services informatiques,TQ VENTURES,nan,20-50 M€,1er tour,nan,,,,,,,,,,,,,
29 nov. 2024,BISCABOIS,France |,Concepteur-fabricant de terrasses en bois pour mobil-homes et d’aménagements extérieurs pour l’hôtellerie de plein air,20,2024.0,Immobilier & construction,TROCADERO CAPITAL PARTNERS,FONDATEUR(S),20-50 M€,MBO,20-50,,,,,,,,,,,,,
29 nov. 2024,FAIRWAYS GARANTIES,France |,Solution logicielle de gestion des cautions et garanties pour les entreprises et les institutions financières (activité développée en interne par France Active),nan,nan,Logiciel et services informatiques,DIAPASON,FINANCE ACTIVE,0-5 M€,Carve-out,0-5,,,,,,,,,,,,,
29 nov. 2024,KAPSERA,France |,Deeptech développant une technologie de microencapsulation des principes actifs naturels pour les milieux agricole et agro-alimentaire,nan,nan,nan,BANQUE DES TERRITOIRES,nan,0-20 M€,1er tour,nan,,,,,,,,,,,,,
29 nov. 2024,MONEY FLOW,France |,Recouvrement de créances amiables et judiciaires,0.84,2023.0,nan,IN EXTENSO,n.d.,0-5 M€,M&A Corporate,0-5,,,,,,,,,,,,,
29 nov. 2024,OMNIDOC,France |,Solution de téléexpertise à destination des médecins libéraux et des établissements de santé,2,2023.0,Logiciel et services informatiques,ALVEN,nan,20-50 M€,1er tour,nan,,,,,,,,,,,,,
29 nov. 2024,PAM BUILDING,France |,Conception,110,2023.0,Immobilier & construction,ALDEBARAN CAPITAL PARTNERS,SAINT-GOBAIN,50-150 M€,Spin Off,n.d.,,,,,,,,,,,,,
28 nov. 2024,RADIOLOGIE PARIS OUEST (RPO),France |,Groupe d'imagerie médicale (réseau de centres de radiologie générale et spécialisée),20,2023.0,Santé,CENTRE IMAGERIE MEDICAL...,AZULIS CAPITAL,50-150 M€,Build-up,20-50,,,,,,,,,,,,,
28 nov. 2024,SMARTVISER,France |,Solutions d’évaluation de la performance des systèmes de télécommunication,2,2023.0,Logiciel et services informatiques,ANRITSU CORPORATION,FONDATEUR(S),0-20 M€,M&A (Int'l),n.d.,,,,,,,,,,,,,
28 nov. 2024,ABALON CONSULTING,France |,Société de conseil spécialisée dans l'accompagnement des entreprises pour l'adoption et l'optimisation de l'écosystème Microsoft 365 et de la Power Platform,5,2024.0,Logiciel et services informatiques,AEROW,FONDATEUR(S),0-20 M€,Build-up,0-20,,,,,,,,,,,,,
28 nov. 2024,GROUPE PERFORMER,France |,Distributeur de machines-outils à commande numérique,52,2024.0,Produits & Services industriels,nan,ACTIONNAIRES HISTORIQUES,n.d.,Refinancement,nan,,,,,,,,,,,,,
28 nov. 2024,LA MAISON DE LA NOISETTE,France |,Musée dédié à la noisette,nan,nan,nan,nan,ACTIONNAIRES FAMILIAUX,0-5 M€,M&A Corporate,0-5,,,,,,,,,,,,,
28 nov. 2024,AMERIGO GROUP,France |,Négociant de pièces automobiles auprès des distributeurs de pièces détachées,90,2024.0,Automobile,SOCIETE GENERALE CAPITA...,MANAGER(S),20-50 M€,MBO Bis,0-20,,,,,,,,,,,,,
28 nov. 2024,TMC,Pays-Bas |,Cabinet de conseil en technologie et en R&D,275,2024.0,Services & Conseil aux entreprises,APHEON (EX ERGON CAPITAL),APHEON (EX ERGON CAPITAL),n.d.,Cession secondaire,n.d.,,,,,,,,,,,,,
28 nov. 2024,HAUDECOEUR,France |,Importateur et distributeur de produits d'épicerie orientaux et africains (dont marques Samia,280,2024.0,nan,APHEON (EX ERGON CAPITAL),APHEON (EX ERGON CAPITAL),440 M€,Cession secondaire,n.d.,,,,,,,,,,,,,
28 nov. 2024,BIZKOR,France |,Agence de conseil et d'intégration spécialisée dans les solutions CRM Salesforce.,2,2024.0,Logiciel et services informatiques,AEROW,FONDATEUR(S),0-20 M€,Build-up,0-20,,,,,,,,,,,,,
27 nov. 2024,NATURE ET RESIDENCE LOISIRS,France |,Hôtellerie de Plein Air,nan,nan,Tourisme,123 IM,FONDATEUR(S),20-50 M€,Augmentation de capital,nan,,,,,,,,,,,,,
27 nov. 2024,E-PORT ELEKTROTECHNIK,Autriche |,Spécialiste des systèmes photovoltaïques,nan,nan,nan,TSG,INVESTISSEUR(S) PRIVÉ(S),n.d.,Build-up international,n.d.,,,,,,,,,,,,,
27 nov. 2024,CGLASS.CH,Suisse |,Garde-corps en verre,nan,nan,Produits & Services industriels,CEVINO GLASS,FONDATEUR(S),0-5 M€,Build-up international,0-5,,,,,,,,,,,,,
27 nov. 2024,DR SCHUTZ,Allemagne |,Rénovation et entretien de tous types de sols,nan,nan,Produits & Services industriels,BLANCHON,MANAGER(S),n.d.,Build-up international,n.d.,,,,,,,,,,,,,
27 nov. 2024,ODYSSEE TECHNOLOGIES,France |,Fabricant de pièces métalliques pour des ensembles mécaniques destinés à l’aéronautique,18.80,2023.0,Produits & Services industriels,EURONEXT GROWTH (EX ALT...,n.d.,27.50 M€,IPO,nan,,,,,,,,,,,,,
27 nov. 2024,LACTIPS,France |,Fabrication d'un bioplastique soluble et comestible,nan,nan,Environnement & CleanTechs,SWEN CAPITAL PARTNERS,nan,20-50 M€,3e tour,nan,,,,,,,,,,,,,
27 nov. 2024,IKORY ASSET MANAGEMENT,France |,Gestionnaire d'actifs immobiliers,nan,nan,nan,DOORFEED,IKORY,0-20 M€,Spin Off,0-20,,,,,,,,,,,,,
26 nov. 2024,ARTHRITIS4CURE,France |,Développer une plateforme de nouveaux biomédicaments de rupture pour guérir la Polyarthrite Rhumatoïde (PR) et d’autres maladies auto-immunes (MAI).,nan,nan,nan,ARTHRITIS RECHERCHE & D...,nan,0-20 M€,Amorçage (seed),nan,,,,,,,,,,,,,
26 nov. 2024,ARMOR LUX,France |,Prêt à porter,119,2023.0,Textile,UNEXO,nan,50-150 M€,Augmentation de capital,0-20,,,,,,,,,,,,,
26 nov. 2024,E2MS,Belgique |,Conception,nan,nan,nan,TSG,INVESTISSEUR(S) PRIVÉ(S),n.d.,Build-up international,n.d.,,,,,,,,,,,,,
26 nov. 2024,PRONADIS,France |,Grossiste de produits issus de l'agriculture biologique,88,2023.0,nan,ORGANIC ALLIANCE,MANAGER(S),0-5 M€,Retournement,nan,,,,,,,,,,,,,
26 nov. 2024,BIOLEVATE,France |,Gestion des documents médicaux via l'intelligence artificielle,nan,nan,Logiciel et services informatiques,EQT,nan,n.d.,Amorçage (seed),nan,,,,,,,,,,,,,
26 nov. 2024,ATOUT-BOX,France |,Spécialiste du self-stockage et services additionnels (coworking pour les professionnels,5.18,2023.0,nan,ARDIAN REAL ESTATE,FONDATEUR(S),50-150 M€,Augmentation de capital,n.d.,,,,,,,,,,,,,
26 nov. 2024,LIGHTON,France |,Spécialisée dans l'IA générative,8,2023.0,Logiciel et services informatiques,EURONEXT GROWTH (EX ALT...,n.d.,50-150 M€,IPO,nan,,,,,,,,,,,,,
26 nov. 2024,ZP BETTER TOGETHER (ZVRS - ZP),États-Unis |,Spécialiste des solutions linguistiques destinées aux personnes sourdes et malentendantes à travers une offre combinant des plateformes technologiques et des interprètes,219,2024.0,Services & Conseil aux entreprises,TELEPERFORMANCE,KINDERHOOK INDUSTRIES,467 M€,M&A (Int'l),n.d.,,,,,,,,,,,,,
26 nov. 2024,ECOPARTS,France |,Vente en ligne de pièces détachées pour l'électroménager,nan,nan,Services & Biens de consommation,STARQUEST,n.d.,50-150 M€,LBO Primaire,n.d.,,,,,,,,,,,,,
26 nov. 2024,IRIS (EX GROUPE SDS),France |,Distribution B2B pièces détachées pour électroménager,31,2023.0,nan,ECOPARTS,BEE UP CAPITAL (VOIR NA...,20-50 M€,Build-up,20-50,,,,,,,,,,,,,
26 nov. 2024,AMPECO,Bulgarie |,Fournisseurs de plateformes logicielles de gestion de la recharge de véhicules électriques,nan,nan,Logiciel et services informatiques,REVAIA,nan,50-150 M€,2e tour,nan,,,,,,,,,,,,,
26 nov. 2024,ARKOLIA ENERGIES,France |,Opérateur des énergies renouvelables,220,2024.0,nan,MIROVA,BPIFRANCE INVESTISSEMENT,n.d.,Augmentation de capital,nan,,,,,,,,,,,,,
26 nov. 2024,KAI,France |,Gestion des connaissances basée sur l'IA,nan,nan,Logiciel et services informatiques,SEED4SOFT,nan,0-20 M€,Amorçage (seed),nan,,,,,,,,,,,,,
26 nov. 2024,FORWARD GLOBAL,France |,Cabinet de conseil en intelligence économique (lutte fraude,100,2024.0,Services & Conseil aux entreprises,BRIDGEPOINT DEVELOPMENT...,RAISE,210 M€,LBO Bis,n.d.,,,,,,,,,,,,,
25 nov. 2024,UPTALE,France |,Éditeur de logiciels de création de modules de formation immersive,nan,nan,Logiciel et services informatiques,ARKEA CAPITAL,nan,20-50 M€,1er tour,nan,,,,,,,,,,,,,
25 nov. 2024,PT CITRA PEMBINA PENGANGKUTAN IND...,Indonésie |,- PT SCN gère le port de Citranusa Kabil,nan,nan,nan,CKB LOGISTICS,VALLOUREC,20 M€,M&A (Int'l),nan,,gestion de la chaîne d'approvisionnement,,,,,,,,,,,
25 nov. 2024,RAIDIUM,France |,Medtech à l’origine d’une nouvelle génération d’IA pour la radiologie de précision (modèle « fondation » d'intelligence artificielle de grande taille,nan,nan,Logiciel et services informatiques,NEWFUND,nan,30 M€,Amorçage (seed),nan,,,,,,,,,,,,,
25 nov. 2024,BIOMEMORY,France |,Deeptech proposant des solutions,nan,nan,nan,CREDIT MUTUEL INNOVATION,nan,50-150 M€,1er tour,nan,,,,,,,,,,,,,
25 nov. 2024,METRON,France |,Cleantech spécialisée dans l'optimisation énergétique qui développe des solutions digitales pour aider les entreprises industrielles à optimiser et réduire leur consommation énergétique et donc leur empreinte carbone,nan,nan,Logiciel et services informatiques,GET FUND (GREEN EUROPEA...,nan,50-150 M€,5e tour,nan,,,,,,,,,,,,,
25 nov. 2024,OPTYM-HA,France |,Entreprise de nettoyage de filtres à particules et régénération d’échappements et batteries pour les bus et cars,11,2024.0,Produits & Services industriels,ALBAREST PARTNERS,FONDATEUR(S),0-20 M€,LBO Primaire,n.d.,,,,,,,,,,,,,
25 nov. 2024,LES THERMES DE SAINT GERVAIS LES ...,France |,Station thermale,nan,nan,Tourisme,COSPAL,L'OREAL,0-20 M€,M&A Corporate,0-20,,,,,,,,,,,,,
25 nov. 2024,DEVIALET,France |,Fabricant d'enceintes et autres produits acoustiques haut de gamme,nan,nan,Electronique & Informatique,KORELYA CAPITAL,nan,n.d.,7e tour,nan,,,,,,,,,,,,,
25 nov. 2024,ORAKL ONCOLOGY,France |,Oncologie de précision : plateforme de simulation des tumeurs aidant au développement médicamenteux,nan,nan,Logiciel et services informatiques,SINGULAR CAPITAL PARTNE...,nan,n.d.,Amorçage (seed),5-10,,,,,,,,,,,,,
25 nov. 2024,WALOR BOGNY,France |,Usinage et décolletage de pièces mécaniques.,nan,nan,Produits & Services industriels,FORGEX FRANCE,WALOR INTERNATIONAL,0-5 M€,Retournement,0-20,,,,,,,,,,,,,
22 nov. 2024,INTERACTIVE WORKSHOPS,Royaume-Uni |,Organisme de formation spécialisé dans les solutions de formation sur-mesure,nan,nan,Services & Conseil aux entreprises,CEGOS,ACTIONNAIRES HISTORIQUES,n.d.,Build-up international,n.d.,,,,,,,,,,,,,
22 nov. 2024,MEDICIA GESTION PRIVÉE,France |,Cabinet de conseil en gestion de patrimoine,nan,nan,nan,CYRUS/MAISON HEREZ,FONDATEUR(S),n.d.,Build-up,n.d.,,,,,,,,,,,,,
21 nov. 2024,SYROCO,France |,Éditeur d'un logiciel d'optimisation de l’efficacité opérationnelle et énergétique des navires commerciaux,nan,nan,Logiciel et services informatiques,ALTER EQUITY,nan,0-20 M€,1er tour,nan,,,,,,,,,,,,,
21 nov. 2024,SOFIAC,Canada |,Accompagnement des entreprises des secteurs tertiaire et industriel dans leur transition énergétique en prenant à charge des investissements requis pour accroître l’efficacité énergétique de leurs bâtiments,nan,nan,nan,nan,n.d.,n.d.,Financement,nan,,,,,,,,,,,,,
21 nov. 2024,FAIRCRAFT,France |,Biotech à l'origine d'un procédé de synthèse de cuir organique,nan,nan,nan,KINDRED VENTURES,nan,20-50 M€,1er tour,nan,,,,,,,,,,,,,
21 nov. 2024,ACOM INDUSTRIAL M&A,France |,Conseil M&A,nan,nan,nan,XYLOCORP,ACOM CONSEIL,n.d.,M&A Corporate,n.d.,,,,,,,,,,,,,
21 nov. 2024,NAVIGACOM,France |,Conseil en réseaux & télécommunication,9.92,2023.0,Logiciel et services informatiques,MERITIS,FONDATEUR(S),0-20 M€,Build-up,n.d.,,,,,,,,,,,,,
21 nov. 2024,CUVELIER,France |,Spécialiste des installations temporaires de chantiers : location-vente de grues à montage automatisé,7,2024.0,Immobilier & construction,GROUPE BTC (PIAZZA COFF...,MANAGER(S),10-15 M€,Build-up,10-15,,,,,,,,,,,,,
20 nov. 2024,TOTEM,France |,Développement d'une solution innovante de magasins autonomes dans le domaine de la restauration d'entreprise via des armoires réfrigérées connectées,4,2023.0,Tourisme,NEOCORNER (NSEDA),MAKI VENTURES (MAKI.VC),0-5 M€,Retournement,0-5,,,,,,,,,,,,,
20 nov. 2024,NIVIMU,Espagne |,Éditeur de logiciels RH,nan,nan,Logiciel et services informatiques,SEPTEO,FONDATEUR(S),0-20 M€,Build-up international,0-20,,,,,,,,,,,,,
20 nov. 2024,MG2MIX,France |,Conception et fabrication de prémix et de minéraux destinés à l’alimentation animale,70,2024.0,nan,CEREA PARTNERS,MANAGER(S),50-150 M€,Sponsorless,n.d.,,,,,,,,,,,,,
20 nov. 2024,KYOTHERM,France |,Spécialiste de la décarbonation des sites industriels et des bâtiments tertiaires : développement et financement de projets liés à la chaleur renouvelable,35,2023.0,nan,INFRAVIA CAPITAL PARTNERS,NORIA (TIBI FIDO),n.d.,Augmentation de capital,250-500,,,,,,,,,,,,,
20 nov. 2024,SACHA STRATEGY,France |,Solutions Saas destinées à optimiser les stratégies d'achats,nan,nan,Logiciel et services informatiques,OXALYS,MANAGER(S),0-5 M€,Build-up,0-5,,,,,,,,,,,,,
20 nov. 2024,WALLY (WALLY INVEST),France |,Éditeur d'une solution en ligne d'investissement immobilier en club-deal,nan,nan,Internet & ecommerce,50 PARTNERS CAPITAL,nan,5-10 M€,Amorçage (seed),nan,,,,,,,,,,,,,
20 nov. 2024,BFORE.AI,France |,Solutions logicielles de cybersécurité prédictives,nan,nan,Logiciel et services informatiques,TITANIUM VENTURES,nan,100 M€,3e tour,nan,,,,,,,,,,,,,
20 nov. 2024,YUNOO,Royaume-Uni |,Éditeur d'une application permettant de générer un site de vente instantanément dans des systèmes de gestion de formation (LMS),nan,nan,Logiciel et services informatiques,RISE UP,FONDATEUR(S),0-20 M€,M&A (Int'l),0-20,,,,,,,,,,,,,
20 nov. 2024,MEDIASPECS,Belgique |,Agences de la publicité,nan,nan,Média,ADWANTED,FONDATEUR(S),0-20 M€,M&A (Int'l),0-20,,,,,,,,,,,,,
19 nov. 2024,WECASA,France |,Place de marché de réservation de services à domicile,nan,nan,Internet & ecommerce,SERENA CAPITAL,nan,50-150 M€,3e tour,nan,,,,,,,,,,,,,
19 nov. 2024,LISAN FINANCE (EX ASC CONSULTING),France |,Cabinet de direction administrative et financière (DAF) externalisée pour sociétés innovantes,nan,nan,nan,nan,FONDATEUR(S),0-20 M€,Reprise Management,0-20,,,,,,,,,,,,,
19 nov. 2024,QUICK,Belgique |,Chaîne de fast-food,415,2023.0,Tourisme,nan,n.d.,n.d.,Refinancement,n.d.,,,,,,,,,,,,,
19 nov. 2024,GREMTEK,France |,Distributeur de gaines de protection pour les câbles et tuyaux,10.60,2023.0,Produits & Services industriels,GROUPE BAELEN,INTERCONNECT SOLUTIONS ...,n.d.,M&A (Int'l),n.d.,,,,,,,,,,,,,
19 nov. 2024,CHATEAU VIRANT,France |,Vin et huile AOP en Aix-en-Provence,10,2023.0,nan,IDIA CAPITAL INVESTISSE...,ACTIONNAIRES FAMILIAUX,20-50 M€,MBI,n.d.,,,,,,,,,,,,,
19 nov. 2024,SOCIUM,France |,Éditeur d'une suite complète de logiciels de gestion RH,nan,nan,Logiciel et services informatiques,BREEGA,nan,0-20 M€,1er tour,nan,,,,,,,,,,,,,
19 nov. 2024,HAPPYDEMICS,France |,Éditeur d'une solution de mesure d’efficacité publicitaire,nan,nan,Logiciel et services informatiques,WILLE FINANCE AG,nan,42 M€,4e tour,nan,,,,,,,,,,,,,
19 nov. 2024,SUD LOIRE PREVENTION,France |,Spécialisé dans les vérifications réglementaires et la gestion de la sécurité des installations et équipements.,1.50,2023.0,Services & Conseil aux entreprises,nan,FONDATEUR(S),n.d.,M&A Corporate,n.d.,,,,,,,,,,,,,
19 nov. 2024,AGORIZE,France |,Édition d'outils de gestion des challenges d’innovation et de la génération d’idées.,nan,nan,Logiciel et services informatiques,BLOOMFLOW (LATEAM AI),MANAGER(S),n.d.,Sortie M&A Corporate,n.d.,,,,,,,,,,,,,
18 nov. 2024,ULTRA SUPPORT,Royaume-Uni |,Maintenance de matériel informatique et gestion de projets informatiques pour entreprises,5,2023.0,Electronique & Informatique,EVERNEX,FONDATEUR(S),0-20 M€,Build-up international,0-20,,,,,,,,,,,,,
18 nov. 2024,SINEQUA,France |,Éditeur d'un moteur de recherche d'entreprise augmenté par l'intelligence artificielle,40,2024.0,Logiciel et services informatiques,CHAPSVISION,MANAGER(S),50-150 M€,Build-up,50-150,,,,,,,,,,,,,
18 nov. 2024,NOXANT,France |,Caméras infrarouges refroidies hautes performances.,12,2023.0,Electronique & Informatique,EXOSENS (EX PHOTONIS),n.d.,0-20 M€,M&A Corporate,n.d.,,,,,,,,,,,,,
18 nov. 2024,ODAIJI,France |,Éditeur d'une solution pour la gestion des consultations disposant de la certification Ségur,nan,nan,Internet & ecommerce,MADEFORMED,FONDATEUR(S),0-5 M€,M&A Corporate,0-5,,,,,,,,,,,,,
18 nov. 2024,SEIZA,France |,Plateforme d’automatisation du recrutement 100% dédiée aux métiers de terrain,nan,nan,Logiciel et services informatiques,ADZUNA,MANAGER(S),n.d.,M&A (Int'l),n.d.,,,,,,,,,,,,,
18 nov. 2024,SEPTEO,France |,Édition de logiciels,420,2024.0,Logiciel et services informatiques,TETHYS INVEST,FONDATEUR(S),3 000 M€,LBO Ter,n.d.,,,,,,,,,,,,,
18 nov. 2024,MAGO,France |,Transformation et stylisation de vidéos grâce à l’IA générative pour les industries créatives,nan,nan,Logiciel et services informatiques,ATLANTIC LABS,nan,0-20 M€,Amorçage (seed),nan,,,,,,,,,,,,,
18 nov. 2024,LAMIDEY NOURY MEDICAL,France |,fabricant français d’instruments électrochirurgicaux,13.60,2024.0,Produits Pharmaceutiques & matériel médical,HALMA,MANAGER(S),50-150 M€,M&A (Int'l),nan,,,,,,,,,,,,,
18 nov. 2024,QPLIX,Allemagne |,Éditeur d'un logiciel de gestion de patrimoine pour les family offices et les banques privées,nan,nan,Logiciel et services informatiques,PARTECH,MANAGER(S),50-150 M€,2e tour,nan,,,,,,,,,,,,,
18 nov. 2024,PRUNA AI,France |,Éditeur d'un logiciel d'optimisation de l'IA par la simplification du code et la rationalisation des modèles,nan,nan,Logiciel et services informatiques,EQT,nan,0-20 M€,Amorçage (seed),nan,,,,,,,,,,,,,
18 nov. 2024,CHAPSVISION,France |,Éditeur de logiciels de gestion des données pour entreprises et entités publiques,200,2023.0,Logiciel et services informatiques,QUALIUM INVESTISSEMENT,nan,500-1000 M€,Augmentation de capital,nan,,,,,,,,,,,,,
15 nov. 2024,AUDIT CONSEILS,France |,Cabinet de conseil en expertise-comptable,nan,nan,Services & Conseil aux entreprises,KEROGO FINANCE (DONT KE...,MANAGER(S),0-20 M€,Build-up,0-20,,,,,,,,,,,,,
15 nov. 2024,ECOLE SUPERIEURE DE JOURNALISME D...,France |,École de journalisme,2,2023.0,Services & Biens de consommation,FINANCIERE DE LA LANCE,MANAGER(S),0-5 M€,M&A Corporate,0-5,,,,,,,,,,,,,
15 nov. 2024,AQEMIA,France |,"Solution technologique de recherche de nouvelles molécules ""candidats-médicaments"" pour l'industrie pharmaceutique",nan,nan,nan,CATHAY CAPITAL,nan,n.d.,3e tour,nan,,,,,,,,,,,,,
15 nov. 2024,AIA SPORTS,France |,Analyse de données sportives,nan,nan,Logiciel et services informatiques,nan,nan,5 M€,Amorçage (seed),nan,,,,,,,,,,,,,
15 nov. 2024,ACTILAS / ACTIJET,France |,Spécialisée dans la découpe de matériaux métalliques (acier,3.50,2022.0,Produits & Services industriels,nan,MANAGER(S),n.d.,Sponsorless,n.d.,,,,,,,,,,,,,
15 nov. 2024,OLIFAN GROUP,France |,Conseil en gestion de patrimoine (CGP),25,2024.0,nan,SEVEN2 DEVELOPMENT (EX ...,BLACKFIN CAPITAL PARTNERS,50-150 M€,LBO Bis,n.d.,,,,,,,,,,,,,
15 nov. 2024,DEEPLIFE,France |,Éditeur d'une solution de simulation des cellules humaines aidant à la recherche en biologie (création de jumeaux numériques de cellules afin d’accélérer la découverte de médicaments,nan,nan,Logiciel et services informatiques,YZR CAPITAL,nan,20-50 M€,1er tour,nan,,,,,,,,,,,,,
15 nov. 2024,ROBERTET,France |,Fabricant de matières premières pour la beauté (parfums),720,2023.0,Santé,ISALT - INVESTISSEMENT ...,DSM-FIRMENICH,2 000 M€,Cession de titres,nan,,,,,,,,,,,,,
15 nov. 2024,NEBEST ADVIESGROEP,Pays-Bas |,Services d’inspection,40,2024.0,Services & Conseil aux entreprises,INFRANEO,MANAGER(S),20-50 M€,Build-up international,20-50,,,,,,,,,,,,,
15 nov. 2024,LA POSTE TELECOM,France |,Opérateur réseau mobile virtuel,300,2023.0,Média,BOUYGUES TELECOM,GROUPE LA POSTE,963.40 M€,M&A Corporate,nan,,,,,,,,,,,,,
15 nov. 2024,I-TRACING,France |,ESN de cybersécurité : one stop shop de la sécurité en ligne,115,2023.0,Logiciel et services informatiques,EURAZEO SMALL-MID,EURAZEO SMALL-MID,500 M€,LBO Ter,nan,,,,,,,,,,,,,
14 nov. 2024,CRECHE AND GO,France |,Réseau de micro-crèches,17,2023.0,Services & Biens de consommation,BABILOU FAMILY,ACTIONNAIRES FAMILIAUX,0-20 M€,Build-up,0-20,,,,,,,,,,,,,
14 nov. 2024,LES LABORATOIRES OSTEAL MEDICAL (...,France |,Concepteur,nan,nan,Produits Pharmaceutiques & matériel médical,X.NOV,MANAGER(S),0-20 M€,M&A Corporate,0-20,,,,,,,,,,,,,
14 nov. 2024,LOGIC DESIGN,France |,Agence d'accompagnement d'entreprise du secteur agro-alimentaire et de grande consommation dans la création de stratégie et d’identité de marque,5,2023.0,Média,SYNEIDO (EX DPS),FONDATEUR(S),0-20 M€,Build-up,0-20,,,,,,,,,,,,,
14 nov. 2024,FILOSOFT,Portugal |,Éditeur de solutions de facturation,1,2024.0,Logiciel et services informatiques,ISAGRI,FONDATEUR(S),0-5 M€,M&A (Int'l),nan,,,,,,,,,,,,,
13 nov. 2024,GNOMON,États-Unis |,Établissement d’enseignement supérieur spécialisé dans les effets visuels (VFX),30,2023.0,Services & Biens de consommation,GROUPE EDH,MANAGER(S),20-50 M€,Build-up international,20-50,,,,,,,,,,,,,
13 nov. 2024,CROWLINGO,France |,Éditeur d'une application de social listening et de veille multilingue du secteur de l’OSINT,nan,nan,Logiciel et services informatiques,SAHAR,n.d.,0-20 M€,Build-up,0-20,,,,,,,,,,,,,
13 nov. 2024,MAGRI (EX ACTIFS DE MAGRI ET RÉSE...,France |,Fabrication de portes techniques en bois stratifiés ou pré-peints et de huisseries en bois,30,2023.0,Immobilier & construction,SOGAL (GROUPE CMAI),KEYOR (VOIR MAGRI - EX ...,0-5 M€,Retournement,0-5,,,,,,,,,,,,,
13 nov. 2024,RMAN SYNC,France |,Éditeur d'un logiciel d'optimisation des chaînes logistiques grâce au deep learning (IA),nan,nan,Logiciel et services informatiques,CAISSE D'EPARGNE NORMAN...,nan,0-5 M€,1er tour,nan,,,,,,,,,,,,,
13 nov. 2024,MEDIAIRE,France |,Éditeur d'un logiciel d'analyse des images d'IRM grâce à l'IA,nan,nan,Logiciel et services informatiques,LBO FRANCE,nan,20-50 M€,1er tour,nan,,,,,,,,,,,,,
13 nov. 2024,MONEY WALKIE,France |,Concepteur d'une solution de paiement pour adolescents et enfants (porte-monnaie sans contact),1.20,2023.0,nan,GROUPE BPCE,nan,0-20 M€,3e tour,nan,,,,,,,,,,,,,
13 nov. 2024,LYSI,France |,Cabinet de conseil en stratégie durable,nan,nan,nan,MORTIER & ASSOCIÉS,FONDATEUR(S),n.d.,M&A Corporate,n.d.,,,,,,,,,,,,,
13 nov. 2024,ACTIVITÉS DE TRANSPORT DE DELAVEN...,France |,Activités de transport de la société Delavenne Transports,nan,nan,nan,AB TEXEL FRANCE,DELAVENNE TRANSPORTS,n.d.,Carve-out,n.d.,,,,,,,,,,,,,
13 nov. 2024,VIBLY,France |,Application facilitant la gestion et la communication de la vie étudiante,nan,nan,Internet & ecommerce,nan,nan,0-5 M€,Amorçage (seed),nan,,,,,,,,,,,,,
12 nov. 2024,ALENTIS THERAPEUTICS,Suisse |,Biotech qui développe des ADC (anticorps conjugués à des médicaments) ciblant la protéine Claudin-1 (CLDN1) pour traiter différents cancers et fibroses,nan,nan,nan,ORBIMED,nan,n.d.,4e tour,nan,,,,,,,,,,,,,
12 nov. 2024,URBAN WALL,Italie |,Salle d'escalade à Milan de 2500 m2,nan,nan,Tourisme,CLIMBING DISTRICT,MANAGER(S),0-20 M€,Build-up international,0-20,,,,,,,,,,,,,
12 nov. 2024,RYAM BIONOVA,États-Unis |,Producteur de biomatériaux et notamment de bioéthanol de deuxième génération (fabriqué à partir de bois) ainsi que de prébiotiques,nan,nan,nan,SWEN CAPITAL PARTNERS,nan,152 M€,Augmentation de capital,nan,,,,,,,,,,,,,
12 nov. 2024,GROUPE G3 (G3 CONCEPTS,France |,Négoce de matériels (cuisine,35,2023.0,Produits & Services industriels,HENCO,MANAGER(S),15-20 M€,Build-up,n.d.,,,,,,,,,,,,,
12 nov. 2024,JOKENATION,France |,Projets audiovisuels et culturels,13,2023.0,Tourisme,IRD INVEST,nan,0-20 M€,Augmentation de capital,nan,,,,,,,,,,,,,
12 nov. 2024,OASYS & COMPAGNIE,France |,Conseil en ressources humaines et accompagnement des transitions professionnelles,80,2023.0,Services & Conseil aux entreprises,SIACI SAINT HONORE (DIO...,FONDATEUR(S),50-150 M€,Build-up,n.d.,,,,,,,,,,,,,
12 nov. 2024,TRACE FOR GOOD,France |,Éditeur d'une plateforme permettant aux entreprises de mieux gérer les données de traçabilité et de conformité de la chaîne d'approvisionnement,nan,nan,Logiciel et services informatiques,HI INOV - DENTRESSANGLE,nan,10-15 M€,1er tour,nan,,,,,,,,,,,,,
12 nov. 2024,SAVEL,France |,Transformateur et distributeur d’espèces de volailles de niche (notamment le coquelet,130,2023.0,nan,UNEXO,ACTIONNAIRES FAMILIAUX,50-150 M€,LBO Primaire,0-20,,,,,,,,,,,,,
12 nov. 2024,NOUVELLES ENERGIES HYDRAULIQUES (...,France |,Développeur,nan,nan,nan,HYDROCOP,BANQUE DES TERRITOIRES,50-150 M€,M&A Corporate,50-150,,,,,,,,,,,,,
12 nov. 2024,YAMPA,France |,Concepteur d’agents autonomes alimentés en intelligence artificielle pour la relation client,nan,nan,Logiciel et services informatiques,PARTECH,nan,0-20 M€,Amorçage (seed),nan,,,,,,,,,,,,,
12 nov. 2024,PROTEC GROUPE,France |,Traitement et finition des matériaux,25,2023.0,Produits & Services industriels,LA MAISON PARTNERS,ACTIONNAIRES FAMILIAUX,30 M€,OBO,n.d.,,,,,,,,,,,,,
12 nov. 2024,HENCO,France |,Spécialiste de l'installation et de la maintenance de cuisines centrales pour la restauration collective,8,2023.0,Produits & Services industriels,BPIFRANCE INVESTISSEMENT,n.d.,n.d.,LBO Primaire,0-20,,,,,,,,,,,,,
08 nov. 2024,SKY-NRG,Italie |,Expert solaire en systèmes photovoltaïques industriels,60,2023.0,nan,TSG,MANAGER(S),20-50 M€,Build-up international,n.d.,,,,,,,,,,,,,
08 nov. 2024,SERENYSUN INVEST,France |,Investissement dans des projets d’autoconsommation,nan,nan,nan,ANDERA PARTNERS,nan,3 M€,Amorçage (seed),nan,,,,,,,,,,,,,
08 nov. 2024,SEQCENTER,États-Unis |,Acteur dans le domaine du séquençage de gènes d'ADN et d'ARN de pointe.,nan,nan,nan,ARCHIMED GROUP,FONDATEUR(S),0-20 M€,LBO Primaire,0-20,,,,,,,,,,,,,
08 nov. 2024,VALUECO,France |,Éditeur d'une solution Saas de collecte et d'agrégation de notations ESG d'entreprises afin de fournir des analyses de marché,nan,nan,Logiciel et services informatiques,115 K,nan,0-5 M€,Amorçage (seed),nan,,,,,,,,,,,,,
07 nov. 2024,VINTER,Suède |,Fournisseur d'indices de valeurs cryptographiques à destination des gestionnaires d'actifs,nan,nan,Logiciel et services informatiques,KAIKO (EX CHALLENGER DEEP),FONDATEUR(S),0-5 M€,M&A (Int'l),0-5,,,,,,,,,,,,,
07 nov. 2024,CALLIMEDIA,France |,Prestataire de formation continue en ligne pour les entreprises,4.20,2023.0,Logiciel et services informatiques,SYFADIS,FONDATEUR(S),0-20 M€,M&A Corporate,n.d.,,,,,,,,,,,,,
07 nov. 2024,OPENAIRLINES,France |,Éditeur de logiciels d'éco-pilotage d'avions,8.50,2023.0,Logiciel et services informatiques,EIFFEL INVESTMENT GROUP,ALTER EQUITY,50-150 M€,Augmentation de capital,nan,,,,,,,,,,,,,
07 nov. 2024,THEREMIA,France |,Deeptech développant un outil d'optimisation et de personnalisation des médicaments grâce à l’IA,nan,nan,Logiciel et services informatiques,EURAZEO,nan,0-20 M€,Amorçage (seed),nan,,,,,,,,,,,,,
07 nov. 2024,REDSLIM,Suisse |,Services informatiques dans l'harmonisation,nan,nan,Logiciel et services informatiques,ASTORG,FONDATEUR(S),150-250 M€,LBO Bis,n.d.,,,,,,,,,,,,,
07 nov. 2024,ACTIVITÉ PLATEAUX-REPAS DE FLEURY...,France |,Les activités de commercialisation,13,2023.0,nan,KUMO,FLEURY MICHON,n.d.,Carve-out,n.d.,,,,,,,,,,,,,
07 nov. 2024,FASST (F.ASS.T),France |,Éditeur d'un logiciel de numérisation de la distribution des produits d'assurance,7.50,2023.0,Logiciel et services informatiques,REVAIA,ALM INNOVATION (AG2R LA...,20-50 M€,3e tour,nan,,,,,,,,,,,,,
07 nov. 2024,AGENCE C.C.C.,France |,Agence événementielle organisant des congrès et formations dans le domaine médical,6,2024.0,Média,VIDAL GROUP,GL EVENTS,0-20 M€,M&A Corporate,0-20,,,,,,,,,,,,,
06 nov. 2024,AIXIGO,Allemagne |,Éditeur d'une solution de gestion,19,2023.0,Logiciel et services informatiques,AMUNDI ASSET MANAGEMENT...,FONDATEUR(S),149 M€,M&A (Int'l),nan,,,,,,,,,,,,,
06 nov. 2024,NEXITY PROPERTY MANAGEMENT,France |,Syndic,385,2023.0,Immobilier & construction,CREDIT AGRICOLE IMMOBILIER,NEXITY,n.d.,M&A Corporate,n.d.,,,,,,,,,,,,,
06 nov. 2024,ADDISTRONIC,France |,Fabricant et distributeur de câblages et sous-ensembles électroniques industriels (cordons de tout type : secteurs,2.50,2023.0,Electronique & Informatique,ANTELEC,MANAGER(S),0-5 M€,Build-up,0-5,,,,,,,,,,,,,
06 nov. 2024,WOLFPACK DCS,Pays-Bas |,Éditeur d'un logiciel de commerce omnicanal visant une gestion optimisée des commandes et des stocks en reliant les canaux en ligne et hors ligne,nan,nan,Logiciel et services informatiques,ORISHA,FONDATEUR(S),0-20 M€,Build-up international,0-20,,,,,,,,,,,,,
05 nov. 2024,MG HABITAT,France |,Installateur de solutions écoénergétiques pour particuliers : panneaux photovoltaïques,9.85,2024.0,nan,BUTAGAZ,FONDATEUR(S),0-20 M€,M&A Corporate,0-20,,,,,,,,,,,,,
05 nov. 2024,BILLY (SMOOTH),France |,Éditeur d'une solution de billetterie en ligne pour les créateurs d'évènement dans le divertissement,nan,nan,Logiciel et services informatiques,IZUN PARTNERS,nan,0-20 M€,Amorçage (seed),nan,,,,,,,,,,,,,
05 nov. 2024,SKEZI,France |,Éditeur d'un logiciel de collecte et de suivi des données de patients,nan,nan,Logiciel et services informatiques,BPIFRANCE INVESTISSEMENT,nan,5-10 M€,1er tour,nan,,,,,,,,,,,,,
05 nov. 2024,OCÉINDE,France |,Chimie du bâtiment,nan,nan,Produits & Services industriels,CREDIT AGRICOLE ASSURANCES,INTERMEDIATE CAPITAL GR...,n.d.,Cession de titres,n.d.,,,,,,,,,,,,,
05 nov. 2024,ADVANCIS SOFTWARE & SERVICES,Allemagne |,Éditeur de logiciels permettant de superviser les équipements de sécurité physique (caméras,nan,nan,Logiciel et services informatiques,KEENSIGHT CAPITAL,FONDATEUR(S),n.d.,Cession de titres,n.d.,,,,,,,,,,,,,
05 nov. 2024,ETB (ETANCHEITE TECHNIQUE BATIMENT),France |,Réalisation de travaux d’étanchéité du bâtiment,7,2023.0,Immobilier & construction,BUILDTECH,PERSONNE(S) PHYSIQUE(S),0-20 M€,Build-up,0-20,,,,,,,,,,,,,
05 nov. 2024,S3A,France |,32A : travaux d’assainissement,12.50,2023.0,Environnement & CleanTechs,CHARIER,EXODON,10-15 M€,Spin Off,10-15,,,"curage de fossés et entretien d’ouvrages hydrauliques
TERREXO : travaux de désamiantage réseaux ou bâtiment",,,,,,,,,,
05 nov. 2024,LUXURYNSIGHT,France |,Expert de l’analyse de données proposant des services autour de la data aux acteurs des secteurs du luxe,nan,nan,Logiciel et services informatiques,ELAIA PARTNERS,nan,45.30 M€,Cession de titres,n.d.,,,,,,,,,,,,,
05 nov. 2024,HEURITECH,France |,Plateforme d'analyse de données pour la mode (deep learning et reconnaissance d’images et de textes).,5,2023.0,Logiciel et services informatiques,LUXURYNSIGHT,FONDATEUR(S),7.70 M€,M&A Corporate,nan,,,,,,,,,,,,,
05 nov. 2024,OCTO AM,France |,Société de gestion financière,nan,nan,nan,CYRUS/MAISON HEREZ,FONDATEUR(S),n.d.,Build-up,n.d.,,,,,,,,,,,,,
05 nov. 2024,ALCATEL SUBMARINE NETWORKS MARINE...,France |,Conception,1 120,2023.0,Média,AGENCE DES PARTICIPATIO...,NOKIA,350 M€,M&A (Int'l),250-500,,,,,,,,,,,,,
05 nov. 2024,GALIAN (VOIR GALIAN-SMABTP),France |,Garantie financière et assurances pour professionnels de l’immobilier,52.30,2023.0,nan,GALIAN-SMABTP,MANAGER(S),150-250 M€,Fusion,50-150,,,,,,,,,,,,,
04 nov. 2024,KAIBEE,France |,Cabinet de conseil IT spécialiste du développement applicatif web,27,2024.0,Logiciel et services informatiques,OBJECTWARE,FONDATEUR(S),0-20 M€,Build-up,n.d.,,,,,,,,,,,,,
04 nov. 2024,BIPER THERAPEUTICS,France |,Biotech spécialisée dans le développement de thérapies pour le traitement du cancer,nan,nan,nan,WISEED,nan,n.d.,Amorçage (seed),nan,,,,,,,,,,,,,
04 nov. 2024,RHOVICA NEUROIMAGING,Suisse |,Solution pour soigner les patients souffrant de traumatismes crâniens,nan,nan,nan,M2CARE,nan,0-5 M€,Amorçage (seed),nan,,,,,,,,,,,,,
04 nov. 2024,TABESTO,France |,Concepteur de bornes de commandes interactives pour la restauration rapide et le commerce de proximité,5,2023.0,Electronique & Informatique,DELIVERECT,FONDATEUR(S),20-50 M€,M&A (Int'l),20-50,,,,,,,,,,,,,
04 nov. 2024,ALLENTIS (EX ID1,France |,Édition de solutions de détection des menaces,nan,nan,Logiciel et services informatiques,FRAMATOME,FONDATEUR(S),0-20 M€,M&A Corporate,0-20,,,,,,,,,,,,,
04 nov. 2024,WYDEN,Suisse |,Trading d'actifs numériques,nan,nan,Logiciel et services informatiques,TRUFFLE CAPITAL,nan,n.d.,2e tour,nan,,,,,,,,,,,,,
04 nov. 2024,CIFRALEX,France |,Cabinet d'experts-comptables,nan,nan,nan,RSM FRANCE,MANAGER(S),n.d.,M&A Corporate,n.d.,,,,,,,,,,,,,
04 nov. 2024,T&G GROEP (OSMAIA NEDERLAND),Pays-Bas |,Conception et maintenance des espaces extérieurs pour des infrastructures industrielles et de santé,20,2023.0,Environnement & CleanTechs,OSMAIA (EX PINSON PAYSAGE),FONDATEUR(S),20-50 M€,Build-up international,20-50,,,,,,,,,,,,,
04 nov. 2024,PHASEX CORPORATION,États-Unis |,Laboratoire spécialisé dans l'extraction de composants au CO2 supercritique,4.50,2023.0,Produits & Services industriels,ROBERTET,MANAGER(S),0-20 M€,M&A (Int'l),n.d.,,,,,,,,,,,,,
04 nov. 2024,ADLOOX,France |,Solution de vérification publicitaire qui aide les marques,nan,nan,Logiciel et services informatiques,SCOPE3,FONDATEUR(S),0-5 M€,M&A (Int'l),0-5,,,,,,,,,,,,,
04 nov. 2024,SILEX INVESTMENT MANAGERS (SILEX IM),Suisse |,Activités de gestion obligataire du groupe Silex en Suisse (quatre fonds représentant 575 M€ d’encours),6,2023.0,nan,AXIOM ALTERNATIVE INVES...,SILEX PARTNERS,10 M€,M&A (Int'l),nan,,,,,,,,,,,,,
04 nov. 2024,LENDOPOLIS,France |,Financement participatif dans la transition énergétique,2,2023.0,nan,LENDOSPHERE,GROUPE LA BANQUE POSTALE,0-20 M€,M&A Corporate,0-20,,,,,,,,,,,,,
04 nov. 2024,THE EXPLORATION COMPANY,France |,Constructeur de capsules de transport spatial,nan,nan,Automobile,BALDERTON CAPITAL,nan,250-500 M€,2e tour,nan,,,,,,,,,,,,,
04 nov. 2024,BSPORT,France |,"Éditeur d'un logiciel de gestion et de marketing pour les acteurs du sport ""bien-être""",nan,nan,Logiciel et services informatiques,BASE10 PARTNERS,SEVENTURE PARTNERS,50-150 M€,2e tour,nan,,,,,,,,,,,,,
04 nov. 2024,PILOCAP FORMATION PREVENTION,France |,Formations pour la prévention des risques professionnels,10,2023.0,Services & Conseil aux entreprises,CAPITAL CROISSANCE,n.d.,n.d.,Refinancement,nan,,,,,,,,,,,,,
04 nov. 2024,MCS GROUP,France |,Points de vente spécialisés dans l'univers Apple.,15,2023.0,nan,C&C APPLE PREMIUM RESELLER,MANAGER(S),0-5 M€,M&A (Int'l),n.d.,,,,,,,,,,,,,
04 nov. 2024,DEC ENERGIES DAX,France |,Installation d’équipements de chauffage,8,2023.0,Services & Biens de consommation,HOMESERVE,FONDATEUR(S),5-10 M€,Build-up,5-10,,,,,,,,,,,,,
04 nov. 2024,OBILET,Turquie |,Éditeur d'une plateforme de réservation spécialisée dans la vente de billets d’avion,n.d.,nan,Internet & ecommerce,BLABLACAR,FONDATEUR(S),n.d.,Prise de participation,nan,,,,,,,,,,,,,
02 nov. 2024,GIMLI,France |,Éditeur d'un logiciel de collecte et structuration automatique des données cliniques de traitement des cancers,nan,nan,Logiciel et services informatiques,RESILIENCE CARE,FONDATEUR(S),0-20 M€,M&A Corporate,0-20,,,,,,,,,,,,,
01 nov. 2024,ZE ENERGY,France |,Solution de centrales solaires hybrides combinant photovoltaïque et stockage,nan,nan,nan,AMUNDI TRANSITION ENERG...,nan,n.d.,2e tour,nan,,,,,,,,,,,,,
01 nov. 2024,SOCIÉTÉ GÉNÉRALE MAROC,Maroc |,Banque,nan,nan,nan,GROUPE SAHAM,GROUPE SOCIETE GENERALE,745 M€,M&A (Int'l),nan,,,,,,,,,,,,,
31 oct. 2024,VODALYS,France |,Fournisseur de plateformes de streaming vidéo en direct,2,2023.0,Média,MEDIACTIVE,FONDATEUR(S),0-5 M€,Build-up,n.d.,,,,,,,,,,,,,
31 oct. 2024,FADILEC,France |,Constructeur et intégrateur dans les domaines de l'automatisme,4.70,2023.0,Electronique & Informatique,FAUCHÉ,MANAGER(S),0-20 M€,Build-up,n.d.,,,,,,,,,,,,,
31 oct. 2024,ELICIT PLANT,France |,Agri-biotech concevant des biosolutions à base de phytostérols pour les grandes cultures et visant à réduire la consommation d’eau par les plantes,nan,nan,nan,CARBYNE EQUITY PARTNERS,nan,150-250 M€,2e tour,nan,,,,,,,,,,,,,
31 oct. 2024,NEW IMAGING TECHNOLOGIES (NIT),France |,Fabricant de détecteurs infrarouges,6,2023.0,Electronique & Informatique,LYNRED (EX SOFRADIR),MANAGER(S),0-20 M€,M&A Corporate,0-20,,,,,,,,,,,,,
31 oct. 2024,EDITIONS TISSOT,France |,Éditeurs juridiques spécialisés dans le domaine RH et le droit social (Éditions Tissot) et dans les informations et procédures pour décideurs de collectivités et organismes publics (Éditions Weka),19.20,2023.0,Services & Conseil aux entreprises,GROUPE SVP (EX KERUDYS),WEKA GROUP,20-50 M€,Build-up,n.d.,,,,,,,,,,,,,
31 oct. 2024,AMPLITUDE STUDIOS,France |,Éditeur de jeux vidéo,nan,nan,Logiciel et services informatiques,nan,SEGA GROUP CORPORATION ...,n.d.,Reprise Management,n.d.,,,,,,,,,,,,,
31 oct. 2024,NETISYS,France |,Éditeur de logiciels pour la gestion des ouvrages d’art et des infrastructures routières,nan,nan,Logiciel et services informatiques,SOGELINK,FONDATEUR(S),0-20 M€,Build-up,0-20,,,,,,,,,,,,,
31 oct. 2024,SCMB (SERRU CHAUDRON MECANIQUE BA...,France |,Sous-traitant en chaudronnerie,3,2023.0,Produits & Services industriels,nan,MANAGER(S),0-20 M€,Sponsorless,0-5,,,,,,,,,,,,,
31 oct. 2024,ZEPLUG,France |,Service de recharge pour véhicule électrique aux particuliers et entreprises.,nan,nan,nan,nan,n.d.,n.d.,Financement,nan,,,,,,,,,,,,,
31 oct. 2024,SANACIER (EX STEVA SAINT-ETIENNE),France |,Entreprise de découpage,11,2023.0,Produits & Services industriels,ARCOLE (EX HD INDUSTRIE),STEVA (LIQUIDÉ),0.65 M€,Retournement,nan,,,,,,,,,,,,,
31 oct. 2024,GENERALE POUR L'ENFANT (GPE - DON...,France |,Vêtements pour enfants et puériculture,193,2023.0,Textile,ZENCAP ASSET MANAGEMENT,MANAGER(S),n.d.,Retournement,n.d.,,,,,,,,,,,,,
31 oct. 2024,SMOVENGO,France |,Exploitant de Vélib’ (vélos en libre-service),nan,nan,nan,INDIGO GROUP,MOBIVIA GROUPE (EX NORA...,n.d.,Build-up,n.d.,,,,,,,,,,,,,
31 oct. 2024,CV SECURITE,France |,Prévention de chantier,nan,nan,Services & Conseil aux entreprises,EFCO,MANAGER(S),n.d.,M&A Corporate,n.d.,,,,,,,,,,,,,
31 oct. 2024,DUPONT RESTAURATION,France |,Groupe de restauration collective,310,2023.0,Tourisme,COMPASS GROUP,CREDIT MUTUEL EQUITY,250-500 M€,M&A (Int'l),nan,,,,,,,,,,,,,
31 oct. 2024,CRYSTAL,France |,Conseil en gestion de patrimoine,280,2023.0,nan,GOLDMAN SACHS ASSET MAN...,SEVEN2 (EX APAX PARTNERS),920 M€,LBO Bis,nan,,,,,,,,,,,,,
31 oct. 2024,DOLPHIN SEMICONDUCTOR,France |,Activités d'IP de gestion de puissance et de traitement du signal,12.60,2023.0,Electronique & Informatique,JOLT CAPITAL,DOLPHIN DESIGN,20-50 M€,Carve-out,nan,,,,,,,,,,,,,
30 oct. 2024,MERCA LEASING,Allemagne |,Solutions de leasing sur-mesure avec une expertise forte en matière de financement d’équipements industriels,nan,nan,nan,CREDIT AGRICOLE LEASING...,FONDATEUR(S),n.d.,M&A (Int'l),n.d.,,,,,,,,,,,,,
30 oct. 2024,SOLINKI,France |,Agence de recruteurs freelance,2,2023.0,Services & Conseil aux entreprises,LE MERCATO DE L'EMPLOI,FONDATEUR(S),0-20 M€,Retournement,0-20,,,,,,,,,,,,,
30 oct. 2024,BOIZEAL,France |,Fabrication de la menuiserie bois destinée aux professionnels revendeurs,3,2023.0,Immobilier & construction,NORMABAIE,MANAGER(S),0-5 M€,Build-up,0-5,,,,,,,,,,,,,
30 oct. 2024,ROMAGNASAC (VIROSAC ET RAPID),Italie |,Fabricant de sacs poubelles,60,2023.0,Produits & Services industriels,SPHERE,ORIENTA CAPITAL PARTNERS,50-150 M€,Build-up international,n.d.,,,,,,,,,,,,,
30 oct. 2024,C.E.T FIRE PUMPS (C.E.T GROUP),Canada |,Concepteur et fabricant de produits de lutte contre l’incendie et de secours-sauvetage,14,2023.0,Produits & Services industriels,LEADER GROUP (EX GENETE...,MANAGER(S),0-20 M€,Build-up international,0-20,,,,,,,,,,,,,
30 oct. 2024,PRIMAA,France |,Logiciel intelligence artificielle pour diagnostic cancers,nan,nan,Logiciel et services informatiques,CENITZ,nan,20-50 M€,1er tour,nan,,,,,,,,,,,,,
30 oct. 2024,VERKOR,France |,Construction de batteries bas carbone.,nan,nan,Environnement & CleanTechs,ING CORPORATE INVESTMENTS,nan,n.d.,3e tour,n.d.,,,,,,,,,,,,,
30 oct. 2024,FM CONWAY,Royaume-Uni |,Société de travaux publics : travaux routiers,690,2023.0,Immobilier & construction,VINCI CONSTRUCTION,ACTIONNAIRES FAMILIAUX,250-500 M€,M&A (Int'l),250-500,,,,,,,,,,,,,
30 oct. 2024,ALPHA MICRO COMPONENTS,Royaume-Uni |,Distributeur et intégrateur de composants électroniques et de solutions sans fil,nan,nan,Electronique & Informatique,STELIAU TECHNOLOGY,FONDATEUR(S),0-20 M€,Build-up international,0-20,,,,,,,,,,,,,
30 oct. 2024,ARTMAJEUR BY YOURART (VOIR YOURART),France |,Place de marché en ligne dédiée aux œuvres d'art,nan,nan,Internet & ecommerce,YOURART (DONT ARTMAJEUR),FONDATEUR(S),11.40 M€,Fusion,nan,,,,,,,,,,,,,
30 oct. 2024,TERRE DE MARINS (EX PUBLI IMPRESS),France |,Création et distribution de vêtements et accessoires de l’univers marin : cirés,30,2023.0,Textile,DZETA CONSEIL,MANAGER(S),20-50 M€,MBO Bis,n.d.,,,,,,,,,,,,,
30 oct. 2024,TOOLQUICK,Espagne |,Location de matériel spécialisé dans les solutions d’outillage pour les secteurs de la construction,nan,nan,Immobilier & construction,KILOUTOU,MANAGER(S),0-20 M€,Build-up international,0-20,,,,,,,,,,,,,
30 oct. 2024,GLOBAL FEED ECOTRANS,Espagne |,Transport de nourriture animale,63,2023.0,nan,MAUFFREY,MANAGER(S),0-20 M€,Build-up international,n.d.,,,,,,,,,,,,,
30 oct. 2024,OPTIMUM,France |,Menuiserie,50,2023.0,Services & Biens de consommation,nan,MANAGER(S),n.d.,M&A Corporate,n.d.,,,,,,,,,,,,,
30 oct. 2024,SUPREME,États-Unis |,Distribution marque de vêtements de skate,478,2023.0,Textile,ESSILOR-LUXOTTICA,VF CORPORATION,1 372 M€,M&A (Int'l),nan,,,,,,,,,,,,,
30 oct. 2024,TOPSOLID (EX MISSLER SOFTWARE),France |,Éditeur de logiciels de Conception et Fabrication Assistées par Ordinateur (CFAO),70,2024.0,Logiciel et services informatiques,CREDIT MUTUEL EQUITY,SIPAREX,150-250 M€,LBO V,n.d.,,,,,,,,,,,,,
30 oct. 2024,NETZERO,France |,Cleantech industrielle spécialisée dans la capture et la séquestration du carbone,nan,nan,Environnement & CleanTechs,INNOVX,nan,n.d.,2e tour,nan,,,,,,,,,,,,,
30 oct. 2024,VIA MOBILIS,France |,Place de marché spécialisée dans les annonces digitales de vente de véhicules et d’équipements d’occasion,4.30,2023.0,Internet & ecommerce,AGORASTORE,HOLDING(S) FAMILIAU(X),15-20 M€,Build-up,15-20,,,,,,,,,,,,,
30 oct. 2024,QUADPACK INDUSTRIES,Espagne |,Fabrication d’emballages et conteneurs,129,2023.0,Produits & Services industriels,PSB INDUSTRIES,MANAGER(S),140 M€,M&A (Int'l),n.d.,,,,,,,,,,,,,
30 oct. 2024,ION BEAM SERVICES (IBS),France |,Fournisseur d'équipements et prestataire de services dans les semi-conducteurs,17.20,2023.0,Electronique & Informatique,ARDIAN,ISATIS CAPITAL,50-150 M€,Cession de titres,n.d.,,,,,,,,,,,,,
29 oct. 2024,VAXINANO,France |,Conception de vaccins basés sur nanoparticules bio-sourcées,nan,nan,nan,TCD CAPITAL,nan,n.d.,1er tour,n.d.,,,,,,,,,,,,,
29 oct. 2024,SUNOPÉE,France |,Développeur et producteur d’énergie photovoltaïque.,nan,nan,nan,VIRYA ENERGY,LEON GROSSE,n.d.,M&A (Int'l),n.d.,,,,,,,,,,,,,
29 oct. 2024,HAIKU (EX CLERK),France |,Legaltech-éditeur d'un logiciel Saas simplifiant les recherches documentaires des cabinets d’avocats et des juristes grâce à l'IA,nan,nan,Logiciel et services informatiques,NEWFUND,nan,4 M€,Amorçage (seed),nan,,,,,,,,,,,,,
29 oct. 2024,DALLOYAU,France |,Traiteur gastronomique,11,2023.0,Tourisme,MOMENSE (POTEL & CHABOT...,PERCEVA,0-5 M€,Retournement,nan,,,,,,,,,,,,,
29 oct. 2024,BUILDCONNECT (EX BULDI),France |,Proptech proposant une plateforme d'intermédiation entre constructeurs de logements individuels et potentiels clients,1.50,2023.0,Internet & ecommerce,LTF INVEST,FONDATEUR(S),0-5 M€,Retournement,0-5,,,,,,,,,,,,,
29 oct. 2024,HOCHE PARTNERS CORPORATE SERVICES...,Luxembourg |,Fournisseur de services fiduciaires : gestion administrative et financière des fonds,10,2023.0,nan,AMETHIS,n.d.,20-50 M€,LBO Primaire,20-50,,,,,,,,,,,,,
29 oct. 2024,FENWICK IRIBARREN ARCHITECTS (FIA),Espagne |,Conception,nan,nan,Immobilier & construction,EGIS,FONDATEUR(S),n.d.,Build-up international,n.d.,,,,,,,,,,,,,
29 oct. 2024,INIBSA,Espagne |,Fabricant de produits dentaires anesthésiants,76.20,2023.0,Produits Pharmaceutiques & matériel médical,SEPTODONT,ACTIONNAIRES FAMILIAUX,250 M€,M&A (Int'l),n.d.,,,,,,,,,,,,,
29 oct. 2024,ELEKTROMONTAZ POZNAN,Pologne |,Spécialiste des services d'installation électrique pour des clients du secteurs industriel,70,2023.0,nan,SPIE OPERATIONS (GROUPE...,PG ENERGY CAPITAL MANAG...,50-150 M€,M&A (Int'l),50-150,,,,,,,,,,,,,
29 oct. 2024,GLOBAL D,France |,Implantologie dentaire et chirurgie maxillo-faciale,50,2023.0,Produits Pharmaceutiques & matériel médical,NAXICAP PARTNERS,MENIX GROUP (SERF DEDIE...,50-150 M€,Spin Off,n.d.,,,,,,,,,,,,,
29 oct. 2024,FUTURMASTER,France |,Éditeur et intégrateur francilien de logiciels d'aide à la décision pour la planification de la chaîne logistique,19,2023.0,Logiciel et services informatiques,SAGARD,CATHAY CAPITAL,50-150 M€,LBO Primaire,n.d.,,,,,,,,,,,,,
29 oct. 2024,MANAO CONSULTING,France |,Intégrateur de solutions Salesforce,nan,nan,Logiciel et services informatiques,INETUM,FONDATEUR(S),0-20 M€,Build-up,0-20,,,,,,,,,,,,,
28 oct. 2024,CARBURANTS SOUFFLET,France |,Négoce et de distribution de carburants,60,2023.0,nan,PILLIAS ENERGIE,INVIVO,n.d.,Carve-out,n.d.,,,,,,,,,,,,,
28 oct. 2024,PICK EVERARD,Royaume-Uni |,Ingénierie de la construction,84,2024.0,Immobilier & construction,ARTELIA,MANAGER(S),n.d.,M&A (Int'l),n.d.,,,,,,,,,,,,,
28 oct. 2024,SMART PIXELS (VOIR LS GROUP),France |,Éditeur de solutions de configuration de produits en 3D pour la vente en ligne,0.90,2023.0,Logiciel et services informatiques,LS GROUP (DONT SMART PI...,SPARKLING PARTNERS,5 M€,Fusion,n.d.,,,,,,,,,,,,,
28 oct. 2024,K-WAY FRANCE,France |,Marque de coupe-vent,147.70,2023.0,Textile,PERMIRA,BASICNET,505 M€,Cession de titres,nan,,,,,,,,,,,,,
28 oct. 2024,ESMART SYSTEMS,Norvège |,Éditeur de logiciels utilisant l'intelligence artificielle pour aider à l'inspection des réseaux électriques,nan,nan,Logiciel et services informatiques,TILT CAPITAL PARTNERS,nan,50-150 M€,3e tour,nan,,,,,,,,,,,,,
28 oct. 2024,BEYOND AERO,France |,Développeur d'un avion d'affaires électrique alimenté par un réservoir à hydrogène,nan,nan,Automobile,GIANT VENTURES,nan,50-150 M€,1er tour,nan,,,,,,,,,,,,,
28 oct. 2024,ALVIE,France |,Éditeur d’un logiciel Saas (HYGO) permettant aux exploitants de limiter l’usage d’intrants biochimiques et de favoriser l’adoption du biocontrôle (solutions basées sur capteurs et plateforme d’intelligence artificielle pour moduler les doses de pesticides en fonction des conditions d'application),nan,nan,Logiciel et services informatiques,TILIA IMPACT VENTURES,nan,5-10 M€,1er tour,nan,,,,,,,,,,,,,
25 oct. 2024,AIRPLANE,France |,Peinture aéronautique et services MRO d'avions régionaux,25,2023.0,Automobile,CICLAD,FONDATEUR(S),20-50 M€,LBO Primaire,20-50,,,,,,,,,,,,,
25 oct. 2024,WINCHANNEL,France |,Marketing,10,2023.0,Média,MARVESTING (EX IMPACT F...,MANAGER(S),0-20 M€,Build-up international,0-20,,,,,,,,,,,,,
25 oct. 2024,UTI GROUP,France |,ESN active auprès des grands comptes,21.18,2023.0,Logiciel et services informatiques,EEKEM GROUP,ACTIONNAIRES FAMILIAUX,0-20 M€,OPA,0-20,,,,,,,,,,,,,
25 oct. 2024,PIERRE MARTINET,France |,Producteur de salades et plats traiteur,230,2023.0,nan,LDC,ACTIONNAIRES FAMILIAUX,150-250 M€,M&A Corporate,n.d.,,,,,,,,,,,,,
24 oct. 2024,MORET INDUSTRIES,France |,Fabricant de systèmes et équipements industriels à forte valeur ajoutée,160,2023.0,Produits & Services industriels,OCEAN PEAK CAPITAL,ACTIONNAIRES FAMILIAUX,n.d.,Retournement,15-20,,,,,,,,,,,,,
24 oct. 2024,MENUISERIE JUNG,France |,Menuiserie extérieure,6,2023.0,Immobilier & construction,GROUPE PANDO (EX LES ZE...,FONDATEUR(S),0-20 M€,Build-up,0-20,,,,,,,,,,,,,
24 oct. 2024,GROUPE PANDO (EX LES ZELLES),France |,Fabrication de fenêtres et portes d'entrée en PVC et aluminium pour logements collectifs,nan,nan,Immobilier & construction,BPIFRANCE INVESTISSEMENT,nan,50-150 M€,Augmentation de capital,0-20,,,,,,,,,,,,,
24 oct. 2024,ARIAT,France |,Spécialisé dans les solutions CAO & administration réseau,1.50,2023.0,Logiciel et services informatiques,EDIPOLES,MANAGER(S),0-5 M€,M&A Corporate,nan,,,,,,,,,,,,,
24 oct. 2024,FRANCE VOLET,France |,Fabricant de volets standards et sur-mesure en bois,15,2023.0,Immobilier & construction,GROUPE PANDO (EX LES ZE...,FONDATEUR(S),0-20 M€,Build-up,0-20,,,,,,,,,,,,,
24 oct. 2024,MENUISERIE MOREAU,France |,Menuiseries intérieures et extérieures,14,2023.0,Immobilier & construction,GROUPE PANDO (EX LES ZE...,FONDATEUR(S),0-20 M€,Build-up,0-20,,,,,,,,,,,,,
24 oct. 2024,ORANO (EX NEW AREVA),France |,Activités du cycle du combustible nucléaire d’Areva,4 775,2023.0,nan,AGENCE DES PARTICIPATIO...,nan,>1000 M€,Augmentation de capital,nan,,,,,,,,,,,,,
24 oct. 2024,ACTIVITÉS DE CLOUD GAMING DE GAME...,France |,Activités de Cloud Gaming (jeux vidéo en streaming depuis des serveurs externes) et ensemble des actifs de Gamestream (contrats clients,nan,nan,Logiciel et services informatiques,NETGEM,GAMESTREAM,0-5 M€,Retournement,0-5,,,,,,,,,,,,,
24 oct. 2024,TELEGRAFIK,France |,Solution de téléassistance pour les personnes âgées,nan,nan,Electronique & Informatique,BATAILLE,FONDATEUR(S),0-20 M€,M&A Corporate,0-20,,,,,,,,,,,,,
24 oct. 2024,AGICAP,France |,Fintech éditant des solutions logicielles de gestion et de prévision de trésorerie pour PME et ETI,nan,nan,Logiciel et services informatiques,AXA VENTURE PARTNERS (AVP),nan,500-1000 M€,3e tour,nan,,,,,,,,,,,,,
24 oct. 2024,NEW WAVE,France |,Fonds d'investissement,nan,nan,nan,NJJ CAPITAL,FONDATEUR(S),n.d.,M&A Corporate,n.d.,,,,,,,,,,,,,
24 oct. 2024,SOL STRUCTURE,France |,Spécialiste de la pose de micropieux,nan,nan,Immobilier & construction,ACCESSOL (EX ACCESBTP),FONDATEUR(S),20-50 M€,Build-up,n.d.,,,,,,,,,,,,,
24 oct. 2024,ACCESSOL (EX ACCESBTP),France |,Spécialiste des travaux de consolidation des bâtiments via l’injection de résine expansive et la pose de micropieux,nan,nan,Immobilier & construction,CREDIT MUTUEL EQUITY,FONDATEUR(S),50-150 M€,LBO Primaire,nan,,,,,,,,,,,,,
24 oct. 2024,HUMANSKILLS (EX TEAMINSIDE ET ARA...,France |,ESN spécialisée dans le marketing,61,2023.0,Services & Conseil aux entreprises,B&CAPITAL,CAPITAL CROISSANCE,50-150 M€,LBO Bis,n.d.,,,,,,,,,,,,,
24 oct. 2024,PM STUDIO,France |,Conception et fabrication d’articles promotionnels et de packaging secondaires premium,70,2023.0,Produits & Services industriels,ANDERA PARTNERS,GROUPE RC CONCEPT (RC G...,50-150 M€,MBO,n.d.,,,,,,,,,,,,,
24 oct. 2024,GROUPE JVS,France |,Éditeur de logiciels de gestion et de relation citoyens pour les collectivités territoriales et établissements publics,42,2024.0,Logiciel et services informatiques,CAPZA,PARQUEST,150-250 M€,MBO IV,n.d.,,,,,,,,,,,,,
23 oct. 2024,BACOSOFT (TOP 1 NUEVAS TECNOLOGIAS),Espagne |,Édition d'un logiciel de gestion des déclarations légales et réglementaires pour les domaines viticoles,1,2023.0,Logiciel et services informatiques,ISAGRI,FONDATEUR(S),0-20 M€,M&A (Int'l),0-20,,,,,,,,,,,,,
23 oct. 2024,MVISION (LONGJUMEAU),France |,Spécialiste des prestations techniques audiovisuelles pour des agences de communication et les lieux d’accueil,nan,nan,Média,ALIVE GROUPE,FONDATEUR(S),20-50 M€,Build-up,20-50,,,,,,,,,,,,,
23 oct. 2024,ROCAMED,Monaco |,Concepteur,25.80,2023.0,Produits Pharmaceutiques & matériel médical,21 INVEST,PROMEPLA,50-150 M€,Spin Off,n.d.,,,,,,,,,,,,,
23 oct. 2024,MOON,France |,Conception,1.70,2023.0,nan,KIMA VENTURES,nan,0-20 M€,Augmentation de capital,nan,,,,,,,,,,,,,
23 oct. 2024,WI TECHNOLOGIES,France |,Plateforme Saas collaborative de recommandations et de support client,nan,nan,Internet & ecommerce,PUBLICIS GROUPE,FONDATEUR(S),n.d.,M&A Corporate,n.d.,,,,,,,,,,,,,
23 oct. 2024,GROUPE UNIVERS SANTÉ (DB CONSULTING),France |,Pharmacies et magasins de matériel médical,15,2023.0,Produits Pharmaceutiques & matériel médical,nan,FONDATEUR(S),20-50 M€,Sponsorless,n.d.,,,,,,,,,,,,,
23 oct. 2024,SYSTRA,France |,Groupe d'ingénierie des transports ferroviaires,1 100,2023.0,nan,LATOUR CAPITAL,SNCF,500-1000 M€,Cession de titres,250-500,,,,,,,,,,,,,
23 oct. 2024,VAN RENS B.V.,Pays-Bas |,Spécialisation dans le marquage routier,22,2023.0,Immobilier & construction,LOCATION TRANSPORT (GRO...,STRUKTON,10-15 M€,Build-up international,n.d.,,,,,,,,,,,,,
22 oct. 2024,AIWAY,France |,Services et conseil en intégration de l'intelligence artificielle,0.35,2024.0,Logiciel et services informatiques,nan,nan,0-5 M€,Amorçage (seed),nan,,,,,,,,,,,,,
22 oct. 2024,MONROE CAPITAL,États-Unis |,GP spécialisé dans la dette privée,nan,nan,nan,WENDEL,MANAGER(S),>1000 M€,M&A (Int'l),nan,,,,,,,,,,,,,
22 oct. 2024,MPS TOILETTES AUTOMATIQUES,France |,Conception,10,2023.0,Produits & Services industriels,GROUPE M53 (ROSSIGNOL),MANAGER(S),0-20 M€,Build-up,0-20,,,,,,,,,,,,,
22 oct. 2024,NVLS (NIGHTVISION LASERS SPAIN),Espagne |,Équipements de vision nocturne,nan,nan,Electronique & Informatique,EXOSENS (EX PHOTONIS),FONDATEUR(S),n.d.,M&A (Int'l),n.d.,,,,,,,,,,,,,
22 oct. 2024,DIONACH,Royaume-Uni |,Fournisseur de services de cybersécurité,10,2023.0,Logiciel et services informatiques,NOMIOS (EX INFRADATA),FONDATEUR(S),20-50 M€,Build-up international,20-50,,,,,,,,,,,,,
21 oct. 2024,MAISON BAYLE,France |,Boucherie-charcuterie et traiteur,8,2023.0,nan,SOLEXIA,ACTIONNAIRES FAMILIAUX,0-20 M€,M&A Corporate,0-20,,,,,,,,,,,,,
21 oct. 2024,LESLIE R. TIPPING GROUP (LRT),Royaume-Uni |,Fournisseur de produits funéraires (intérieurs de cercueils,10,2023.0,Services & Biens de consommation,HYGECO,MANAGER(S),0-20 M€,Build-up international,n.d.,,,,,,,,,,,,,
21 oct. 2024,ADP INGENIERIE,France |,Ingénierie aéroportuaire,nan,nan,nan,ARTELIA,ADP (EX AEROPORTS DE PA...,n.d.,M&A Corporate,n.d.,,,,,,,,,,,,,
21 oct. 2024,FENIIX,France |,ESN généraliste couvrant l’ensemble des prestations de conseil et d’assistance technique dans le domaine de l’ingénierie des systèmes d’information et réseaux,1.48,2024.0,Logiciel et services informatiques,MITEM FRANCE,MANAGER(S),0-5 M€,M&A Corporate,0-5,,,,,,,,,,,,,
21 oct. 2024,AERO EQUIPEMENT SAS,France |,Distribution de pièces et équipements pour avions et hélicoptères.,10,2023.0,Produits & Services industriels,SUPRAERO,FONDATEUR(S),5-10 M€,M&A Corporate,5-10,,,,,,,,,,,,,
21 oct. 2024,FULGARD (EX-SICURA),Italie |,Fournisseur de services réglementaires de sécurité et santé au travail : fabrication et maintenance d’équipements professionnels anti-incendie,113,2023.0,Services & Conseil aux entreprises,SEVEN2 (EX APAX PARTNERS),ARGOS WITYU,150-250 M€,LBO Bis,n.d.,,,,,,,,,,,,,
21 oct. 2024,OPELLA,France |,Pôle santé de Sanofi,5 200,2023.0,Produits Pharmaceutiques & matériel médical,CLAYTON DUBILIER & RICE...,SANOFI,16 000 M€,Spin Off,n.d.,,,,,,,,,,,,,
18 oct. 2024,ICM INDUSTRIE DISTRIBUTION,France |,Spécialiste de la transformation par usinage de matériaux plastiques et composites à destination de secteurs comme l’aéronautique,28,2023.0,Produits & Services industriels,3P PRODUITS PLASTIQUES ...,FONDATEUR(S),0-20 M€,Build-up,n.d.,,,,,,,,,,,,,
18 oct. 2024,CLEAQ (EX TRILIZ ET FINAHO),France |,Fournisseur-loueur de matériel informatique et spécialiste du financement des appareils dans ce secteur,3.80,2023.0,Electronique & Informatique,MOBILE CLUB (MOBILE.CLUB),FONDATEUR(S),5-10 M€,M&A Corporate,nan,,,,,,,,,,,,,
18 oct. 2024,HBRS GENERIK,Belgique |,Distribution de produits capillaires,nan,nan,Santé,GENERIK (BRUNO DISTRIBU...,FONDATEUR(S),0-5 M€,Build-up international,0-5,,,,,,,,,,,,,
18 oct. 2024,ALPHA MOS,France |,Fabricant de dispositifs d'analyse sensorielle (nez,4.50,2023.0,Electronique & Informatique,AMBROSIA INVESTMENTS,AMBROSIA INVESTMENTS,10.90 M€,Retrait de cote,nan,,,,,,,,,,,,,
18 oct. 2024,BIBLIOONDEMAND,France |,Librairie numérique pour les bibliothèques et centres de documentation,0.50,2023.0,Internet & ecommerce,IRD INVEST,nan,0-20 M€,Amorçage (seed),nan,,,,,,,,,,,,,
17 oct. 2024,THEMIS (THEMIS-CI),Côte d’Ivoire |,Spécialiste de  la peinture industrielle,nan,nan,Produits & Services industriels,PARLYM,ACTIONNAIRES FAMILIAUX,n.d.,M&A (Int'l),n.d.,,,,,,,,,,,,,
17 oct. 2024,PHENOCELL,France |,Biotech spécialisée dans la fourniture de kits et de services de tests biologiques in vitro à base d’iPSC (cellules souches pluripotentes induites) pour les troubles cutanés et rétiniens,0.76,2023.0,nan,AXOL BIOSCIENCE,FONDATEUR(S),0-5 M€,M&A (Int'l),0-5,,,,,,,,,,,,,
17 oct. 2024,VK ELECTRONIC,France |,Conseil et services en matière de conception,20,2024.0,Services & Conseil aux entreprises,SCUTUM,FONDATEUR(S),20-50 M€,M&A Corporate,20-50,,,,,,,,,,,,,
17 oct. 2024,ISCAE EDUCATION,France |,École d'enseignement supérieur en management,4,2023.0,Services & Biens de consommation,CONNECT PRO,MANAGER(S),5-10 M€,OBO,n.d.,,,,,,,,,,,,,
17 oct. 2024,ORANO MED,France |,Biotech développant des traitements en oncologie via l’alphathérapie ciblée,1 800,2023.0,nan,SANOFI,ORANO (EX NEW AREVA),1 900 M€,Participation minoritaire,nan,,,,,,,,,,,,,
17 oct. 2024,CAKTUS,France |,Éditeur d’un logiciel ERP à destination des professionnels du recyclage,nan,nan,Logiciel et services informatiques,SIMPLICITI,MANAGER(S),5-10 M€,Build-up,n.d.,,,,,,,,,,,,,
17 oct. 2024,LE PARADIS DU FRUIT,France |,Chaîne de restauration axée sur une cuisine végétale avec notamment bar à fruits,85,2023.0,Tourisme,GROUPE BERTRAND,DNA PARADIS GROUP (LE P...,50-150 M€,Prise de participation,n.d.,,,,,,,,,,,,,
17 oct. 2024,INOCAP GESTION,France |,Société de gestion de portefeuille spécialisée dans les actions européennes de croissance,nan,nan,nan,GROUPAMA ASSET MANAGEMENT,FONDATEUR(S),0-20 M€,M&A Corporate,0-20,,,,,,,,,,,,,
17 oct. 2024,DRAGON2000,Royaume-Uni |,Éditeur de logiciels à destination de professionnels de l’après-vente du service automobile britannique,nan,nan,Logiciel et services informatiques,GROUPE LACOUR,FONDATEUR(S),n.d.,Build-up international,n.d.,,,,,,,,,,,,,
16 oct. 2024,A-DJ SERVICES (HEPP'TAXI),France |,Transports,nan,nan,nan,nan,FONDATEUR(S),n.d.,M&A (Int'l),n.d.,,,,,,,,,,,,,
16 oct. 2024,HEMERIA SURVEILLANCE (EX ASTAREON),France |,Fournisseur de données et de services liés à la sécurité et la sûreté au delà de l'atmosphère (données de surveillance des objets présents en orbite basse),nan,nan,Automobile,HEMERIA,ONERA (OFFICE NATIONAL ...,0-20 M€,Build-up,0-20,,,,,,,,,,,,,
16 oct. 2024,SOCIÉTÉ LE GRAND MOULIN DU CAMERO...,Cameroun |,Moulins produisant de la farine de blé,nan,nan,nan,CADYST GROUP,GROUPE CASTEL,n.d.,M&A (Int'l),n.d.,,,,,,,,,,,,,
16 oct. 2024,GROUPE CLIMASET (SET SUD EST,France |,Installation de systèmes CVC,13,2023.0,Immobilier & construction,SYCLEF,MANAGER(S),10-15 M€,Build-up,n.d.,,,,,,,,,,,,,
16 oct. 2024,KYRIBA,États-Unis |,Éditeur d'une solution de gestion de la liquidité des entreprises internationales,321,2024.0,Logiciel et services informatiques,BRIDGEPOINT,FONDATEUR(S),2 700 M€,LBO Bis,nan,,,,,,,,,,,,,
16 oct. 2024,FIVE MOBILITY,Royaume-Uni |,Fournisseur d'équipements bariatriques et spécialisés,5,2024.0,Produits Pharmaceutiques & matériel médical,WINNCARE GROUP,FONDATEUR(S),10-15 M€,Build-up international,10-15,,,,,,,,,,,,,
16 oct. 2024,SIAP,Italie |,Fournisseur de solutions ERP pour les agences de voyages d’affaires,5,2024.0,Logiciel et services informatiques,CDS GROUPE,FONDATEUR(S),0-20 M€,Build-up international,0-20,,,,,,,,,,,,,
16 oct. 2024,CTP ENVIRONNEMENT,France |,Groupe de nettoyage chimique des sites industriels et de traitement d’effluents,45,2023.0,Produits & Services industriels,ANDERA PARTNERS,MANAGER(S),20-50 M€,LBO IV,n.d.,,,,,,,,,,,,,
16 oct. 2024,CHEM ARROW CORPORATION,États-Unis |,Producteur de fluides pour le travail des métaux et de lubrifiants pour l'emboutissage des tôles utilisées dans le CVC (Chauffage,nan,nan,Matières premières & industries de base (minerais,MOTUL,MANAGER(S),20-50 M€,M&A (Int'l),20-50,,,,,,,,,,,,,
16 oct. 2024,LAPAIRE,Côte d’Ivoire |,Enseigne d'optique,nan,nan,nan,AFRICINVEST,nan,n.d.,Augmentation de capital,n.d.,,,,,,,,,,,,,
16 oct. 2024,COUP DE POING,France |,Solutions BtoB en fidélisation client,5.03,2023.0,Média,DÉKUPLE (EX ADLPERFORMA...,MANAGER(S),0-5 M€,Prise de participation,0-5,,,,,,,,,,,,,
16 oct. 2024,AXEO SERVICES NANCY,France |,Spécialiste des services à la personne,0.70,2023.0,Services & Biens de consommation,nan,AXEO SERVICES,n.d.,M&A Corporate,n.d.,,,,,,,,,,,,,
16 oct. 2024,TRACKING TECHNOLOGY KNOWLEDGE (TTK),France |,Conception et fabrication d’instruments de détection de fuites de liquide pour les environnements critiques,nan,nan,Produits & Services industriels,IDI,FONDATEUR(S),50-150 M€,OBO,n.d.,,,,,,,,,,,,,
16 oct. 2024,HYDROPROCESS,France |,Concepteur et fabricant de machines spéciales sur mesure,11.50,2023.0,Produits & Services industriels,EVOLEM,FONDATEUR(S),15-20 M€,MBI,0-20,,,,,,,,,,,,,
16 oct. 2024,TEPSA (EX RUBIS TERMINAL),France |,Stockage de produits pétroliers,267,2023.0,nan,I SQUARED CAPITAL,RUBIS,n.d.,Cession de titres,nan,,,,,,,,,,,,,
16 oct. 2024,GROUPE GESTI-PRO,France |,Société de prestations de nettoyage pour les entreprises,15,2023.0,Services & Conseil aux entreprises,GROUPE NSI (EX NETTE SE...,FONDATEUR(S),15-20 M€,M&A Corporate,15-20,,,,,,,,,,,,,
15 oct. 2024,TRANSPORTS TRAZIT,France |,Transport de marchandises,7.50,2023.0,nan,nan,GALIA GESTION,0-5 M€,Sponsorless,n.d.,,,,,,,,,,,,,
15 oct. 2024,SPORT NATURE,France |,Conception,10,2023.0,Tourisme,UI INVESTISSEMENT,FONDATEUR(S),20-50 M€,BIMBO,0-20,,,,,,,,,,,,,
15 oct. 2024,WATCH NEXT MEDIA,France |,Production audiovisuelle,15,2023.0,Média,GROUPE SUPERPROD,FONDATEUR(S),0-20 M€,Build-up,n.d.,,,,,,,,,,,,,
15 oct. 2024,FIM MEDICAL,France |,Concepteur,nan,nan,Produits Pharmaceutiques & matériel médical,ARCHIMED GROUP,MANAGER(S),n.d.,Augmentation de capital,n.d.,,,,,,,,,,,,,
15 oct. 2024,AUXO DYNAMICS,France |,Éditeur d'un logiciel de collecte,nan,nan,Logiciel et services informatiques,ARKEA CAPITAL,nan,5-10 M€,1er tour,nan,,,,,,,,,,,,,
15 oct. 2024,MICROPOLE,France |,Conseil et ingénierie en système d'information,141.90,2023.0,Services & Conseil aux entreprises,TALAN,EURONEXT GROWTH (EX ALT...,30.25 M€,OPA,nan,,,,,,,,,,,,,
14 oct. 2024,TANDEMZ,France |,Plateforme en libre-service dédiée au recrutement de participants pour des recherches utilisateur,400,2023.0,Internet & ecommerce,BILENDI (EX MAXIMILES),FONDATEUR(S),n.d.,M&A Corporate,n.d.,,,,,,,,,,,,,
14 oct. 2024,INVENTIVA,France |,Biotech développant des thérapies en oncologie,17.50,2023.0,nan,NEW ENTERPRISE ASSOCIAT...,nan,250-500 M€,Augmentation de capital,nan,,,,,,,,,,,,,
14 oct. 2024,PEERSGROUP,France |,Cabinet de conseil en Management,30,2023.0,Services & Conseil aux entreprises,NEXTSTAGE AM,n.d.,20-50 M€,OBO,n.d.,,,,,,,,,,,,,
14 oct. 2024,COMINTY,France |,Éditeur d'un logiciel d’optimisation de la recherche d'information en entreprise par l’intelligence artificielle générative,nan,nan,Logiciel et services informatiques,ADNEXUS (GROUPE ADSN),nan,5 M€,Amorçage (seed),nan,,,,,,,,,,,,,
14 oct. 2024,COVERGARDEN (SITOFLOR),France |,Commercialisation de gazon naturel en rouleaux et de gazon synthétique,8,2023.0,Services & Biens de consommation,CREDIT MUTUEL EQUITY,nan,n.d.,Augmentation de capital,0-5,,,,,,,,,,,,,
14 oct. 2024,ALTITAD (ALTITUDE TAD),France |,Spécialiste dans les interventions difficiles en milieux urbains et industriels et dans les opérations de sécurisation de sites liés aux phénomènes climatiques (tempêtes,2,2023.0,Immobilier & construction,GROUPE JARNIAS,MANAGER(S),n.d.,Build-up,n.d.,,,,,,,,,,,,,
14 oct. 2024,HALLORAN CONSULTING GROUP,États-Unis |,Conseil en développement produits et stratégie réglementaire auprès des biotechs,25,2023.0,Santé,PRODUCTLIFE CONSULTING ...,FONDATEUR(S),0-20 M€,Build-up international,0-20,,,,,,,,,,,,,
14 oct. 2024,ROUTIN,France |,Producteur et distributeur de sirops,nan,nan,nan,ARGOS,SEVEN2 DEVELOPMENT (EX ...,50-150 M€,LBO Ter,50-150,,,,,,,,,,,,,
11 oct. 2024,SYNERLAB,France |,Sous-traitant pharmaceutique,180,2024.0,Produits Pharmaceutiques & matériel médical,BLUE WOLF CAPITAL PARTNERS,21 INVEST,150-250 M€,LBO Ter,n.d.,,,,,,,,,,,,,
11 oct. 2024,ASTIER DE VILLATTE,France |,Créateur d’objets créatifs : céramiques artisanales,nan,nan,Textile,VESPER INVESTISSEMENT,FONDATEUR(S),20-50 M€,Augmentation de capital,n.d.,,,,,,,,,,,,,
11 oct. 2024,HERRMANN TP,France |,Entreprise familiale spécialisée dans les travaux publics.,12.40,2023.0,Immobilier & construction,BPIFRANCE INVESTISSEMENT,MANAGER(S),0-20 M€,MBO,n.d.,,,,,,,,,,,,,
11 oct. 2024,DEMENEGO,Italie |,Enseigne de magasin d’optique en Italie,35,2023.0,Services & Biens de consommation,MONTEFIORE INVESTMENT,VAM INVESTMENTS,50-150 M€,LBO Primaire,n.d.,,,,,,,,,,,,,
11 oct. 2024,VENPA,Italie |,Loueur de nacelles élévatrices,100,2024.0,Immobilier & construction,SAGARD,ACTIONNAIRES FAMILIAUX,250-500 M€,LBO Primaire,50-150,,,,,,,,,,,,,
10 oct. 2024,BONUM GROUP (ADFINITAS),France |,Agences de marketing relationnel pour les organismes à but non lucratif et centre d'appels,35,2023.0,Média,FLORAC,TRAJAN,50-150 M€,LBO Bis,n.d.,,,,,,,,,,,,,
10 oct. 2024,HUMENSIS (EX PRESSES UNIVERSITAIR...,France |,Éditeur comprenant notamment les marques Belin,35,2023.0,Média,ALBIN MICHEL,SCOR,20-50 M€,Prise de participation,20-50,,,,,,,,,,,,,
10 oct. 2024,PARIS FOOTBALL CLUB (PARIS FC),France |,Club de football,18,2023.0,Tourisme,FINANCIÈRE AGACHE,BAHRAIN MUMTALAKAT HOLD...,20-50 M€,M&A (Int'l),n.d.,,,,,,,,,,,,,
10 oct. 2024,FIT IMMERSION,France |,Sportech spécialisée dans les expériences immersives en vélo par la réalité virtuelle,0.11,2023.0,Logiciel et services informatiques,KINOMAP,FONDATEUR(S),0-5 M€,M&A Corporate,0-5,,,,,,,,,,,,,
10 oct. 2024,PÔLE FINE ART LOGISTICS D'HORUS F...,France |,Services dans les arts,225,2023.0,nan,ANDERA PARTNERS,HORUS FINANCE,250-500 M€,LBO Primaire,n.d.,,,,,,,,,,,,,
10 oct. 2024,SWISS PHARMA NIGERIA (SWIPHA),Nigeria |,Laboratoire spécialisé dans les médicaments génériques,nan,nan,Produits Pharmaceutiques & matériel médical,MICRO LABS,SERVIER,n.d.,M&A (Int'l),n.d.,,,,,,,,,,,,,
10 oct. 2024,INTHY,France |,Développement et exploitation d’infrastructures de production d’énergies renouvelables (solaire,7,2023.0,nan,ANDERA PARTNERS,nan,n.d.,Augmentation de capital,nan,,,,,,,,,,,,,
10 oct. 2024,ZINQ BEAUJOLAIS (EX PERRIGAULT GA...,France |,Galvanisation à chaud de pièces métalliques,4,2022.0,Produits & Services industriels,ZINQ,GARIBALDI PARTICIPATIONS,0-20 M€,Sortie M&A Corporate,0-20,,,,,,,,,,,,,
09 oct. 2024,WIT,France |,Concepteur,15,2024.0,Electronique & Informatique,LT CAPITAL,FONDATEUR(S),0-20 M€,MBO,n.d.,,,,,,,,,,,,,
09 oct. 2024,DAY USE (DAYUSE.COM),France |,Service en ligne de réservation de chambres d'hôtels en journée,22,2023.0,Internet & ecommerce,MBO+,EURAZEO GLOBAL INVESTOR,50-150 M€,LBO Primaire,n.d.,,,,,,,,,,,,,
09 oct. 2024,ANTOLI IMPRIMEUR,France |,Impression offset et packaging (emballages dans perspective publicitaire),5,2023.0,Produits & Services industriels,GENERIS CAPITAL PARTNERS,nan,5-10 M€,Augmentation de capital,nan,,,,,,,,,,,,,
08 oct. 2024,ATREAM (INVESTISSEUR),France |,Plateforme d’investissement dans l’industrie du tourisme.,nan,nan,Immobilier & construction,CARAC - GROUP EPARGNE R...,NEXTSTAGE AM,n.d.,Cession de titres,n.d.,,,,,,,,,,,,,
08 oct. 2024,KSHUTTLE,France |,Solutions logicielles destinées au pilotage de la performance financière et extra-financière des entreprises,14,2024.0,Logiciel et services informatiques,SAGARD,FONDATEUR(S),20-50 M€,Cession de titres,20-50,,,,,,,,,,,,,
08 oct. 2024,STANLEY ROBOTICS,France |,Concepteur de robots de stationnement automatisés (robots voituriers extérieurs pour le stationnement aéroportuaire et la logistique des véhicules),nan,nan,Electronique & Informatique,HL (EX HALLA),ELAIA PARTNERS,30.50 M€,M&A (Int'l),nan,,,,,,,,,,,,,
08 oct. 2024,INAPA PACKAGING FRANCE,France |,Distribution d’emballages primaires et tertiaires,60,2023.0,Produits & Services industriels,FIDEL FILLAUD,INAPA IPG,20-50 M€,Build-up,nan,,,,,,,,,,,,,
08 oct. 2024,LEBRONZE ALLOYS (EX LE BRONZE IND...,France |,Fabricant d’alliages à base de bronze et de nickel,239,2023.0,Produits & Services industriels,ASTORG,BPIFRANCE INVESTISSEMENT,500-1000 M€,LBO IV,n.d.,,,,,,,,,,,,,
08 oct. 2024,UN BIJOU À PARIS (EX ALTESSE - LE...,France |,Fabricant de bijoux sous les marques Les Georgettes et Les Cadettes),23.30,2023.0,Textile,nan,RENAISSANCE LUXURY GROUP,0.75 M€,Retournement,0-5,,,,,,,,,,,,,
07 oct. 2024,ALCOM,France |,Agence de communication digitale spécialisée dans la création de sites internet et de sites pour mobile,0.59,2023.0,Internet & ecommerce,GROUPE COHÉRENCE,FONDATEUR(S),0-5 M€,Build-up,0-5,,,,,,,,,,,,,
07 oct. 2024,ACTIVITÉS MONDIALES D'ANALYSES AL...,France |,Activités d'analyses alimentaires en laboratoire de Bureau Veritas : analyses microbiologiques et chimiques,133,2023.0,Services & Conseil aux entreprises,MÉRIEUX NUTRISCIENCES,BUREAU VERITAS,360 M€,Carve-out,nan,,,,,,,,,,,,,
07 oct. 2024,SIGEBENE,France |,Travaux d’ébénisterie d’art,10,2023.0,Textile,LINDERA (EX-EVOLUMAG),FONDATEUR(S),0-20 M€,Build-up,n.d.,,,,,,,,,,,,,
07 oct. 2024,ALCURA FRANCE,France |,Distributeur de solutions de soins à domicile,60,2023.0,Santé,MUTARES AG,ALLIANCE HEALTHCARE,5-10 M€,Retournement,5-10,,,,,,,,,,,,,
07 oct. 2024,SIMONE & NELSON (EX ACTIVITÉ HIST...,France |,Agence de conférenciers,nan,nan,Média,SALARIES,KOLSQUARE,n.d.,Carve-out,n.d.,,,,,,,,,,,,,
07 oct. 2024,KOLSQUARE,France |,Éditeur d’un logiciel Saas mettant en relation des marques et des influenceurs,nan,nan,Logiciel et services informatiques,TEAM.BLUE,CAPHORN INVEST,n.d.,Build-up international,n.d.,,,,,,,,,,,,,
07 oct. 2024,VALOREM,France |,Opérateur en énergies renouvelables,184,2023.0,nan,AIP MANAGEMENT,nan,>1000 M€,Augmentation de capital,nan,,,,,,,,,,,,,
07 oct. 2024,VALOREM,France |,Opérateur en énergies renouvelables,184,2023.0,nan,AIP MANAGEMENT,3I,>1000 M€,Cession de titres,nan,,,,,,,,,,,,,
07 oct. 2024,PAGOLINE (ATLANTIC INGENIERIE),France |,Ingénierie et conseil appliqués aux réseaux et aux infrastructures,60,2024.0,Services & Conseil aux entreprises,VULCAIN ENGINEERING,SODERO (EX SODERO GESTION),20-50 M€,Build-up,n.d.,,,,,,,,,,,,,
07 oct. 2024,YOUNITED,France |,Plateforme internet de crédit à la consommation,118,2023.0,Internet & ecommerce,IRIS FINANCIAL,n.d.,600 M€,Fusion,n.d.,,,,,,,,,,,,,
07 oct. 2024,MS INDUSTRIE,France |,Concepteur de machines et équipements industriels,12,2023.0,Produits & Services industriels,CREDIT AGRICOLE ILLE ET...,FONDATEUR(S),0-20 M€,MBI,n.d.,,,,,,,,,,,,,
04 oct. 2024,BREIZH INVEST PME,France |,Société de capital-risque (SCR) dédiée aux PME bretonnes,nan,nan,nan,REGION BRETAGNE,nan,n.d.,Augmentation de capital,nan,,,,,,,,,,,,,
04 oct. 2024,TECHNOFLEX,France |,Conditionnement de solutions injectables,50,2023.0,Produits Pharmaceutiques & matériel médical,ADAGIA PARTNERS,MANAGER(S),150-250 M€,LBO Bis,150-250,,,,,,,,,,,,,
04 oct. 2024,NEXTEP HEALTH,France |,Cabinet de conseil spécialisé dans l’accès au marché et les affaires publiques,6,2023.0,Services & Conseil aux entreprises,PRODUCTLIFE CONSULTING ...,FONDATEUR(S),15-20 M€,Build-up,nan,,,,,,,,,,,,,
04 oct. 2024,SERELYS PHARMA,Monaco |,Commercialisation et distribution de médicaments à base de plantes pour traiter les troubles liés aux changements hormonaux chez la femme,20,2023.0,Produits Pharmaceutiques & matériel médical,UPSA,ACTIONNAIRES FAMILIAUX,50-150 M€,M&A (Int'l),n.d.,,,,,,,,,,,,,
04 oct. 2024,IRAISER,France |,Éditeur de solutions logicielles de collecte en ligne pour les organisations à but non lucratif,nan,nan,Logiciel et services informatiques,LEETCHI (HOLDING DONORA),MANAGER(S),0-20 M€,Build-up,0-20,,,,,,,,,,,,,
04 oct. 2024,PATTE BLANCHE,France |,Agence hybride de conseil et de communication,nan,nan,Média,BONUM GROUP (ADFINITAS),FONDATEUR(S),0-5 M€,Build-up,0-5,,,,,,,,,,,,,
04 oct. 2024,LEETCHI (HOLDING DONORA),France |,Spécialiste des cagnottes en ligne,nan,nan,Internet & ecommerce,21 INVEST,ADVENT INTERNATIONAL,50-150 M€,LBO Primaire,n.d.,,,,,,,,,,,,,
04 oct. 2024,SPHERE,France |,Fabricant d'emballages ménagers majoritairement issus de matériaux recyclés ou biosourcés compostables,800,2023.0,Produits & Services industriels,HIVEST CAPITAL PARTNERS,ORFITE,250-500 M€,Cession de titres,n.d.,,,,,,,,,,,,,
04 oct. 2024,ADELSY,Italie |,Distributeur de solutions d’affichage sur écran tactile HMI,11,2023.0,Electronique & Informatique,STELIAU TECHNOLOGY,MANAGER(S),0-20 M€,Build-up international,0-20,,,,,,,,,,,,,
04 oct. 2024,FINTHESIS,France |,Solution tout-en-un de reporting et de data-visualisation pour les experts-comptables et directeurs financiers,nan,nan,Logiciel et services informatiques,VISMA,FONDATEUR(S),0-20 M€,Build-up international,n.d.,,,,,,,,,,,,,
04 oct. 2024,PÔLE LEONARD DE VINCI,France |,Écoles d'enseignement supérieur : ESILV (École Supérieure d’Ingénieurs Léonard de Vinci),100,2023.0,Services & Biens de consommation,AD EDUCATION,MANAGER(S),300 M€,Build-up,n.d.,,,,,,,,,,,,,
03 oct. 2024,NAUTEX,France |,Distribution d'équipements nautiques techniques,nan,nan,nan,nan,FONDATEUR(S),n.d.,M&A Corporate,0-20,,,,,,,,,,,,,
03 oct. 2024,ALPHASUD RADIO,France |,Grossiste multimarques spécialisé dans la distribution de matériel de radio pour les professionnels,8,2023.0,nan,NEATECH GROUP,FONDATEUR(S),5-10 M€,Build-up,5-10,,,,,,,,,,,,,
03 oct. 2024,ITESA,France |,Produits techniques de sécurité,78,2023.0,Produits & Services industriels,REXEL,MANAGER(S),50-150 M€,M&A Corporate,n.d.,,,,,,,,,,,,,
03 oct. 2024,BILLY (BILLY BY PENNYLANE),France |,Intégrations clé-en-main de solutions de gestion et d’outils métiers,nan,nan,Logiciel et services informatiques,PENNYLANE,FONDATEUR(S),0-20 M€,M&A Corporate,n.d.,,,,,,,,,,,,,
03 oct. 2024,MADEMOISELLE DESSERTS (EX EUROPEE...,France |,Fabrication industrielle de pâtisseries surgelées,420,2023.0,nan,EMMI GROUP,IK PARTNERS (EX-IK INVE...,900 M€,Sortie M&A Corporate,nan,,,,,,,,,,,,,
03 oct. 2024,LA QUERCYNOISE,France |,Coopératives agricoles spécialisée dans la production,80,2023.0,nan,nan,n.d.,n.d.,Financement,nan,,,,,,,,,,,,,
03 oct. 2024,EPIONE (KPL,France |,Acteur dans le marché français de la communication médicale et scientifique.,5,2023.0,Santé,ENOSIUM LIFE SCIENCE,FONDATEUR(S),0-20 M€,Build-up,0-20,,,,,,,,,,,,,
03 oct. 2024,VYOO AGENCY,France |,Conseil dans l'économie de la santé et des évaluations médico-économiques (HEOR),5,2023.0,Santé,ENOSIUM LIFE SCIENCE,FONDATEUR(S),0-20 M€,Build-up,0-20,,,,,,,,,,,,,
03 oct. 2024,INBEEO,Royaume-Uni |,Conseil de référence experte dans les stratégies de l'accès au marché des médicaments en Europe.,5,2023.0,Santé,ENOSIUM LIFE SCIENCE,FONDATEUR(S),0-20 M€,Build-up international,0-20,,,,,,,,,,,,,
03 oct. 2024,PINARD BEAUTY PACK (PINARD EMBALL...,France |,Producteur de flacons pour l’industrie cosmétique et parapharmaceutique,75,2023.0,Produits & Services industriels,BLUEGEM CAPITAL PARTNERS,MANAGER(S),190 M€,LBO Bis,n.d.,,,,,,,,,,,,,
02 oct. 2024,FAMECO,France |,Spécialiste du reconditionnement de matériel médical de seconde main,20,2023.0,Produits Pharmaceutiques & matériel médical,SURPLUS SOLUTIONS,FONDATEUR(S),20 M€,Build-up international,20-50,,,,,,,,,,,,,
02 oct. 2024,IMAGERIE MEDICALE PARIS CENTRE (I...,France |,Imagerie médicale,25,2023.0,Santé,QUALIUM INVESTISSEMENT,n.d.,50-150 M€,LBO Primaire,20-50,,,,,,,,,,,,,
02 oct. 2024,W3LEAD,France |,Création de site e-commerce sur-mesure,nan,nan,Internet & ecommerce,SYNOLIA,FONDATEUR(S),0-20 M€,Build-up,0-20,,,,,,,,,,,,,
02 oct. 2024,TOMA INTÉRIM,France |,Agence d'intérim spécialisée dans les secteurs du BTP,30,2023.0,Services & Conseil aux entreprises,DOMINO RH,FONDATEUR(S),10-15 M€,M&A Corporate,10-15,,,,,,,,,,,,,
02 oct. 2024,DRAWER,France |,Distribution en ligne de mobilier,19.20,2023.0,Internet & ecommerce,MAGASINS BUT,FONDATEUR(S),20-50 M€,Build-up,n.d.,,,,,,,,,,,,,
02 oct. 2024,NEATECH GROUP,France |,Fournisseur d'interfaces homme-machine,23,2023.0,nan,PLEIADE INVESTISSEMENT,nan,n.d.,Augmentation de capital,n.d.,,,,,,,,,,,,,
02 oct. 2024,ATIB,France |,Fournisseur d’équipement de ventilation et de traitement d’air,nan,nan,Produits & Services industriels,LINDAB,MANAGER(S),n.d.,M&A (Int'l),n.d.,,,,,,,,,,,,,
02 oct. 2024,BELHARRA NUMERIQUE,France |,ESN spécialisée dans les activités d’intégration et de maintenance de solutions collaboratives (Abby,3.60,2023.0,Logiciel et services informatiques,AXIANS,BELHARRA,10-15 M€,Carve-out,0-5,,,,,,,,,,,,,
02 oct. 2024,EUROMIP (VOIR NEATECH GROUP),France |,Distribution de sous-ensembles électroniques pour l'aérospatiale,8,2023.0,nan,NEATECH GROUP,PLEIADE INVESTISSEMENT,5-10 M€,Fusion,n.d.,,,,,,,,,,,,,
02 oct. 2024,CREATIVE IT,France |,Éditeur-intégrateur de logiciels de systèmes d’ingénierie de fabrication,3.60,2023.0,Logiciel et services informatiques,TOTAL SPECIFIC SOLUTION...,GROUPE PRECIA MOLEN,0-20 M€,M&A (Int'l),0-20,,,,,,,,,,,,,
02 oct. 2024,KARD,France |,Banque en ligne pour les jeunes,1.40,2023.0,nan,ERL INVEST (THK CAPITAL),FOUNDERS FUTURE,0-5 M€,Retournement,0-5,,,,,,,,,,,,,
02 oct. 2024,RAMDAM (SCOUT),France |,Production de contenus UGC grâce à l’IA,nan,nan,Logiciel et services informatiques,THE MOON VENTURE,nan,0-20 M€,Amorçage (seed),nan,,,,,,,,,,,,,
02 oct. 2024,TXCUBE,France |,Outsourcing intelligent pour l’électronique,12.50,2023.0,Electronique & Informatique,ALLIANCE ELECTRONICS,ANDERA PARTNERS,15-20 M€,Build-up,15-20,,,,,,,,,,,,,
01 oct. 2024,360 TELECOM,Canada |,Spécialisé dans les services informatiques et des solutions technologiques tels que l’infogérance,nan,nan,Logiciel et services informatiques,ALAN ALLMAN ASSOCIATES,MANAGER(S),n.d.,M&A (Int'l),n.d.,,,,,,,,,,,,,
01 oct. 2024,ARGIL,France |,Éditeur d'un logiciel,nan,nan,Logiciel et services informatiques,EQT,nan,0-20 M€,1er tour,nan,,,,,,,,,,,,,
01 oct. 2024,ODF (OD FORMATION),France |,Formations pour la prévention des risques professionnels,5,2023.0,Services & Conseil aux entreprises,PILOCAP FORMATION PREVE...,MANAGER(S),0-20 M€,Build-up,0-20,,,,,,,,,,,,,
01 oct. 2024,CYBER GURU,Italie |,Plateforme de formation de sensibilisation à la cybersécurité,nan,nan,Logiciel et services informatiques,RIVERSIDE ACCELERATION ...,nan,n.d.,2e tour,nan,,,,,,,,,,,,,
01 oct. 2024,RBB BUSINESS ADVISORS,France |,Due diligence financière,5,2023.0,Services & Conseil aux entreprises,ZEDRA GROUP,MANAGER(S),0-20 M€,Build-up international,n.d.,,,,,,,,,,,,,
01 oct. 2024,CTL 76,France |,Spécialiste de la tuyauterie industrielle et petite chaudronnerie,1.30,2023.0,Produits & Services industriels,ATLANTIQUE RÉALISATION ...,MANAGER(S),0-5 M€,Build-up,0-5,,,,,,,,,,,,,
01 oct. 2024,SCAF,France |,Formation CATEC® (Certificat d’Aptitude à Travailler en Espaces Confinés) à destination des travailleurs intervenant dans les égouts,1,2023.0,Services & Conseil aux entreprises,PILOCAP FORMATION PREVE...,MANAGER(S),0-20 M€,Build-up,0-20,,,,,,,,,,,,,
01 oct. 2024,AG SOLUTION,Belgique |,ESN spécialisée dans la transformation digitale pour l’industrie,nan,nan,Logiciel et services informatiques,SAPHIR (EX SOFYNE ACTIV...,FONDATEUR(S),n.d.,Build-up international,nan,,,,,,,,,,,,,
01 oct. 2024,STELLAR GLOBAL,Royaume-Uni |,Agence marketing spécialisée dans l’expérience client et les contenus live pour les marques,11,2023.0,Média,MARVESTING (EX IMPACT F...,FONDATEUR(S),10-15 M€,Build-up international,10-15,,,,,,,,,,,,,
01 oct. 2024,GECAPE,France |,Spécialiste des solutions techniques pour l’étanchéité des bâtiments avec une spécialisation sur la membrane PVC,5.50,2023.0,Immobilier & construction,GROUPE DOUMER,MANAGER(S),0-20 M€,M&A Corporate,0-20,,,,,,,,,,,,,
01 oct. 2024,SATERM,France |,Génie électrique et climatique,18,2023.0,Immobilier & construction,ORTEC GROUPE,MANAGER(S),0-20 M€,M&A Corporate,0-20,,,,,,,,,,,,,
01 oct. 2024,PROMOROUTE FORMATION,France |,Organisme spécialisé dans les formations CACES (Certificat d'aptitude à la conduite en sécurité) pour les engins de chantier et autres véhicules techniques,2,2023.0,Services & Conseil aux entreprises,GO ! FORMATIONS,FONDATEUR(S),0-5 M€,Build-up,0-5,,,,,,,,,,,,,
01 oct. 2024,AURA AERO,France |,Constructeur d'avions éco-efficients et à faibles émissions de carbone,nan,nan,Automobile,EDF,nan,250-500 M€,2e tour,0-5,,,,,,,,,,,,,
01 oct. 2024,XPLN.AI,France |,Adtech éditant une solution de mesure de l'efficacité publicitaire et de l'attention,nan,nan,Logiciel et services informatiques,VENTECH,nan,20-50 M€,1er tour,nan,,,,,,,,,,,,,
01 oct. 2024,STARTIN'BLOX,France |,Fournisseur d'une solution de mutualisation et de souveraineté des données entre entreprises,0.60,2024.0,Logiciel et services informatiques,COOPVENTURE,nan,n.d.,Amorçage (seed),nan,,,,,,,,,,,,,
01 oct. 2024,SAGEAU,France |,Assainissement individuel et collecte d’eau de pluie,nan,nan,Environnement & CleanTechs,DOMOCARE (EX LANTANA PA...,n.d.,0-20 M€,Build-up,0-20,,,,,,,,,,,,,
01 oct. 2024,DOMOCARE (EX LANTANA PAYSAGE),France |,Paysagiste pour particuliers et entreprises,15,2023.0,Services & Biens de consommation,CAPELIA,n.d.,0-20 M€,MBO,n.d.,,,,,,,,,,,,,
01 oct. 2024,SAMARA,Espagne |,Entreprise d’énergie solaire qui aide les ménages à passer à un modèle énergétique plus durable.,nan,nan,nan,GREEN GENERATION FUND,nan,0-5 M€,1er tour,nan,,,,,,,,,,,,,
01 oct. 2024,MAGYAR CETELEM BANK,Hongrie |,Banque filiale de Cetelem,nan,nan,nan,COFIDIS,BNP PARIBAS PERSONAL FI...,n.d.,M&A (Int'l),n.d.,,,,,,,,,,,,,
01 oct. 2024,CODIM 2,France |,Exploitation d'hypermarchés,332,2023.0,nan,AUCHAN RETAIL,GROUPE CASINO,n.d.,M&A Corporate,n.d.,,,,,,,,,,,,,
01 oct. 2024,KPMG RESTRUCTURING FRANCE,France |,Branche restructuring de KPMG France,nan,nan,nan,INTERPATH ADVISORY,KPMG,n.d.,Build-up,n.d.,,,,,,,,,,,,,
01 oct. 2024,TELLUS (EX ACTIVITÉS DE NUTRITION...,France |,Activités de nutrition animale : Axéréal Elevage,234,2022.0,nan,SANDERS,AXEREAL,20-50 M€,M&A Corporate,n.d.,,,,,,,,,,,,,
01 oct. 2024,KALHYGE (EX REGIE LINGE DEVELOPPE...,France |,Location et entretien du linge professionnel et d’équipements d’hygiène pour des acteurs de la santé,243,2023.0,Services & Conseil aux entreprises,ANETT,NEHS DÉVELOPPEMENT (NEHS),50-150 M€,Prise de participation,50-150,,,,,,,,,,,,,
01 oct. 2024,IDP GROUP,Espagne |,Modélisation de bâtiment immobilier (BIM),30.20,2023.0,Logiciel et services informatiques,BUREAU VERITAS,n.d.,20-50 M€,M&A (Int'l),20-50,,,,,,,,,,,,,
01 oct. 2024,ALIGNED INCENTIVES,États-Unis |,Solutions de planification de la durabilité des entreprise basées sur l'intelligence artificielle,3.50,2023.0,Logiciel et services informatiques,BUREAU VERITAS,FONDATEUR(S),0-20 M€,M&A (Int'l),0-20,,,,,,,,,,,,,
01 oct. 2024,L'ATELIER DU CHOCOLAT (SAS ANDRIEU),France |,Fabrication et vente de chocolats et produits chocolatés artisanaux,11,2024.0,nan,AGOUR,ACTIONNAIRES FAMILIAUX,0-20 M€,M&A Corporate,0-20,,,,,,,,,,,,,
01 oct. 2024,REUDIS (DELICE ET CREATION REUNION),France |,Distributeur de produits alimentaires et non alimentaires aux boulangers-pâtissiers,7.50,2023.0,nan,BOULANGERIE YONG,POMONA,0-20 M€,M&A Corporate,0-20,,,,,,,,,,,,,
01 oct. 2024,BIOMASSE SERVICES & MAINTENANCE,France |,Maintenance de chaudières biomasse,nan,nan,nan,DALL ENERGY,ROULLIER,20-50 M€,Build-up international,20-50,,,,,,,,,,,,,
01 oct. 2024,ALENIUM CONSULTANTS,France |,Conseil en organisation dans le secteur public,5.50,2023.0,Services & Conseil aux entreprises,KLEE GROUP,FONDATEUR(S),0-20 M€,Build-up,0-20,,,,,,,,,,,,,
01 oct. 2024,PARGAUD,France |,Spécialiste de l’isolation extérieure et intérieure,3.30,2023.0,Immobilier & construction,GROUPE VITTORI,FONDATEUR(S),0-20 M€,Build-up,0-20,,,,,,,,,,,,,
01 oct. 2024,HUBCYCLE (GREEN MOLECULAR RESPONSE),France |,Technologie de conversion des déchets végétaux en matières premières pour l'industrie alimentaire et cosmétique,7,2024.0,Environnement & CleanTechs,ETF PARTNERS (ENVIRONME...,nan,20-50 M€,1er tour,nan,,,,,,,,,,,,,
01 oct. 2024,OPTIMUM AUTOMOTIVE,France |,Services connectés pour flottes automobiles,16.50,2023.0,Logiciel et services informatiques,SHIFTMOVE,DEMETER,50-150 M€,M&A (Int'l),n.d.,,,,,,,,,,,,,
01 oct. 2024,ECOVITALIS,France |,Bureau d’études techniques sur les fluides spécialisé dans la géothermie,1,2023.0,Immobilier & construction,GROUPE IMING,MANAGER(S),0-5 M€,M&A Corporate,0-5,,,,,,,,,,,,,
01 oct. 2024,ESKIMOZ,France |,Agence de référencement naturel (SEO) et payant (SEA),30,2023.0,Média,SIPAREX,MOMENTUM INVEST,50-150 M€,LBO Bis,20-50,,,,,,,,,,,,,
01 oct. 2024,PARIS MATCH,France |,Magazine people,52,2023.0,Média,LVMH,GROUPE LAGARDÈRE,120 M€,M&A Corporate,nan,,,,,,,,,,,,,
30 sept. 2024,LCP NETTOYAGE,France |,Nettoyage des bâtiments,nan,nan,Services & Conseil aux entreprises,AS NET SERVICE,FONDATEUR(S),0-5 M€,M&A Corporate,0-5,,,,,,,,,,,,,
30 sept. 2024,MI CONCEPT,France |,Bureau d’études spécialisé dans la réalisation et la modification de schémas électriques de signalisation des chemins de fer,0.45,2023.0,Services & Conseil aux entreprises,IT LINK,FONDATEUR(S),0-5 M€,M&A Corporate,0-5,,,,,,,,,,,,,
30 sept. 2024,OPERAE PARTNERS,France |,Cabinet de conseil et de formation en performance opérationnelle (lean management) pour les fonctions IT,4,2023.0,Services & Conseil aux entreprises,CUBIK,FONDATEUR(S),0-20 M€,Build-up,n.d.,,,,,,,,,,,,,
30 sept. 2024,FRENCH BLOOM,France |,Boisson pétillante biologique sans alcool,3,2023.0,nan,MOËT HENNESSY,FONDATEUR(S),0-20 M€,Prise de participation,0-20,,,,,,,,,,,,,
30 sept. 2024,FLOWBIRD,France |,Fournisseur de solutions technologiques de parking et de transport,nan,nan,nan,EASYPARK,MANAGER(S),n.d.,M&A (Int'l),n.d.,,,,,,,,,,,,,
30 sept. 2024,ABM PHARMA,France |,Fournisseur auprès des pharmacies de matériel médical pour le maintien à domicile (lits médicalisés,nan,nan,Produits Pharmaceutiques & matériel médical,PHOENIX,GIPHAR,1 M€,Retournement,nan,,,,,,,,,,,,,
30 sept. 2024,POBI STRUCTURES ET MARQUES NATILI...,France |,La totalité des actifs et des activités de la seule branche « construction et commercialisation de studios de jardin,29.50,2023.0,Immobilier & construction,HEXAOM,AST GROUPE,n.d.,Retournement,n.d.,,,,,,,,,,,,,
30 sept. 2024,FRALSEN,France |,Usinage & assemblage de mouvements et de boitiers de montres.,10,2023.0,Produits & Services industriels,ACI GROUPE,TIMEX,5-10 M€,Build-up,5-10,,,,,,,,,,,,,
30 sept. 2024,3C METAL,France |,Fabrication et de installation d’ensembles de tuyauterie et de structures en acier,110,2023.0,Produits & Services industriels,ORTEC GROUPE,MANAGER(S),100 M€,M&A Corporate,50-150,,,,,,,,,,,,,
30 sept. 2024,DEJBOX (REFECTORY),France |,Livraison de box déjeuners pour salariés en zones périurbaines,70,2024.0,Internet & ecommerce,nan,CARREFOUR,50-150 M€,M&A Corporate,n.d.,,,,,,,,,,,,,
30 sept. 2024,COSA VOSTRA,France |,Agence de conseil en stratégies digitales,7,2023.0,Services & Conseil aux entreprises,HORREA,FONDATEUR(S),n.d.,Reprise Management,n.d.,,,,,,,,,,,,,
30 sept. 2024,SIGNAL CAPITAL PARTNERS,Royaume-Uni |,Société de gestion d'actifs privés se concentrant sur les solutions de crédit privé pour les entreprises européennes,nan,nan,nan,ARMEN (GP STAKE),nan,50-150 M€,Augmentation de capital,n.d.,,,,,,,,,,,,,
30 sept. 2024,UPLINK,France |,ESN active dans l'infogérance,1.60,2023.0,Logiciel et services informatiques,DYNAMIPS,FONDATEUR(S),0-20 M€,M&A Corporate,0-20,,,,,,,,,,,,,
30 sept. 2024,BILLARD ENGRENAGES,France |,Conception d’engrenages cylindriques droits,nan,nan,Produits & Services industriels,SADEV,ACTIONNAIRES FAMILIAUX,0-5 M€,M&A (Int'l),0-5,,,,,,,,,,,,,
30 sept. 2024,LETXBE,France |,Intelligence artificielle impliquée à la gestion documentaire.,nan,nan,Logiciel et services informatiques,TAKARA CAPITAL,nan,4.80 M€,Amorçage (seed),nan,,,,,,,,,,,,,
30 sept. 2024,INOVAWELD,Canada |,Fabrication de fûts et barils en acier inoxydable soudés au laser,10,2023.0,Produits & Services industriels,GROUPE TOURNAIRE (TOURN...,FONDATEUR(S),10-15 M€,Build-up international,0-20,,,,,,,,,,,,,
30 sept. 2024,LEROUX & LOTZ TECHNOLOGIES (LLT),France |,La société conçoit,59.60,2023.0,Produits & Services industriels,BOCCARD,ALTAWEST,n.d.,M&A Corporate,n.d.,,,,,,,,,,,,,
30 sept. 2024,GROUPE RC CONCEPT (RC GROUP),France |,Spécialiste de la PLV et du merchandising pour les marques de luxe et de cosmétique (conception,135,2023.0,Média,CREDIT MUTUEL EQUITY,FONDATEUR(S),50-150 M€,MBO Ter,n.d.,,,,,,,,,,,,,
30 sept. 2024,VELYVELO,France |,Fabrication,4.05,2023.0,nan,BELTONE VENTURE CAPITAL,nan,0-20 M€,2e tour,nan,,,,,,,,,,,,,
30 sept. 2024,TACTIX,France |,Éditeur d’un logiciel Saas pour la réalisation et le suivi d’études consommateurs qualitatives,nan,nan,Logiciel et services informatiques,QUESTIONPRO,FONDATEUR(S),0-5 M€,M&A (Int'l),0-5,,,,,,,,,,,,,
30 sept. 2024,PICARD SURGELES,France |,Enseigne distribution de produits alimentaires surgelés,1 709,2023.0,nan,ZOUARI FAMILY OFFICE (I...,LION CAPITAL,>1000 M€,Sortie M&A Corporate,>1000,,,,,,,,,,,,,
30 sept. 2024,FLYING SAUCER STUDIO,États-Unis |,Agence spécialisée dans l’édition et le design de sites web,1.40,2023.0,Média,IYTRO,FONDATEUR(S),0-5 M€,M&A (Int'l),0-5,,,,,,,,,,,,,
30 sept. 2024,ILKI,France |,Cabinet de conseil en transition numérique  spécialisé dans l’accompagnement des entreprises sur les sujets du cloud,2.60,2023.0,Logiciel et services informatiques,CONSTELLATION,FONDATEUR(S),0-5 M€,Build-up,0-5,,,,,,,,,,,,,
30 sept. 2024,ACTIVITE DE SEQUANS DE TECHNOLOGI...,France |,Activité de Sequans de technologie 4G liée à l'Internet des objets (IoT),nan,nan,Electronique & Informatique,QUALCOMM,SEQUANS COMMUNICATIONS,150-250 M€,M&A (Int'l),nan,,,,,,,,,,,,,
30 sept. 2024,IN-RGY,Canada |,Conseil en ressources humaines et intégration de technologies liées aux RH (produits SAP SuccessFactors et Workforce Software),14.70,2023.0,Services & Conseil aux entreprises,HR PATH,MANAGER(S),20-50 M€,Build-up international,20-50,,,,,,,,,,,,,
30 sept. 2024,LA DILETTANTE,France |,Brasseur de bière artisanale,3,2023.0,nan,BREIZH INVEST PME,nan,0-5 M€,Augmentation de capital,0-5,,,,,,,,,,,,,
30 sept. 2024,MATHYSS (ID ENERGIES BIO),France |,Étude et commercialisation de systèmes de production d’énergie,5,2023.0,nan,ARMORINE,FONDATEUR(S),0-5 M€,M&A Corporate,0-5,,,,,,,,,,,,,
30 sept. 2024,POXEL,France |,Biopharma recherchant des traitements innovants contre les maladies métaboliques,2,2023.0,nan,ORBIMED,n.d.,n.d.,Emission obligataire,nan,,,,,,,,,,,,,
27 sept. 2024,TERAKALIS,France |,Concepteur de solutions de contrôle des matériaux et procédés de fabrication,nan,nan,Electronique & Informatique,SOCIÉTÉ FINANCIÈRE DU L...,nan,0-20 M€,3e tour,nan,,,,,,,,,,,,,
27 sept. 2024,ARTIFEEL,France |,Conception et commercialisation de systèmes d'alarme et de monitoring.,nan,nan,Electronique & Informatique,GRAINES DE BOSS (MEDIA ...,nan,11.30 M€,1er tour,nan,,,,,,,,,,,,,
27 sept. 2024,CHAPEL,France |,Conception de vérins hydrauliques,47,2023.0,Produits & Services industriels,ESTEVE & COMPAGNIE,MANAGER(S),20-50 M€,Build-up,20-50,,,,,,,,,,,,,
27 sept. 2024,MÉDICAL 77 ET 2ME (NAT SANTÉ INTÉ...,France |,Agences de travail temporaire spécialisées dans les professionnels de santé,8,2023.0,Services & Conseil aux entreprises,ACTUAL LEADER GROUP,FONDATEUR(S),0-5 M€,Build-up,0-5,,,,,,,,,,,,,
27 sept. 2024,ACTEAM ENR,France |,Société d'ingénierie,26,2023.0,nan,BUTAGAZ,FONDATEUR(S),20-50 M€,M&A Corporate,20-50,,,,,,,,,,,,,
27 sept. 2024,TAUSENDKIND,Allemagne |,Plateforme e-commerce proposant des marques et produits pour enfants et bébés,16,2023.0,Internet & ecommerce,VERTBAUDET,WELTBILD D2C GROUP,0-5 M€,Retournement,n.d.,,,,,,,,,,,,,
27 sept. 2024,ADVANCE CAPITAL,France |,Cabinet de conseil financier,19,2023.0,nan,BDO,FONDATEUR(S),34 M€,M&A Corporate,nan,,,,,,,,,,,,,
27 sept. 2024,FILIGRAN,France |,Cybertech permettant aux grands comptes d'identifier leur environnement de menace,nan,nan,Logiciel et services informatiques,INSIGHT PARTNERS,nan,150-250 M€,2e tour,nan,,,,,,,,,,,,,
27 sept. 2024,MEDICORE,Pays-Bas |,Éditeur d'un logiciel spécialisé pour les établissements de santé mentale,nan,nan,Logiciel et services informatiques,EXTENS,TENZIGER,0-20 M€,Carve-out,0-20,,,,,,,,,,,,,
27 sept. 2024,INTIQUAN,Suisse |,Expert en pharmacométrie : services de modélisation et de simulation pharmacométriques et statistiques pour le secteur biopharmaceutique,5,2023.0,Santé,PRODUCTLIFE CONSULTING ...,FONDATEUR(S),20-50 M€,Build-up international,20-50,,,,,,,,,,,,,
27 sept. 2024,ADVIZEO,France |,Éditeur d'une solution d'optimisation énergétique des immeubles tertiaires associée à du conseil,13,2023.0,Logiciel et services informatiques,HAGER GROUP,GROUPE SETEC,n.d.,M&A (Int'l),nan,,,,,,,,,,,,,
26 sept. 2024,A3BC,France |,Sécurité informatique et des réseaux,nan,nan,Logiciel et services informatiques,LUMINESS (EX JOUVE),FONDATEUR(S),n.d.,Prise de participation,n.d.,,,,,,,,,,,,,
26 sept. 2024,LOCKALL,France |,Stockage libre-service 100 % digital,nan,nan,nan,nan,n.d.,n.d.,Financement,nan,,,,,,,,,,,,,
26 sept. 2024,ACT-ON GROUP,France |,Conseil,78,2023.0,Services & Conseil aux entreprises,SALARIES,MANAGER(S),20-50 M€,MBO Ter,n.d.,,,,,,,,,,,,,
26 sept. 2024,DEHONDT TECHNOLOGIES DEVELOPPEMENT,France |,Développement et fabrication de machines agricoles et industrielles pour la transformation des fibres naturelles,7,2023.0,Produits & Services industriels,AGRI ALLIANCE,ACTIONNAIRES FAMILIAUX,0-20 M€,M&A (Int'l),0-20,,,,,,,,,,,,,
26 sept. 2024,QOVOLTIS,France |,Conception,3,2023.0,nan,EPOPEE GESTION,nan,n.d.,Augmentation de capital,nan,,,,,,,,,,,,,
26 sept. 2024,WEISS FRANCE ENERGIE,France |,Conception,nan,nan,nan,DALL ENERGY,ROULLIER,20-50 M€,Build-up international,20-50,,,,,,,,,,,,,
26 sept. 2024,VELOC OUEST,France |,Location de vélos auprès des particuliers,2.50,2024.0,Services & Biens de consommation,BREIZH INVEST PME,FONDATEUR(S),0-5 M€,OBO,0-5,,,,,,,,,,,,,
26 sept. 2024,INNOVERY,Italie |,Cabinet de conseil et formation en cybersécurité,80,2023.0,Logiciel et services informatiques,NEVERHACK (EX PR0PH3CY),WISE EQUITY,120 M€,Build-up international,nan,,,,,,,,,,,,,
26 sept. 2024,COBEE,Espagne |,Spécialiste de la dématérialisation des avantages salariés (titres restaurant,nan,nan,Logiciel et services informatiques,PLUXEE,FONDATEUR(S),150-250 M€,M&A (Int'l),150-250,,,,,,,,,,,,,
26 sept. 2024,MONTPENSIER FINANCE (VOIR MONTPEN...,France |,Gestion d'actifs,60,2024.0,nan,MONTPENSIER ARBEVEL (EX...,MANAGER(S),50-150 M€,Fusion,n.d.,,,,,,,,,,,,,
26 sept. 2024,GROUPE HMY (HERMES METAL YUDIGAR),France |,Agencement et décoration de magasins,541.20,2023.0,Services & Conseil aux entreprises,ITAB,LBO FRANCE,320 M€,M&A (Int'l),250-500,,,,,,,,,,,,,
26 sept. 2024,ESVRES MATRIÇAGE,France |,Fabricant (production et mise en forme) de pièces forgées en cuivre pour les réseaux électriques et l’automobile,9.70,2023.0,Produits & Services industriels,PRIVATE ASSETS,GROUPE BONS & EVERS,n.d.,Retournement,n.d.,,,,,,,,,,,,,
26 sept. 2024,MICROPEP TECHNOLOGIES,France |,Agro biotech développant des micropeptides pour créer de nouveaux fongicides,nan,nan,nan,CORTEVA,nan,n.d.,2e tour,nan,,,,,,,,,,,,,
26 sept. 2024,REVYZE,France |,Éditeur d'une d’une application de révision pour collégiens et lycéens par vidéos en format court,nan,nan,Logiciel et services informatiques,SPEEDINVEST,nan,0-20 M€,1er tour,nan,,,,,,,,,,,,,
25 sept. 2024,GENERARE.BIO,France |,Plateforme de biosynthèse et de clonage,nan,nan,nan,TEAMPACT.VENTURES,nan,0-20 M€,Amorçage (seed),nan,,,,,,,,,,,,,
25 sept. 2024,ETABLISSEMENTS VISCO,France |,Usinage de haute précision de pièces mécaniques complexes,30,2024.0,Produits & Services industriels,LATOUR CAPITAL,TIKEHAU IM,100 M€,LBO Bis,n.d.,,,,,,,,,,,,,
25 sept. 2024,MINOTERIE DORNIER (MOULIN DORNIER...,France |,Nutrition animale et production de farines panifiables,47,2023.0,nan,UI INVESTISSEMENT,DIJON CEREALES,15 M€,MBO,n.d.,,,,,,,,,,,,,
25 sept. 2024,MALTEM CANADA,Canada |,ESN active dans la transformation numérique,nan,nan,Logiciel et services informatiques,AUDENSIEL,MALTEM CONSULTING GROUP,20-50 M€,Build-up international,20-50,,,,,,,,,,,,,
25 sept. 2024,MEDITEMPUS,Espagne |,Société de travail temporaire,50,2023.0,Services & Conseil aux entreprises,MISTERTEMP GROUP (EX AL...,FONDATEUR(S),20-50 M€,Build-up international,20-50,,,,,,,,,,,,,
25 sept. 2024,LE NOUY,France |,Fenêtres et fermetures,35,2023.0,Immobilier & construction,TANGUY MATERIAUX,ACTIONNAIRES FAMILIAUX,n.d.,M&A Corporate,n.d.,,,,,,,,,,,,,
25 sept. 2024,COVERPLA,France |,Concepteur et fabricant de flacons (majoritairement en verre) pour les marchés du parfum et de la cosmétique,25,2023.0,Produits & Services industriels,GENEO CAPITAL ENTREPRENEUR,BPIFRANCE INVESTISSEMENT,20-50 M€,LBO IV,n.d.,,,,,,,,,,,,,
25 sept. 2024,LOULOU GROUPE,France |,Chaîne de restaurants haut de gamme,nan,nan,Tourisme,GROUPE BARRIÈRE (LUCIEN...,FONDATEUR(S),50-150 M€,Prise de participation,50-150,,,,,,,,,,,,,
25 sept. 2024,VELA (SAIL FOR GOODS),France |,Concepteur et armateur de voiliers-cargos,nan,nan,nan,CREDIT MUTUEL IMPACT (E...,nan,50-150 M€,1er tour,nan,,,,,,,,,,,,,
25 sept. 2024,SYDEV,France |,Éditeur de logiciels de gestion,6.70,2023.0,Logiciel et services informatiques,TURENNE GROUPE,nan,33 M€,Augmentation de capital,nan,,,,,,,,,,,,,
24 sept. 2024,EUROAPI,France |,Production de principes actifs pharmaceutiques (API) et développement et production de molécules (CDMO),nan,nan,Produits Pharmaceutiques & matériel médical,nan,n.d.,n.d.,Refinancement,nan,,,,,,,,,,,,,
24 sept. 2024,ITQ GROUP,France |,Conception,30,2024.0,Services & Conseil aux entreprises,KRESK DEVELOPPEMENT,FONDATEUR(S),20-50 M€,LBO Primaire,10-15,,,,,,,,,,,,,
24 sept. 2024,AQC (AUTOMATIC QUALITY CONTROL),France |,Concepteur d’un système de contrôle qualité automatique de la chaîne de production textile par de l’intelligence artificielle,nan,nan,Logiciel et services informatiques,LECTRA,FONDATEUR(S),4.30 M€,Participation minoritaire,nan,,,,,,,,,,,,,
24 sept. 2024,LEMAHIEU,France |,Fabrication de textiles,5,2023.0,Textile,nan,MANAGER(S),5-10 M€,M&A Corporate,nan,,,,,,,,,,,,,
24 sept. 2024,DATALUMNI,France |,Accompagnement des écoles dans l’exploitation de leur réseau alumni,0.50,2023.0,Logiciel et services informatiques,YMAG,FONDATEUR(S),0-5 M€,Build-up,0-5,,,,,,,,,,,,,
24 sept. 2024,MITEM PHARMA,France |,Laboratoire pharmaceutique dédié aux MITM (médicaments d’intérêts thérapeutiques majeurs),5,2023.0,Produits Pharmaceutiques & matériel médical,TECHLIFE CAPITAL (TECH ...,NOVARTIS,n.d.,LBO Primaire,nan,,,,,,,,,,,,,
24 sept. 2024,NSP SECURITY,Suisse |,Distributeur-intégrateur de solutions matérielles et logicielles dédiées au contrôle d’accès auprès d’entreprises et d’institutions,4,2023.0,Services & Conseil aux entreprises,NEDAP FRANCE,FONDATEUR(S),0-5 M€,Build-up international,0-5,,,,,,,,,,,,,
23 sept. 2024,FILMAG,France |,La conception,5.20,2020.0,Produits & Services industriels,nan,MANAGER(S),n.d.,Sponsorless,n.d.,,,,,,,,,,,,,
23 sept. 2024,SANTIS LAB (SANTIS PHARMA),France |,Laboratoire franco-suisse qui développe et commercialise des compléments alimentaires à promesse santé.,nan,nan,Produits Pharmaceutiques & matériel médical,ABENEX,FONDATEUR(S),20-50 M€,MBO,0-20,,,,,,,,,,,,,
23 sept. 2024,PHOTOWATT,France |,Panneaux photovoltaïques,nan,nan,nan,CARBON,EDF,n.d.,M&A Corporate,n.d.,,,,,,,,,,,,,
23 sept. 2024,GAZDETECT,France |,Distribution et maintenance de détecteurs de gaz et EPI de catégorie 3,8,2023.0,Produits & Services industriels,MESURE PROCESS HOLDING ...,FONDATEUR(S),5-10 M€,Build-up,n.d.,,,,,,,,,,,,,
23 sept. 2024,SANTOS BRASIL,Brésil |,Principal opérateur d'infrastructures portuaires au Brésil et propriétaire du plus grand terminal à conteneurs d'Amérique du Sud.,417,2023.0,nan,CMA CGM,OPPORTUNITY ASSET MANAG...,2 000 M€,M&A (Int'l),nan,,,,,,,,,,,,,
23 sept. 2024,NINE FEET TALL,Royaume-Uni |,Mise en oeuvre de programmes ERP et numériques,8,2023.0,Logiciel et services informatiques,TALAN,FONDATEUR(S),0-20 M€,Build-up international,0-20,,,,,,,,,,,,,
23 sept. 2024,MUANCE,France |,Fabricant de modules préfabriqués en béton bas carbone pour la construction de logements sociaux,nan,nan,Immobilier & construction,INNOVACOM,nan,0-20 M€,1er tour,nan,,,,,,,,,,,,,
23 sept. 2024,SIGMA INDUSTRIES / DELTA MIROITERIE,France |,Sigma Industries : Vitrages isolants pour façades.Delta Miroiterie : miroiterie,7.50,2023.0,Produits & Services industriels,RIOU GLASS,MANAGER(S),0-20 M€,Build-up,0-20,,,,,,,,,,,,,
23 sept. 2024,ARTER,France |,Production d’événements artistiques et culturels,nan,nan,Média,MAZARINE GROUPE,n.d.,n.d.,Build-up,n.d.,,,,,,,,,,,,,
23 sept. 2024,ONYX VISION,France |,Distributeur de systèmes de sécurité électronique,7,2023.0,Electronique & Informatique,TEVAH SYSTÈMES,GROUPE ONYX,0-20 M€,Build-up,0-20,,,,,,,,,,,,,
21 sept. 2024,XFARM TECHNOLOGIES,Suisse |,Éditeur d'un logiciel de gestion à destination du secteur de l'agro-alimentaire,nan,nan,Logiciel et services informatiques,PARTECH,nan,50-150 M€,3e tour,nan,,,,,,,,,,,,,
20 sept. 2024,MARTIPLAST,France |,Ingénierie pour la transformation des matières plastiques.,nan,nan,Produits & Services industriels,nan,MANAGER(S),n.d.,Sponsorless,n.d.,,,,,,,,,,,,,
20 sept. 2024,OTOQI (EX PARKOPOLY),France |,Plateforme de services de convoyage et de gestion de flotte automobile,18,2024.0,Internet & ecommerce,SEVENTURE PARTNERS,nan,20-50 M€,2e tour,nan,,,,,,,,,,,,,
20 sept. 2024,HSBC PRIVATE BANKING GERMANY,Allemagne |,Activité de Private Banking d'HSBC Germany,nan,nan,nan,BNP PARIBAS WEALTH MANA...,HSBC,n.d.,M&A (Int'l),n.d.,,,,,,,,,,,,,
20 sept. 2024,SOCIÉTÉ GÉNÉRALE GUINÉE,Guinée |,Banque,nan,nan,nan,ATLANTIC FINANCIAL GROU...,GROUPE SOCIETE GENERALE,n.d.,M&A (Int'l),n.d.,,,,,,,,,,,,,
19 sept. 2024,MARS UNITED COMMERCE,États-Unis |,Marketing e-commerce et retail,nan,nan,Média,PUBLICIS GROUPE,MANAGER(S),n.d.,M&A (Int'l),n.d.,,,,,,,,,,,,,
19 sept. 2024,GLEN,France |,Travaux d’installation et maintenance de plomberie et de chauffage,10,2023.0,Immobilier & construction,GROUPE BAELEN,ACTIONNAIRES,0-20 M€,M&A Corporate,0-20,,,,,,,,,,,,,
19 sept. 2024,IMADIS (VOIR IMADIS GROUPE),France |,Groupe de téléradiologie d'urgence et éditeur de logiciels de télémédecine,32,2023.0,Santé,IMADIS GROUPE (EX IMADI...,MANAGER(S),90 M€,Fusion,n.d.,,,,,,,,,,,,,
19 sept. 2024,IMADIS GROUPE (EX IMADIS ET DEEPL...,France |,Groupe de téléradiologie d'urgence et éditeur de logiciels de télémédecine,32,2023.0,Santé,SALARIES,nan,90 M€,Augmentation de capital,nan,,,,,,,,,,,,,
19 sept. 2024,IDEMIA SMART IDENTITY,France |,Solutions d'identité numérique et la microélectronique (conception de puces),400,2023.0,Electronique & Informatique,IN GROUPE (EX IMPRIMERI...,IDEMIA (EX OT-MORPHO),850 M€,Carve-out,nan,,,,,,,,,,,,,
18 sept. 2024,LEHMANN,France |,Usinage de précision en moyenne et petite série,1,2023.0,Produits & Services industriels,RIWATEL,FONDATEUR(S),0-5 M€,M&A Corporate,nan,,,,,,,,,,,,,
18 sept. 2024,LA COMPAGNIE DES PYRÉNÉES (EAU NE...,France |,Exploitation,nan,nan,nan,ACQUA SANT’ANNA,BEE FAMILY OFFICE (BFO),20-50 M€,M&A (Int'l),n.d.,,,,,,,,,,,,,
18 sept. 2024,HUNTX PHARMA,France |,Biotech développant des molécules pour traiter les maladies neurologiques,nan,nan,nan,ANGELS SANTÉ,nan,0-20 M€,Amorçage (seed),nan,,,,,,,,,,,,,
18 sept. 2024,BRENUS PHARMA,France |,Biotech développant des immunothérapies cellulaires allogéniques (vaccins thérapeutiques) pour s'attaquer au cancer,nan,nan,nan,BIOJAG,nan,n.d.,1er tour,nan,,,,,,,,,,,,,
18 sept. 2024,COMPAGNIE LÉA NATURE (LÉA NATURE,France |,Fabricant de produits biologiques et naturels en alimentation,488,2023.0,Santé,UNEXO,CREDIT MUTUEL EQUITY,n.d.,Cession de titres,n.d.,,,,,,,,,,,,,
18 sept. 2024,PONY,France |,Opérateur de vélos et trottinettes électriques en libre-service,nan,nan,nan,BLAST.CLUB (BLAST CLUB),nan,n.d.,2e tour,nan,,,,,,,,,,,,,
18 sept. 2024,WELIKESTARTUP (VOIR EDULIS CORPOR...,France |,Fonds d'investissement spécialisé dans l'equity crowdfunding,nan,nan,nan,EDULIS CORPORATE MANAGE...,MANAGER(S),0-20 M€,Fusion,0-20,,,,,,,,,,,,,
18 sept. 2024,ESKER,France |,Éditeur de logiciels de dématérialisation des documents en mode cloud,178.60,2023.0,Logiciel et services informatiques,BRIDGEPOINT,EURONEXT GROWTH (EX ALT...,1 621 M€,OPA,n.d.,,,,,,,,,,,,,
18 sept. 2024,AGAMI FAMILY OFFICE,France |,Multi-family office,nan,nan,nan,GROUPE PREMIUM,FONDATEUR(S),20-50 M€,Build-up,n.d.,,,,,,,,,,,,,
18 sept. 2024,VITALLIANCE,France |,Aide à domicile et des services aux personnes en situation de dépendance,200,2023.0,Santé,PARQUEST,ISAI,150-250 M€,LBO Bis,n.d.,,,,,,,,,,,,,
18 sept. 2024,EDL (EDITION ET DEVELOPPEMENT LOG...,France |,Logiciels métier pour les services d’imagerie médicale,30,2023.0,Logiciel et services informatiques,DENTRESSANGLE CAPITAL,ABENEX,150-250 M€,LBO Bis,n.d.,,,,,,,,,,,,,
17 sept. 2024,TECHNIC'ASSISTANCE,France |,Fournisseur d'ingénierie industrielle multisectorielle,nan,nan,Services & Conseil aux entreprises,NEO2,n.d.,n.d.,Build-up,n.d.,,,,,,,,,,,,,
17 sept. 2024,IMPRIMERIE BERJON,France |,Impression d'étiquettes en continu de haute précision,6,2023.0,Produits & Services industriels,ALLIANCE ETIQUETTES,MANAGER(S),0-20 M€,Build-up,n.d.,,,,,,,,,,,,,
17 sept. 2024,LOCALA (EX S4M),France |,Marketing digital multilocal,nan,nan,Média,TROCADERO CAPITAL PARTNERS,FONDATEUR(S),50-150 M€,Sponsorless,n.d.,,,,,,,,,,,,,
17 sept. 2024,MICRO INFO EXPERT (MIE),France |,Opérateur de services IT pour les établissements médicaux : déploiement,4.80,2023.0,Logiciel et services informatiques,STELOGY (EX NOMOTECH ET...,FONDATEUR(S),0-20 M€,Build-up,0-20,,,,,,,,,,,,,
17 sept. 2024,SOFILEC (LOC+/APEX/COVETECH),France |,Location de matériel de BTP,50,2024.0,Immobilier & construction,BNP PARIBAS DEVELOPPEMENT,nan,120 M€,Augmentation de capital,nan,,,,,,,,,,,,,
17 sept. 2024,DUONYX SERVICES,France |,Éditeur de solutions logicielles et fournisseur de serveurs autour de la data,25,2023.0,Logiciel et services informatiques,STORDATA,FONDATEUR(S),20-50 M€,Build-up,20-50,,,,,,,,,,,,,
17 sept. 2024,TRACKINSIGHT,France |,Fournisseur de données de fonds indiciels cotés (ETF),nan,nan,Logiciel et services informatiques,KEPLER CHEUVREUX,FONDATEUR(S),0-20 M€,Build-up,0-20,,,,,,,,,,,,,
17 sept. 2024,SILICEO,France |,Installation et maintenance de panneaux solaires,nan,nan,nan,TILT CAPITAL PARTNERS,nan,n.d.,Augmentation de capital,nan,,,,,,,,,,,,,
17 sept. 2024,FROMAGERIE DE LA HOUSSAYE,France |,Fromagerie artisanale,nan,nan,nan,BEILLEVAIRE GROUPE,OLGA (EX TRIBALLAT NOYAL),0-5 M€,Build-up,0-5,,,,,,,,,,,,,
17 sept. 2024,BATIFIRE,France |,Édition d'une application,nan,nan,Logiciel et services informatiques,CITA INVESTISSEMENT,nan,0-20 M€,Amorçage (seed),nan,,,,,,,,,,,,,
17 sept. 2024,NOMAD SOLAR ENERGY,Espagne |,Conception et au développement de solutions photovoltaïques,nan,nan,nan,TILT CAPITAL PARTNERS,nan,n.d.,Augmentation de capital,nan,,,,,,,,,,,,,
17 sept. 2024,VULCAIN METAL (VULCAIN),France |,Conception,50,2023.0,Immobilier & construction,BNP PARIBAS DEVELOPPEMENT,SIPAREX,28 M€,LBO Ter,n.d.,,,,,,,,,,,,,
17 sept. 2024,IPSOS,France |,Institut d'études de marché et de sondages d’opinion,2 400,2023.0,Services & Conseil aux entreprises,BPIFRANCE INVESTISSEMENT,nan,2 355 M€,Augmentation de capital,50-150,,,,,,,,,,,,,
17 sept. 2024,TERRA NOBILIS,France |,Agence de voyages culturels,nan,nan,Tourisme,CAPITAL GRAND EST,EURO CAPITAL,0-5 M€,Augmentation de capital,n.d.,,,,,,,,,,,,,
17 sept. 2024,LA FROMAGERIE DE VINAY,France |,Fabrication de fromage,nan,nan,nan,BEILLEVAIRE GROUPE,EURIAL (EX ACTIVITES LA...,0-5 M€,Build-up,0-5,,,,,,,,,,,,,
17 sept. 2024,LE CURE NANTAIS,France |,Fromagerie artisanale,nan,nan,nan,BEILLEVAIRE GROUPE,OLGA (EX TRIBALLAT NOYAL),0-5 M€,Build-up,0-5,,,,,,,,,,,,,
17 sept. 2024,N2O,Royaume-Uni |,Agence spécialisée dans le marketing et la brand experience,40,2023.0,Média,GLOBE GROUPE,FONDATEUR(S),20-50 M€,Build-up international,20-50,,,,,,,,,,,,,
16 sept. 2024,BOYAUDERIE PANIER,France |,Fabrication et transformation de boyaux,25,2023.0,nan,SOLEXIA,MANAGER(S),0-20 M€,M&A Corporate,0-20,,,,,,,,,,,,,
16 sept. 2024,OBEXTO,France |,Edition de logiciel dédié à l’optimisation industrielle,1.80,2023.0,Logiciel et services informatiques,GROUPE JTI,FONDATEUR(S),0-5 M€,M&A Corporate,0-5,,,,,,,,,,,,,
16 sept. 2024,A.M.A. SELECTIONS,France |,Service en ligne de location de propriétés de luxe en Europe,nan,nan,Internet & ecommerce,TANDEM PARTNERS,nan,20-50 M€,1er tour,nan,,,,,,,,,,,,,
16 sept. 2024,OFEC,France |,Cabinet d'expertise comptable,5,2024.0,nan,ORCOM,MANAGER(S),0-20 M€,M&A Corporate,0-20,,,,,,,,,,,,,
16 sept. 2024,KRIPTOWN,France |,Néo-bourse dédiée aux start-up et aux PME,nan,nan,nan,BNP PARIBAS DEVELOPPEMENT,nan,15-20 M€,1er tour,nan,,,,,,,,,,,,,
16 sept. 2024,INHEART,France |,Éditeur d'une solution logicielle de modélisation cardiaque pour le traitement d’images médicales préopératoires (cœur numérique 3D du patient),nan,nan,Logiciel et services informatiques,SWEN CAPITAL PARTNERS,nan,20-50 M€,2e tour,nan,,,,,,,,,,,,,
16 sept. 2024,BEILLEVAIRE GROUPE,France |,Production et la commercialisation de fromages et de produits de crèmerie,100,2023.0,nan,UNIGRAINS,ACTIONNAIRES FAMILIAUX,n.d.,Augmentation de capital,n.d.,,,,,,,,,,,,,
16 sept. 2024,TERRANAE,France |,Gestion et commercialisation d'actifs commerciaux,9.10,2023.0,Immobilier & construction,EVORIEL,WO2 HOLDING (EX WOODEUM),n.d.,Build-up,n.d.,,,,,,,,,,,,,
16 sept. 2024,MOVALIB,France |,Application pour la gestion des garages,nan,nan,Logiciel et services informatiques,BPIFRANCE INVESTISSEMENT,nan,0-20 M€,Amorçage (seed),nan,,,,,,,,,,,,,
16 sept. 2024,LIBERLO,France |,Éditeur d'une plateforme de réservation et de consultation en ligne pour des thérapies non conventionnelles (médecine douce : réflexologie,nan,nan,Internet & ecommerce,APICIL,n.d.,0-20 M€,Prise de participation,nan,,,,,,,,,,,,,
13 sept. 2024,HALIAS TECHNOLOGIES,France |,Fournit des composants logiciels dédiés à la surveillance des actifs,1.20,2024.0,Logiciel et services informatiques,COOPVENTURE,nan,0-20 M€,Augmentation de capital,nan,,,,,,,,,,,,,
13 sept. 2024,APOTHERA (EX PHARMA SANTE DEVELOP...,France |,Groupement de pharmacies indépendantes,15,2023.0,Produits Pharmaceutiques & matériel médical,GIROPHARM,CONNECT PRO,0-20 M€,Sortie M&A Corporate,n.d.,,,,,,,,,,,,,
13 sept. 2024,STANDING OVATION,France |,Production de caséines fermentaires et de substituts aux produits fromagers,nan,nan,nan,ASTANOR VENTURES (GOOD ...,nan,20-50 M€,1er tour,nan,,,,,,,,,,,,,
13 sept. 2024,LA SOLIVE,France |,Formations de chefs de projet en rénovation énergétique ou artisans qualifiés,nan,nan,Services & Biens de consommation,PARTECH,nan,20-50 M€,1er tour,nan,,,,,,,,,,,,,
13 sept. 2024,INFINEO,France |,Éditeur de logiciels spécialisé dans l’analyse de données pour les entreprises,5.49,2023.0,Logiciel et services informatiques,SAGE,FONDATEUR(S),20-50 M€,M&A (Int'l),20-50,,,,,,,,,,,,,
13 sept. 2024,ADSTEROID,France |,Agence déployant des campagnes de publicité sur les réseaux sociaux,nan,nan,Média,DAVIDSON CONSULTING,FONDATEUR(S),0-20 M€,Prise de participation,0-20,,,,,,,,,,,,,
13 sept. 2024,KINDRED,Malte |,Paris et jeux d’argent en ligne,1 044,2023.0,Tourisme,LA FRANCAISE DES JEUX (...,EURONEXT (BOURSE),2 600 M€,OPA,n.d.,,,,,,,,,,,,,
12 sept. 2024,DELTA PACKAGING,France |,Fabriquant et distributeur de matériaux et matériels d'emballage.,nan,nan,Produits & Services industriels,nan,FONDATEUR(S),n.d.,M&A Corporate,n.d.,,,,,,,,,,,,,
12 sept. 2024,PARIS EXPERIENCE GROUP,France |,Organisateur de visites,83,2023.0,Tourisme,ADP (EX AEROPORTS DE PA...,EKKIO CAPITAL,50-150 M€,Sortie M&A Corporate,50-150,,,,,,,,,,,,,
12 sept. 2024,ACTIVITÉS YAOURTS DE GENERAL MILL...,Canada |,Activités yaourt de General Mills au Canada et aux États-Unis,340,2024.0,nan,SODIAAL,GENERAL MILLS,1 900 M€,M&A (Int'l),n.d.,,,,,,,,,,,,,
12 sept. 2024,MOBSUCCESS,France |,Adtech proposant une solution marketing de déploiement d'opérations publicitaires et accompagnant annonceurs et agences dans leur transformation digitale,45,2024.0,Média,SALARIES,GPG (GROUPE PHILIPPE GI...,50-150 M€,MBO,n.d.,,,,,,,,,,,,,
12 sept. 2024,AVN (ATELIERS VISSERIE DU NORD),France |,Décolletage et tournage de toutes matières,1.50,2023.0,Produits & Services industriels,METALIANS,MANAGER(S),0-5 M€,Build-up,0-5,,,,,,,,,,,,,
12 sept. 2024,TROPICALEMENT VOTRE,France |,Tour-opérateur spécialisé dans la création de voyages combinés et sur mesures dans les îles.,20,2023.0,Tourisme,NAUTIL,MANAGER(S),0-20 M€,Build-up,n.d.,,,,,,,,,,,,,
12 sept. 2024,ZEENEA,France |,Éditeur français spécialisé dans le catalogage et la gouvernance de données,nan,nan,Logiciel et services informatiques,HCLSOFTWARE,FONDATEUR(S),24 M€,M&A (Int'l),nan,,,,,,,,,,,,,
12 sept. 2024,PROBABL,France |,Développe des outils open source pour la science des données,nan,nan,Logiciel et services informatiques,APERTU CAPITAL,nan,20-50 M€,Amorçage (seed),nan,,,,,,,,,,,,,
11 sept. 2024,SP2I,France |,Fabricant de faisceaux électriques,1,2023.0,Produits & Services industriels,nan,MANAGER(S),n.d.,M&A Corporate,n.d.,,,,,,,,,,,,,
11 sept. 2024,RETIF,France |,Fournitures,121,2023.0,nan,RAJA,VERDOSO INVESTMENTS SA,55 M€,M&A Corporate,50-150,,,,,,,,,,,,,
11 sept. 2024,GAMES FACTORY,France |,Réseau de centres de loisirs multi-activités (karting,20,2023.0,Tourisme,HADRENA (EX OTIUM LEISURE),FONDATEUR(S),20-50 M€,Build-up,20-50,,,,,,,,,,,,,
11 sept. 2024,LINKBYCAR,France |,Éditeur d’un logiciel Saas d’exploitation des données de voitures connectées,nan,nan,Internet & ecommerce,ETHIAS VENTURES,nan,5-10 M€,1er tour,nan,,,,,,,,,,,,,
11 sept. 2024,EUROPE SNACKS,France |,Fabrication de snacks salés sous marques de distributeurs,650,2023.0,nan,ONE ROCK CAPITAL PARTNERS,SEVEN2 (EX APAX PARTNERS),500-1000 M€,LBO VI,n.d.,,,,,,,,,,,,,
11 sept. 2024,PANTERA,France |,Production à grande échelle du radioisotope actinium-225 (traitements ciblés contre le cancer),nan,nan,nan,EQT LIFE SCIENCES (EX-L...,nan,280 M€,1er tour,nan,,,,,,,,,,,,,
11 sept. 2024,F.INITIATIVES (EX F. INICIATIVAS),France |,Cabinet de conseil en financement de l'innovation,33,2023.0,Services & Conseil aux entreprises,nan,FI GROUP,n.d.,Spin Off,n.d.,,,,,,,,,,,,,
11 sept. 2024,GROUPE DELEPLANQUE,France |,Producteur et distributeur de semences de betterave à sucre et d'autres cultures,150,2023.0,nan,RAGT,ACTIONNAIRES FAMILIAUX,50-150 M€,M&A Corporate,n.d.,,,,,,,,,,,,,
11 sept. 2024,PREXPARTNERS,Allemagne |,Cabinet de conseil spécialisé dans l’optimisation des achats,6.50,2024.0,Services & Conseil aux entreprises,ARGON & CO,FONDATEUR(S),5-10 M€,Build-up international,n.d.,,,,,,,,,,,,,
11 sept. 2024,JEISYS MEDICAL,Corée du Sud |,Fabricant d’appareils non-invasifs à base d’énergie pour les soins esthétiques et la correction de problèmes cutanés,97,2023.0,Santé,ARCHIMED GROUP,FONDATEUR(S),668 M€,Retrait de cote,n.d.,,,,,,,,,,,,,
11 sept. 2024,HADRENA (EX OTIUM LEISURE),France |,Groupe de loisirs indoor (marques de kartings-bowlings Speedpark et Games Factory,120,2024.0,Tourisme,nan,n.d.,n.d.,Refinancement,nan,,,,,,,,,,,,,
10 sept. 2024,AIR FLOW,France |,Logistique et commercialisation de gaz,30,2023.0,nan,MODALIS,BPIFRANCE INVESTISSEMENT,50-150 M€,M&A Corporate,50-150,,,,,,,,,,,,,
10 sept. 2024,FIG - FOOD INDEX FOR GOOD,France |,Éditeur d'un outil de calcul carbone pour les restaurants et d'aide à la mise place de mesures de sobriété énergétique,0.35,2023.0,Logiciel et services informatiques,FAIRMOOVE,FONDATEUR(S),0-5 M€,M&A Corporate,0-5,,,,,,,,,,,,,
10 sept. 2024,WEGOGREENR,France |,Site de mise en relation et de réservation d’hébergements et d'activités éco-responsables,nan,nan,Tourisme,FAIRMOOVE,FONDATEUR(S),0-5 M€,M&A Corporate,0-5,,,,,,,,,,,,,
10 sept. 2024,SESSUN,France |,Mode et accessoires,70,2024.0,Textile,QUADRIVIO,EXPERIENCED CAPITAL PAR...,50-150 M€,LBO Primaire,n.d.,,,,,,,,,,,,,
10 sept. 2024,SITE DE RECHERCHE DE SAINT-JULIEN...,France |,Site de recherche spécialisé en oncologie dans les biomédicaments et les anticorps monoclonaux (mAB) et conjugués (ADC). Reprise du site,nan,nan,nan,PIERRE FABRE,JUBILANT BIOSYS,n.d.,Carve-out,n.d.,,,,,,,,,,,,,
10 sept. 2024,ABOLIS BIOTECHNOLOGIES,France |,Biotech développant des bioprocédés à destination des industriels (solutions alternatives basées sur les micro-organismes pour remplacer les colorants,3.80,2023.0,nan,BOLD (BUSINESS OPPORTUN...,MEDEVICE,20-50 M€,1er tour,nan,,,,,,,,,,,,,
10 sept. 2024,MILLIRIS,France |,Conception,15,2023.0,Produits & Services industriels,INNOVAFONDS,HYD&AU (ATH,0-20 M€,Carve-out,n.d.,,,,,,,,,,,,,
10 sept. 2024,SKYSUN,France |,Installation de centrale photovoltaïque,nan,nan,nan,ANDERA PARTNERS,nan,n.d.,1er tour,nan,,,,,,,,,,,,,
10 sept. 2024,BLACKOUT LAB,Espagne |,Studio de jeux occasionnels en ligne,nan,nan,Internet & ecommerce,52 ENTERTAINMENT (GOTO ...,FONDATEUR(S),20-50 M€,Build-up international,n.d.,,,,,,,,,,,,,
10 sept. 2024,WEGROW,France |,Éditeur d’un logiciel Saas de captage et de partage des bonnes pratiques commerciales pour les industriels et la grande distribution,nan,nan,Logiciel et services informatiques,NAUTA CAPITAL,nan,20-50 M€,2e tour,nan,,,,,,,,,,,,,
09 sept. 2024,ACTIFS DE LIVRAISON DE REPAS ET F...,France |,Actifs de livraison de repas et les fichiers clients de Foodette (livraison de paniers prêt-à-cuisiner),2.50,2023.0,Internet & ecommerce,QUITOQUE (EX COOKIN' TH...,CLARISSE (AQUARELLE.COM),0-20 M€,Carve-out,0-20,,,,,,,,,,,,,
09 sept. 2024,FOREX FINANCE,France |,Conseil en risques financiers et en organisation de trésorerie à destination des groupes cotés,10,2023.0,Services & Conseil aux entreprises,UI INVESTISSEMENT,ANDERA PARTNERS,50-150 M€,OBO bis,n.d.,,,,,,,,,,,,,
09 sept. 2024,BONX,France |,"Logiciel ERP personnalisable grâce au ""no-code""",nan,nan,Logiciel et services informatiques,DYNAMO VENTURES,nan,5-10 M€,Amorçage (seed),nan,,,,,,,,,,,,,
07 sept. 2024,LEUWEN-EUROLAND (EX LEUWEN),France |,Banque d'affaires axée sur les entreprises technologiques et industrielles,nan,nan,Services & Conseil aux entreprises,EUROLAND CORPORATE,n.d.,n.d.,Participation minoritaire,n.d.,,,,,,,,,,,,,
07 sept. 2024,RESERVIT,France |,Logiciel de réservation,6.08,2023.0,Logiciel et services informatiques,ZUCCHETTI,FONDATEUR(S),15-20 M€,M&A (Int'l),10-15,,,,,,,,,,,,,
06 sept. 2024,EMILE HAMM & FILS (EX CHAMPAGNE H...,France |,Maison de champagne,nan,nan,nan,ICONIC NECTARS,FONDATEUR(S),0-20 M€,M&A Corporate,0-20,,,,,,,,,,,,,
06 sept. 2024,IDETA,France |,Éditeur de logiciels qui propose une suite de logiciels no-code pour faciliter l'intégration de l'intelligence artificielle dans les opérations des entreprises.,1,2024.0,Logiciel et services informatiques,SEPTEO,FONDATEUR(S),0-5 M€,Build-up,0-5,,,,,,,,,,,,,
06 sept. 2024,CARBONX,France |,Achats,nan,nan,Environnement & CleanTechs,REDSTONE VC,nan,0-20 M€,1er tour,n.d.,,,,,,,,,,,,,
05 sept. 2024,ENTREPRISE ROINE,France |,Vente et la construction des bâtiments agricoles et hippiques en bois,nan,nan,Immobilier & construction,nan,MANAGER(S),5-10 M€,Sponsorless,5-10,,,,,,,,,,,,,
05 sept. 2024,EXAQTWORLD,France |,Conception de solutions technologiques innovantes destinées à sécuriser,nan,nan,Electronique & Informatique,ITQ GROUP,MANAGER(S),0-20 M€,M&A Corporate,0-20,,,,,,,,,,,,,
05 sept. 2024,MORIA,France |,Fabricant d’instruments et d’équipements de chirurgie ophtalmique,55,2023.0,Produits Pharmaceutiques & matériel médical,NAXICAP PARTNERS,NAXICAP PARTNERS,150-250 M€,LBO Ter,n.d.,,,,,,,,,,,,,
05 sept. 2024,HEPTA MEDICAL,France |,Medtech développant un traitement mini-invasif du cancer du poumon (ablation par micro-ondes),nan,nan,Produits Pharmaceutiques & matériel médical,BPIFRANCE INVESTISSEMENT,nan,0-20 M€,1er tour,nan,,,,,,,,,,,,,
04 sept. 2024,ARCVERA RENEWABLES,États-Unis |,Services techniques pour les projets éoliens,6.50,2023.0,Services & Conseil aux entreprises,BUREAU VERITAS,n.d.,0-20 M€,M&A (Int'l),0-20,,,,,,,,,,,,,
04 sept. 2024,UNIGRAINS,France |,Investisseur sectoriel dans l'agro-alimentaire,nan,nan,nan,nan,n.d.,n.d.,Refinancement,nan,,,,,,,,,,,,,
04 sept. 2024,ETIX EVERYWHERE,France |,Développeur et opérateur de data centers,31.60,2023.0,Média,INFRANITY,GLOBAL DATA CENTRE GROU...,150-250 M€,Cession de titres,nan,,,,,,,,,,,,,
03 sept. 2024,ACTIVITE ECHAFAUDAGE DE LOCAMOD,France |,Location d'échafaudages,nan,nan,Immobilier & construction,NORD COFFRAGE,LOCAMOD (EX HTI - HOCHE...,0-20 M€,Carve-out,n.d.,,,,,,,,,,,,,
03 sept. 2024,DUNIA,Allemagne |,Éditeur d'un logiciel,nan,nan,Logiciel et services informatiques,ELAIA PARTNERS,nan,0-20 M€,Amorçage (seed),5-10,,,,,,,,,,,,,
03 sept. 2024,SKIPLY,France |,Concepteur de boîtiers connectés de mesure de la satisfaction clients et de l'activité des salariés,1,2023.0,Electronique & Informatique,TAQT,FONDATEUR(S),0-5 M€,M&A Corporate,0-5,,,,,,,,,,,,,
03 sept. 2024,DUNE ASSURANCES,France |,Plateforme de solutions d’assurances Construction dédiée aux courtiers d'assurance.,nan,nan,Logiciel et services informatiques,ADELAIDE,FONDATEUR(S),0-5 M€,Prise de participation,0-5,,,,,,,,,,,,,
03 sept. 2024,BROS. AGENCY,France |,Agence marketing spécialisée dans le sport,nan,nan,Média,AUSTRALIEGAD,FONDATEUR(S),0-20 M€,M&A Corporate,0-20,,,,,,,,,,,,,
03 sept. 2024,LANTANA PERCHE PAYSAGE,France |,Aménagement paysager,nan,nan,Services & Biens de consommation,DOMOCARE (EX LANTANA PA...,n.d.,0-20 M€,M&A Corporate,0-20,,,,,,,,,,,,,
03 sept. 2024,IPAN IPAN,France |,Produits et services,nan,nan,nan,nan,n.d.,n.d.,Financement,n.d.,,,,,,,,,,,,,
03 sept. 2024,DOCCLA,Royaume-Uni |,Fournisseur de services de surveillance virtuelle des patients et de surveillance à distance des patients,nan,nan,Logiciel et services informatiques,LAKESTAR,nan,n.d.,2e tour,nan,,,,,,,,,,,,,
03 sept. 2024,GH2E / TBCO,France |,"GH2E : Travaux publics d'électricité
TBCO : Cabinet spécialisé dans le génie civil et la construction de structures maçonnées",12,2023.0,Immobilier & construction,JR BTP,MANAGER(S),n.d.,Prise de participation,n.d.,,,,,,,,,,,,,
03 sept. 2024,AGROPLUS,Suisse |,Conception de programmes techniques et comptables liés au secteur agricole,0.67,2023.0,Logiciel et services informatiques,ISAGRI,FIDUCIAL WINBIZ SA,0-20 M€,M&A (Int'l),n.d.,,,,,,,,,,,,,
03 sept. 2024,CARBYON,Pays-Bas |,Développeur d'infrastructures de capture de carbone dans l'air,nan,nan,Environnement & CleanTechs,SIEMENS FINANCIAL SERVICES,nan,20-50 M€,1er tour,nan,,,,,,,,,,,,,
03 sept. 2024,ADHESIVE TAPE AND LABEL (ATL),États-Unis |,Transformation et découpe d’adhésifs et l’impression d’étiquettes principalement le secteur de la santé,13.50,2023.0,Produits & Services industriels,ADDEV MATERIALS,ACTIONNAIRES FAMILIAUX,0-20 M€,Build-up international,0-20,,,,,,,,,,,,,
03 sept. 2024,LANTANA JARDECOR,France |,Aménagement paysager,nan,nan,Services & Biens de consommation,DOMOCARE (EX LANTANA PA...,n.d.,0-20 M€,M&A Corporate,0-20,,,,,,,,,,,,,
02 sept. 2024,HR PARTNERS,Belgique |,Conseil en Ressources Humaines,nan,nan,Services & Conseil aux entreprises,PARTENA,ALAN ALLMAN ASSOCIATES,0-20 M€,M&A (Int'l),0-20,,,,,,,,,,,,,
02 sept. 2024,STOIK,France |,Couverture d'assurance et logiciel de sécurité contre les cyberattaques,nan,nan,nan,ALVEN,nan,50-150 M€,2e tour,nan,,,,,,,,,,,,,
02 sept. 2024,PETRO LS (PETRO LOGGING SERVICES),France |,Spécialiste des mesures en puits pétroliers,3,2023.0,Produits & Services industriels,SALARIES,FONDATEUR(S),0-5 M€,BIMBO,0-5,,,,,,,,,,,,,
02 sept. 2024,EUROBIO SCIENTIFIC,France |,Biotech spécialisée dans le diagnostic in vitro de spécialités,130.10,2023.0,nan,IK PARTNERS (EX-IK INVE...,nan,n.d.,Augmentation de capital,nan,,,,,,,,,,,,,
02 sept. 2024,DEC CORPORATE FINANCE,France |,Société d'expertise-comptable,nan,nan,nan,GROUPE DEC,n.d.,0-20 M€,M&A (Joint Venture),0-20,,,,,,,,,,,,,
02 sept. 2024,OUILIVE,France |,Éditeur d'une plateforme de gamification de performance et d'engagement salarié,1.70,2023.0,Logiciel et services informatiques,THE MOON VENTURE,nan,0-20 M€,Amorçage (seed),nan,,,,,,,,,,,,,
02 sept. 2024,DASHBOOK,France |,Maison d'édition transformant en livre des contenus en ligne et utilisant l'intelligence artificielle pour proposer les ouvrages sur les réseaux sociaux,1,2024.0,Internet & ecommerce,SEVENTURE PARTNERS,nan,0-20 M€,Amorçage (seed),nan,,,,,,,,,,,,,
02 sept. 2024,TIMIS,France |,Maintenance d'imprimantes industrielles,2.30,2023.0,Produits & Services industriels,GROUPE ALIZON,FONDATEUR(S),0-5 M€,M&A Corporate,0-5,,,,,,,,,,,,,
02 sept. 2024,SBTX,France |,Rénovation et maintenance en maçonnerie,10,2023.0,Média,CAPELIA,n.d.,n.d.,MBI,n.d.,,,,,,,,,,,,,
02 sept. 2024,JAPET MEDICAL,France |,Fabricant intégrateur français d’exosquelettes,nan,nan,Electronique & Informatique,TUDIGO (EX BULB IN TOWN),nan,n.d.,Amorçage (seed),nan,,,,,,,,,,,,,
02 sept. 2024,PRELIGENS (EX EARTHCUBE),France |,Éditeur d'une solution d'analyse automatique de données pour les agences de renseignement,35,2024.0,Logiciel et services informatiques,SAFRAN,MANAGER(S),220 M€,M&A Corporate,nan,,,,,,,,,,,,,
02 sept. 2024,MEDINBOX,France |,Solutions intégrées et intelligentes de gestion des images en bloc opératoire,5,2023.0,Logiciel et services informatiques,FINANCIÈRE ARBEVEL (VOI...,FONDATEUR(S),0-20 M€,Augmentation de capital,n.d.,,,,,,,,,,,,,
02 sept. 2024,DOMIA GROUP (EX ACADOMIA),France |,Cours particuliers (Acadomia) et ménage (Shiva) à domicile,104,2023.0,Services & Biens de consommation,CINVEN,IK PARTNERS (EX-IK INVE...,250-500 M€,LBO Ter,n.d.,,,,,,,,,,,,,
02 sept. 2024,F.I.A,France |,Création et fabrication de médailles,nan,nan,Services & Biens de consommation,NGLRY,LAUDATE,n.d.,M&A Corporate,n.d.,,,,,,,,,,,,,
02 sept. 2024,CAPZA,France |,Fonds de dette et de LBO,nan,nan,nan,AXA INVESTMENT MANAGERS...,FONDATEUR(S),250-500 M€,M&A Corporate,250-500,,,,,,,,,,,,,
02 sept. 2024,SAUERMANN,Belgique |,Spécialiste des pompes de relevage de condensats pour climatisations,80,2023.0,Produits & Services industriels,VERDER GROUP,CREDIT MUTUEL EQUITY,50-150 M€,M&A (Int'l),50-150,,,,,,,,,,,,,
02 sept. 2024,WILLY ANTI-GASPI,France |,Site de vente de produits invendus destinés à être jetés,0.70,2023.0,Internet & ecommerce,TUDIGO (EX BULB IN TOWN),nan,0-20 M€,1er tour,nan,,,,,,,,,,,,,
02 sept. 2024,HAENGGI ET ASSOCIES,France |,Gestion de patrimoine,6.50,2023.0,nan,GROUPE PREMIUM,ACTIONNAIRES FAMILIAUX,20-50 M€,Build-up,n.d.,,,,,,,,,,,,,
02 sept. 2024,NEAT,France |,Solutions d’assurance embarquée,nan,nan,nan,HEDOSOPHIA,nan,20-50 M€,1er tour,nan,,,,,,,,,,,,,
02 sept. 2024,ARKADIA NDT,France |,Spécialiste des contrôles non destructifs et des inspections,n.d.,nan,Produits & Services industriels,FRAMATOME,FONDATEUR(S),n.d.,M&A Corporate,nan,,,,,,,,,,,,,
02 sept. 2024,STELLAR TELECOMMUNICATIONS,France |,Fournisseur d'une solution de connexion à Internet pour les véhicules,nan,nan,Média,ELEWIT VENTURES,nan,n.d.,1er tour,nan,,,,,,,,,,,,,
02 sept. 2024,RETRACED,Allemagne |,Éditeur d’un logiciel Saas permettant aux marques de mode de tracer et analyser les risques liés à leurs chaînes d'approvisionnement,5,2023.0,Logiciel et services informatiques,PARTECH,nan,20-50 M€,2e tour,nan,,,,,,,,,,,,,
02 sept. 2024,ID LOGISTICS,France |,Transports et logistique contractuelle,2 500,2022.0,nan,EURONEXT (BOURSE),nan,>1000 M€,Augmentation de capital,nan,,,,,,,,,,,,,
02 sept. 2024,SYGMATEL,France |,Travaux d'installation électrique,44,2024.0,Immobilier & construction,SODERO (EX SODERO GESTION),FONDATEUR(S),20-50 M€,MBO,0-5,,,,,,,,,,,,,
02 sept. 2024,RAMSAY SANTÉ (EX RAMSAY GÉNÉRALE ...,France |,Hospitalisation privée,5 000,2024.0,Santé,nan,n.d.,n.d.,Refinancement,nan,,,,,,,,,,,,,
02 sept. 2024,ATELIERS HARDY AFFINEUR ET PIERRE...,France |,L’atelier de Chatillon-sur-Cher (41) est spécialisé dans les AOP et spécialités au lait cru de chèvre et de brebis. Le site est divisé en deux ateliers : un atelier de production (Segré) et un atelier d’affinage (Hardy) avec 2 agréments sanitaires distincts.,nan,nan,nan,LAITERIES H. TRIBALLAT ...,OLGA (EX TRIBALLAT NOYAL),0-20 M€,Carve-out,0-20,,,,,,,,,,,,,
02 sept. 2024,CARJAGER,France |,Plateforme d'achat/vente de voitures de collection,40,2023.0,Internet & ecommerce,CAR AVENUE,FONDATEUR(S),n.d.,Participation minoritaire,nan,,,,,,,,,,,,,
02 sept. 2024,DGH GRUPO,Espagne |,Groupe d'ingénierie spécialisé dans la robotique et l'automatisation des lignes d’assemblage,50,2023.0,Produits & Services industriels,GROUPE ADF,MANAGER(S),20-50 M€,Build-up international,20-50,,,,,,,,,,,,,
02 sept. 2024,LR TECH,France |,Développeur et fabricant de spectroradiomètres infrarouge à transformée de Fourier (IRTF) pour les marchés de l'environnement,nan,nan,Electronique & Informatique,EXOSENS (EX PHOTONIS),FONDATEUR(S),0-20 M€,M&A (Int'l),0-20,,,,,,,,,,,,,
02 sept. 2024,TOOVALU,France |,Éditeur d'un logiciel de pilotage de la politique ESG des entreprises et de conformité CSRD,2,2023.0,Logiciel et services informatiques,LEFEBVRE SARRUT,FONDATEUR(S),0-5 M€,M&A Corporate,0-5,,,,,,,,,,,,,
02 sept. 2024,PIRONNET PAYSAGISTE,France |,Aménagement et entretien des espaces extérieurs.,1,2023.0,Services & Biens de consommation,nan,FONDATEUR(S),0-5 M€,Sponsorless,0-5,,,,,,,,,,,,,
02 sept. 2024,AIRFREE,France |,Place de marché aérienne de produits duty free,0.41,2023.0,Internet & ecommerce,MOMENT,SHISEIDO,0-20 M€,Retournement,0-20,,,,,,,,,,,,,
02 sept. 2024,LYMIA,France |,Logiciel spécialisé dans le sourcing de candidats,nan,nan,Logiciel et services informatiques,CORUSCANT (WELCOME TO T...,FONDATEUR(S),0-20 M€,M&A Corporate,0-20,,,,,,,,,,,,,
02 sept. 2024,EUROPEAN STYLE,Émirats Arabes Unis |,Réalisation de vitrines sur mesure,nan,nan,Services & Conseil aux entreprises,GROUPE RC CONCEPT (RC G...,n.d.,n.d.,Build-up international,n.d.,,,,,,,,,,,,,
02 sept. 2024,TAKUL,Royaume-Uni |,Marque de produits Halal,n.d.,nan,nan,ISLA DÉLICE,FONDATEUR(S),n.d.,Build-up international,nan,,,,,,,,,,,,,
02 sept. 2024,CASE CORPORATE FINANCE (VOIR CASE...,Europe |,Banques d’affaires mid-cap,nan,nan,nan,CASE CASSIOPEA,MANAGER(S),n.d.,Fusion,n.d.,,,,,,,,,,,,,
02 sept. 2024,GLOBE GROUPE,France |,Groupe de communication hors média,107,2023.0,Média,nan,n.d.,n.d.,Refinancement,50-150,,,,,,,,,,,,,
02 sept. 2024,SOPRA BANKING SOFTWARE,France |,Édition de logiciels bancaires,335,2023.0,Logiciel et services informatiques,AXWAY SOFTWARE,GROUPE SOPRA STERIA,330 M€,M&A Corporate,nan,,,,,,,,,,,,,
02 sept. 2024,STAFFMATCH,France |,Agences d'interim dématérialisées,129,2023.0,Internet & ecommerce,ISAI,FONDATEUR(S),n.d.,OBO bis,n.d.,,,,,,,,,,,,,
31 août 2024,REDSTONE SOLUTION,France |,Logiciel de gestion de la maintenance technique des magasins.,nan,nan,Logiciel et services informatiques,BPIFRANCE INVESTISSEMENT,nan,0-5 M€,Amorçage (seed),nan,,,,,,,,,,,,,
31 août 2024,BLUE PARTNERS FINANCE (VOIR BLUE ...,France |,Cabinet de conseil spécialisée en M&A,nan,nan,nan,BLUE PARTNERS FINANCE -...,MANAGER(S),0-20 M€,Fusion,0-20,,,,,,,,,,,,,
30 août 2024,CPS CONCEPT,France |,Solution numérique globale pour les professionnels de santé.,nan,nan,Logiciel et services informatiques,COMPUGROUP MEDICAL (CGM),MANAGER(S),n.d.,M&A (Int'l),n.d.,,,,,,,,,,,,,
30 août 2024,BIZMEETING,France |,Société de location de sites de réceptions d'entreprise (séminaires,nan,nan,Internet & ecommerce,NABOO,PRIVATEASER,0-20 M€,M&A Corporate,0-20,,,,,,,,,,,,,
30 août 2024,DARWIN DATA,France |,Éditeur d'un outil logiciel de mesure et reporting de l'impact des entreprises sur la biodiversité,nan,nan,Logiciel et services informatiques,ASTERION,nan,0-5 M€,Amorçage (seed),nan,,,,,,,,,,,,,
30 août 2024,RE'FLEX SERVICES,France |,Agences de travail temporaire,30,2023.0,Services & Conseil aux entreprises,JUBIL INTERIM,FONDATEUR(S),0-20 M€,Prise de participation,0-20,,,,,,,,,,,,,
30 août 2024,ESSOR (BRANDED/HEYDAY),États-Unis |,Agrégateurs de marques de produits de grande consommation (Boka,362,2023.0,Internet & ecommerce,C4 VENTURES,nan,250-500 M€,2e tour,nan,,,,,,,,,,,,,
30 août 2024,OPTIMUM TRACKER,France |,Concepteur de trackers solaires pilotés par des logiciels pour optimiser les centrales photovoltaïques,25,2023.0,Environnement & CleanTechs,ORAXYS,nan,n.d.,Augmentation de capital,nan,,,,,,,,,,,,,
30 août 2024,KWAN-TEK,France |,Solutions de métrologie utilisant des capteurs quantiques à base de diamant NV,nan,nan,Electronique & Informatique,BREIZH REBOND,nan,0-20 M€,Amorçage (seed),nan,,,,,,,,,,,,,
29 août 2024,ACTIVITÉ DE SALADE EN SACHET DE B...,France |,Salade en sachet,nan,nan,nan,LAITERIE SAINT DENIS DE...,BONDUELLE,n.d.,M&A Corporate,n.d.,,,,,,,,,,,,,
29 août 2024,NPA CONSEIL,France |,Conseil dans le secteur des médias et des services numériques,5,2023.0,Services & Conseil aux entreprises,INFLUENCIA,FONDATEUR(S),0-20 M€,M&A Corporate,0-20,,,,,,,,,,,,,
29 août 2024,ACTIVITÉ DE SALADE EN SACHET DE B...,Allemagne |,Salade en sachet,nan,nan,nan,TAYLOR FARMS,BONDUELLE,n.d.,M&A (Int'l),n.d.,,,,,,,,,,,,,
29 août 2024,NRJX,France |,Éditeur d'un logiciel d'optimisation de la consommation énergétique des petits industriels,nan,nan,Logiciel et services informatiques,BPIFRANCE INVESTISSEMENT,nan,0-20 M€,Amorçage (seed),nan,,,,,,,,,,,,,
29 août 2024,IMMOBUSOL PROPRETÉ,France |,Entretien des parties communes d’immeubles auprès des syndics de copropriété,0.46,2023.0,Services & Conseil aux entreprises,CIEL BLEU (PERENNE),MANAGER(S),0-5 M€,M&A Corporate,0-5,,,,,,,,,,,,,
29 août 2024,ADVEO BENELUX,Belgique |,Distributeur en fournitures de bureau.,nan,nan,nan,PBS HOLDING AG,GROUPE ADVEO (ADVEO FRA...,0-20 M€,M&A (Int'l),0-20,,,,,,,,,,,,,
29 août 2024,23HEURES59,France |,Conception et édition de carnets de méthodologie,nan,nan,Services & Conseil aux entreprises,LIVEMENTOR,FONDATEUR(S),0-5 M€,M&A Corporate,0-5,,,,,,,,,,,,,
28 août 2024,HO KARAN,France |,Marque de produits de soin à base de CBD,nan,nan,Santé,D-LAB,n.d.,0-5 M€,Retournement,0-5,,,,,,,,,,,,,
28 août 2024,BCA TRAVAUX,France |,Entreprise de bâtiment spécialisée dans le gros œuvre,3.50,2023.0,Immobilier & construction,IRD INVEST,FONDATEUR(S),n.d.,MBO,n.d.,,,,,,,,,,,,,
28 août 2024,IRRIMAX (IRRISEPT),États-Unis |,Irrigation antimicrobienne des plaies,nan,nan,nan,ARCHIMED GROUP,MANAGER(S),n.d.,Augmentation de capital,n.d.,,,,,,,,,,,,,
27 août 2024,JUMPSQUARE,Pays-Bas |,Parcs de trampoline,35,2023.0,Tourisme,EREN GROUPE,NORDIAN CAPITAL PARTNERS,20-50 M€,M&A (Int'l),20-50,,,,,,,,,,,,,
27 août 2024,ALLWAYS TRANSPORT,Pays-Bas |,logistique de transport,nan,nan,nan,SHARE LOGISTICS,FONDATEUR(S),n.d.,Build-up international,n.d.,,,,,,,,,,,,,
27 août 2024,SYNITI,États-Unis |,Logiciel et services de gestion des données d'entreprise.,nan,nan,Logiciel et services informatiques,CAPGEMINI,BRIDGE GROWTH PARTNERS,n.d.,M&A (Int'l),n.d.,,,,,,,,,,,,,
27 août 2024,KAMINO RETAIL,France |,Éditeur d'une suite de solutions permettant aux e-commerçants référençant des marques nationales de monétiser leur publicité en ligne,1.50,2024.0,Logiciel et services informatiques,EQUATIV (EX SMART),FONDATEUR(S),0-20 M€,Build-up,0-20,,,,,,,,,,,,,
27 août 2024,KIOSK,France |,Logiciel permettant la mise en conformité CSRD des entreprises,nan,nan,Logiciel et services informatiques,nan,nan,0-5 M€,Amorçage (seed),nan,,,,,,,,,,,,,
27 août 2024,QANTEV,France |,Application fondée sur l’IA à destination des assureurs de santé,nan,nan,Logiciel et services informatiques,BLOSSOM CAPITAL,nan,50-150 M€,2e tour,nan,,,,,,,,,,,,,
27 août 2024,SB PAYSAGE,France |,Expertise en génie écologique,5,2023.0,Environnement & CleanTechs,IDVERDE,FONDATEUR(S),n.d.,Build-up,n.d.,,,,,,,,,,,,,
26 août 2024,AXWAY SOFTWARE,France |,Éditeur de logiciels sur abonnement pour gestion de l'information interne et externe,319,2023.0,Logiciel et services informatiques,EURONEXT (BOURSE),nan,478.90 M€,Augmentation de capital,nan,,,,,,,,,,,,,
26 août 2024,MOULIN DE HURTIGHEIM,France |,Fabrication de farine artisanale,2,2023.0,nan,nan,MANAGER(S),0-5 M€,M&A Corporate,0-5,,,,,,,,,,,,,
26 août 2024,LONG LANE DELIVERIES,Royaume-Uni |,Transport frigorifique,nan,nan,nan,LANGDONS,FONDATEUR(S),n.d.,M&A (Int'l),n.d.,,,,,,,,,,,,,
23 août 2024,SOFINSOD,France |,Holding d'investissement de Sodexo,nan,nan,nan,BELLON SA,SODEXO,918 M€,M&A Corporate,nan,,,,,,,,,,,,,
23 août 2024,INFAS,Allemagne |,Spécialiste des études de marché dans le secteur public pour les entreprises,50,2023.0,Services & Conseil aux entreprises,IPSOS,MANAGER(S),61.20 M€,OPA,50-150,,,,,,,,,,,,,
21 août 2024,WATTALPS,France |,Fabrication de batteries refroidies par immersion,nan,nan,nan,SUPERNOVA INVEST,nan,15-20 M€,1er tour,5-10,,,,,,,,,,,,,
20 août 2024,SIIT,France |,Éditeur d'un logiciel dédié aux équipes informatiques,nan,nan,Logiciel et services informatiques,STAGE ONE VENTURES,nan,10-15 M€,Amorçage (seed),0-5,,,,,,,,,,,,,
20 août 2024,ZOLA,France |,Digitalisation des processus RH,nan,nan,Logiciel et services informatiques,PROVENCE BUSINESS ANGELS,nan,0-20 M€,Amorçage (seed),nan,,,,,,,,,,,,,
20 août 2024,NEMES PARIS,France |,E-commerçant développant un module de création personnalisée de bijoux écoresponsables,1,2023.0,Internet & ecommerce,nan,nan,5-10 M€,1er tour,nan,,,,,,,,,,,,,
20 août 2024,BEERENBERG,Norvège |,Prestataire de services de maintenance,nan,nan,Services & Conseil aux entreprises,ALTRAD,ACTIONNAIRES,n.d.,OPA,nan,,,,,,,,,,,,,
20 août 2024,GREYSTAL (EX EURAMAX INDUSTRIES),France |,Conception et fabrication de structures et systèmes coulissants,17,2023.0,Automobile,UI INVESTISSEMENT,VERDOSO INVESTMENTS SA,0-20 M€,MBO,n.d.,,,,,,,,,,,,,
20 août 2024,IDEALYS,France |,Opérateur de services dédiés aux bâtiments intelligents et connectés,0.45,2023.0,Logiciel et services informatiques,nan,nan,17.80 M€,1er tour,nan,,,,,,,,,,,,,
16 août 2024,GROUPE AMBRE,France |,Horlogerie,15,2023.0,Textile,GEI,MANAGER(S),15-20 M€,Augmentation de capital,n.d.,,,,,,,,,,,,,
16 août 2024,HIGHCAST,France |,Accompagnement des entreprises dans l’optimisation de leur consommation électrique grâce à l'intelligence artificielle,nan,nan,Logiciel et services informatiques,CENTRALESUPELEC,nan,0-20 M€,Amorçage (seed),nan,,,,,,,,,,,,,
15 août 2024,GREENGO,France |,Plateforme en ligne de réservation d'hébergements éco-responsables,nan,nan,Tourisme,INCO VENTURES (EX LE CO...,nan,0-20 M€,Amorçage (seed),nan,,,,,,,,,,,,,
15 août 2024,COMAND AI,France |,Éditeur d’une solution d’analyse et de planification des opérations stratégiques militaires grâce à l'IA,nan,nan,Logiciel et services informatiques,EURAZEO,nan,20-50 M€,Amorçage (seed),nan,,,,,,,,,,,,,
15 août 2024,CALYXIA,France |,Dépollution de microplastiques,nan,nan,nan,LOMBARD ODIER INVESTMEN...,nan,50-150 M€,2e tour,nan,,,,,,,,,,,,,
15 août 2024,CEMIX (OVNIVER GROUP),Mexique |,Fabricant d'adhésifs,257,2024.0,Immobilier & construction,SAINT-GOBAIN,n.d.,740 M€,M&A (Int'l),nan,,,,,,,,,,,,,
15 août 2024,DAVID ENERGY,États-Unis |,Fournisseur d’énergie propre,nan,nan,nan,CATHAY INNOVATION,nan,50-150 M€,2e tour,nan,,,,,,,,,,,,,
15 août 2024,CALYXIA,France |,Dépollution de microplastiques,nan,nan,nan,LOMBARD ODIER INVESTMEN...,nan,50-150 M€,2e tour,nan,,,,,,,,,,,,,
15 août 2024,DEAL MAKR,France |,Logiciels dédié au professionnels du M&A visant à faciliter les missions de conseil en M&A et en finance d’entreprise (valorisation,nan,nan,nan,ARX CORPORATE FINANCE,nan,0-20 M€,Amorçage (seed),nan,,,,,,,,,,,,,
15 août 2024,DAVID ENERGY,États-Unis |,Fournisseur d’énergie propre,nan,nan,nan,CATHAY INNOVATION,nan,50-150 M€,2e tour,nan,,,,,,,,,,,,,
15 août 2024,CEMIX (OVNIVER GROUP),Mexique |,Fabricant d'adhésifs,257,2024.0,Immobilier & construction,SAINT-GOBAIN,n.d.,740 M€,M&A (Int'l),nan,,,,,,,,,,,,,
15 août 2024,POOLSIDE AI,États-Unis |,Éditeur d'un modèle d'IA générative spécialisé dans le code informatique,nan,nan,Logiciel et services informatiques,BAIN CAPITAL VENTURES (...,nan,>1000 M€,1er tour,nan,,,,,,,,,,,,,
14 août 2024,LA VIE (LA VIE FOODS),France |,Viande végétale,19,2024.0,nan,ZINTINUS,nan,50-150 M€,2e tour,nan,,,,,,,,,,,,,
14 août 2024,OUTCOMES'10,Espagne |,Fournisseur de services d'accès aux soins pour les patients et d'utilisation de données probantes du monde réel pour les industriels,nan,nan,Services & Conseil aux entreprises,PRODUCTLIFE CONSULTING ...,MANAGER(S),n.d.,Build-up international,n.d.,,,,,,,,,,,,,
14 août 2024,AQUACHIARA,France |,Fournisseur de solutions responsables de distribution d'eau micro-filtrée à destination des professionnels et des particuliers.,nan,nan,Produits & Services industriels,TOWERBROOK CAPITAL PART...,FONDATEUR(S),50-150 M€,LBO Primaire,n.d.,,,,,,,,,,,,,
14 août 2024,ALAN,France |,Assurance complémentaire santé en ligne,nan,nan,nan,BELFIUS (EX DEXIA BANK ...,ACTIONNAIRES HISTORIQUES,4 000 M€,6e tour,nan,,,,,,,,,,,,,
13 août 2024,SCHOOL OF ARTS,France |,Groupe d’écoles d’enseignement supérieur spécialisées dans les métiers artistiques de la scène,nan,nan,Services & Biens de consommation,SEVEN2 (EX APAX PARTNERS),GROUPE FINOLI,50-150 M€,LBO Primaire,n.d.,,,,,,,,,,,,,
13 août 2024,CHORUS CAPITAL,Royaume-Uni |,Investisseur alternatif en crédit spécialisé dans les Risk-Sharing-Transactions (RSTs),nan,nan,nan,ARMEN (GP STAKE),nan,150-250 M€,Augmentation de capital,20-50,,,,,,,,,,,,,
13 août 2024,FINAXY GROUP,France |,Courtier en assurances,100,2023.0,nan,CINVEN,ARDIAN EXPANSION,250-500 M€,LBO Ter,n.d.,,,,,,,,,,,,,
13 août 2024,ISNARD,France |,Groupe spécialisé dans  la distribution,30,2023.0,Produits & Services industriels,CEREA PARTNERS (VOIR DE...,MANAGER(S),20-50 M€,LBO Primaire,0-20,,,,,,,,,,,,,
12 août 2024,SANTEXPAT.FR,France |,Comparateur et courtier d’assurances santé pour expatriés,0.68,2023.0,nan,MALAKOFF HUMANIS,ACTIONNAIRES HISTORIQUES,0-20 M€,2e tour,nan,,,,,,,,,,,,,
12 août 2024,HAUBAN,France |,ESN,1.40,2023.0,Logiciel et services informatiques,MITEM FRANCE,FONDATEUR(S),0-20 M€,Retournement,0-20,,,,,,,,,,,,,
12 août 2024,AUTONE,France |,Éditeur d’un logiciel Saas de gestion intelligente des stocks et des ventes pour les enseignes de mode,nan,nan,Logiciel et services informatiques,GENERAL CATALYST,nan,50-150 M€,2e tour,nan,,,,,,,,,,,,,
08 août 2024,VISTA BANK MOÇAMBIQUE (EX SOCIÉTÉ...,Mozambique |,Banque,nan,nan,nan,VISTA BANK (EX FIRST IN...,GROUPE SOCIETE GENERALE,n.d.,M&A (Int'l),n.d.,,,,,,,,,,,,,
07 août 2024,TRA (TRANSPORTS ROUTIERS D’ALSACE),France |,Transports publics routiers de marchandises,18,2023.0,nan,DESLOG,ACTIONNAIRES FAMILIAUX,10 M€,M&A Corporate,nan,,,,,,,,,,,,,
07 août 2024,IMEON ENERGY,France |,Fabricant d'onduleurs solaires.,3.70,2023.0,nan,EURONEXT GROWTH (EX ALT...,n.d.,0-20 M€,IPO,n.d.,,,,,,,,,,,,,
07 août 2024,GOLAEM,France |,Éditeur d’un logiciel de création de foule en 3D,0.55,2023.0,Logiciel et services informatiques,AUTODESK,STARQUEST,0-20 M€,M&A (Int'l),0-20,,,,,,,,,,,,,
06 août 2024,CHECKMYGUEST,France |,Services de gestion locative courte et moyenne durée : spécialiste des résidences gérées haut de gamme et intermédiaire entre propriétaires et plateformes de location,80,2022.0,Immobilier & construction,OYO (ORAVEL STAYS),FONDATEUR(S),50-150 M€,M&A (Int'l),n.d.,,,,,,,,,,,,,
06 août 2024,YOUSIGN,France |,Éditeur de solution en signature électronique,nan,nan,Logiciel et services informatiques,BPIFRANCE INVESTISSEMENT,nan,n.d.,4e tour,n.d.,,,,,,,,,,,,,
06 août 2024,DOGAN MUSIC COMPANY (DMC),Turquie |,Services de distribution numérique et physique,nan,nan,Internet & ecommerce,BELIEVE (BELIEVE DIGITA...,DOGAN SIRKETLER GRUBU H...,50-150 M€,M&A (Int'l),nan,,,,,,,,,,,,,
06 août 2024,COLOMION (BARDONECCHIA),Italie |,Station de ski,15,2023.0,Tourisme,MOTTA,LABELLEMONTAGNE,20-50 M€,Build-up international,20-50,,,,,,,,,,,,,
05 août 2024,MIRABELLE SAS,France |,Solutions de financement pour les seniors en utilisant leur bien immobilier comme garantie,nan,nan,nan,MINDSTONE,nan,0-5 M€,Amorçage (seed),nan,,,,,,,,,,,,,
05 août 2024,LINKUP,France |,Éditeur d'un moteur de recherche pour les applications d’intelligence artificielle générative,nan,nan,Logiciel et services informatiques,SEEDCAMP,nan,10-15 M€,Amorçage (seed),nan,,,,,,,,,,,,,
05 août 2024,INSPEK,France |,Spécialisation dans les capteurs photoniques pour le bioprocédé,nan,nan,Electronique & Informatique,WIND CAPITAL,nan,0-20 M€,1er tour,nan,,,,,,,,,,,,,
05 août 2024,GALDERMA,Suisse |,Laboratoire pharmaceutique spécialisé dans les produits de dermatologie et d'esthétique injectable,3 740,2023.0,Santé,L'OREAL,EQT,>1000 M€,Cession de titres,>1000,,,,,,,,,,,,,
05 août 2024,MY DIGITAL BUILDINGS,France |,Spécialiste des services de relevé et d'exploitation des données spatiales des bâtiments (scan 3D),2,2023.0,Logiciel et services informatiques,GRENOBLE ANGELS,nan,0-20 M€,Amorçage (seed),nan,,,,,,,,,,,,,
05 août 2024,MARBRERIE DIDIER,France |,Pompes funèbres,nan,nan,Services & Biens de consommation,FUNECAP,n.d.,n.d.,Build-up,n.d.,,,,,,,,,,,,,
05 août 2024,SG KLEINWORT HAMBROS,Europe |,Banques privées,250,2023.0,nan,UNION BANCAIRE PRIVEE (...,SOCIETE GENERALE PRIVAT...,900 M€,M&A (Int'l),nan,,,,,,,,,,,,,
02 août 2024,JACK'S BURGER,France |,Restauration rapide,7,2023.0,Tourisme,BNP PARIBAS DEVELOPPEMENT,nan,0-20 M€,Augmentation de capital,0-5,,,,,,,,,,,,,
02 août 2024,INBOLT,France |,Deeptech conceptrice d’un système de guidage des bras robotisés industriels par vision 3D,nan,nan,Electronique & Informatique,EXOR VENTURES,nan,20-50 M€,1er tour,nan,,,,,,,,,,,,,
02 août 2024,AXA VENTURE PARTNERS (AVP),France |,Société de gestion dédiée au venture,nan,nan,nan,nan,AXA,50-150 M€,MBO,50-150,,,,,,,,,,,,,
02 août 2024,LBC ASSOCIES (VOIR LBC GROUPE),France |,Cabinet de conseil,nan,nan,nan,LBC GROUPE (EX LBC ASSU...,ACTIONNAIRES,n.d.,Fusion,n.d.,,,,,,,,,,,,,
02 août 2024,LBC GROUPE (EX LBC ASSURANCES ET ...,France |,Conseil en gestion des risques et courtage en Assurances,7,2024.0,nan,NCI,MANAGER(S),20-50 M€,LBO Primaire,n.d.,,,,,,,,,,,,,
01 août 2024,OFFICE SANTE,France |,Promoteur et exploitant de maisons et de centres de santé,23,2023.0,Immobilier & construction,CRÉDIT AGRICOLE SANTÉ &...,APIVIA MACIF MUTUELLE (...,n.d.,Cession de titres,n.d.,,,,,,,,,,,,,
01 août 2024,ATLANTIQUE RÉALISATION TUYAUTERIE...,France |,Groupe de tuyauterie industrielle (installation et maintenance des réseaux de gaz pour des sites industriels),29,2024.0,Produits & Services industriels,SODERO (EX SODERO GESTION),nan,0-20 M€,Augmentation de capital,0-20,,,,,,,,,,,,,
01 août 2024,DOTTXT,France |,Amélioration des modèles de langage (LLM),nan,nan,Logiciel et services informatiques,EQT,nan,0-20 M€,Amorçage (seed),nan,,,,,,,,,,,,,
01 août 2024,IADYS,France |,Robot pour collecte des déchets et des hydrocarbures à la surface de l’eau,nan,nan,Electronique & Informatique,INNOVACOM,nan,0-20 M€,2e tour,5-10,,,,,,,,,,,,,
01 août 2024,WELD'X,France |,Négociant de produits d’apports de soudage (métaux,9.20,2023.0,Produits & Services industriels,ATLANTIQUE RÉALISATION ...,MANAGER(S),0-20 M€,Build-up,0-20,,,,,,,,,,,,,
01 août 2024,ARENAMETRIX,France |,Éditeur d'une solution CRM et marketing pour les secteurs de la culture,nan,nan,Logiciel et services informatiques,REFLEXION CAPITAL,nan,20-50 M€,2e tour,nan,,,,,,,,,,,,,
01 août 2024,ACTIVITÉ IA DE WEFOX EN FRANCE,France |,ACTIVITÉ IA DE WEFOX EN FRANCE,n.d.,nan,Logiciel et services informatiques,VECTOR8,FONDATEUR(S),n.d.,M&A (Int'l),nan,,,,,,,,,,,,,
01 août 2024,BACTA,France |,Producteur de caoutchouc naturel à empreinte carbone négative,nan,nan,nan,OVNI CAPITAL,nan,0-20 M€,Amorçage (seed),nan,,,,,,,,,,,,,
01 août 2024,ANJAC HEALTH & BEAUTY,France |,Cosmétiques,800,2023.0,Santé,KKR,ANDERA PARTNERS,1 300 M€,LBO Bis,nan,,,,,,,,,,,,,
01 août 2024,POMPES FUNEBRES ALPILLES,France |,organisation d'obsèques,nan,nan,Services & Biens de consommation,FUNECAP,MANAGER(S),n.d.,Build-up,n.d.,,,,,,,,,,,,,
01 août 2024,OCTO FINANCES,France |,Courtier spécialisé sur les marchés obligataires,nan,nan,nan,STONEX GROUP,FONDATEUR(S),10-15 M€,M&A (Int'l),10-15,,,,,,,,,,,,,
01 août 2024,LAFI,France |,Expertises en Ingénierie,5.50,2023.0,Services & Conseil aux entreprises,NERCO,MANAGER(S),0-20 M€,Build-up,n.d.,,,,,,,,,,,,,
01 août 2024,AKUR8,France |,Éditeur d'une solution logicielle basée sur l'intelligence artificielle de tarification pour les courtiers en assurance,nan,nan,Logiciel et services informatiques,ONE PEAK PARTNERS,nan,150-250 M€,4e tour,nan,,,,,,,,,,,,,
01 août 2024,ACTIONABLE,France |,Édition d'un logiciel,nan,nan,Logiciel et services informatiques,AXELEO,nan,0-20 M€,Amorçage (seed),0-5,,,,,,,,,,,,,
01 août 2024,PRETTO,France |,Fintech : courtier en crédit immobilier en ligne,nan,nan,Internet & ecommerce,SERENA CAPITAL,nan,n.d.,3e tour,nan,,,,,,,,,,,,,
01 août 2024,AB TASTY RECOMMANDATIONS & MERCHA...,France |,Édition de solutions logicielles d’analyse de données sans cookies afin de personnaliser l’expérience utilisateur,nan,nan,Logiciel et services informatiques,AB TASTY,FONDATEUR(S),7.50 M€,M&A Corporate,nan,,,,,,,,,,,,,
01 août 2024,AXA IM SELECT FRANCE,France |,Société de gestion dédiée à la multigestion,119,2023.0,nan,AXA INVESTMENT MANAGERS...,AXA,300 M€,M&A Corporate,nan,,,,,,,,,,,,,
01 août 2024,TEADS,Luxembourg |,Entreprise spécialisée dans la vidéo publicitaire en ligne,600,2023.0,Internet & ecommerce,OUTBRAIN,ALTICE INTERNATIONAL,910 M€,M&A (à l'étranger),nan,,,,,,,,,,,,,
01 août 2024,VAUBAN PATRIMOINE,France |,Conseil en gestion de patrimoine,2,2023.0,nan,METAGRAM,FONDATEUR(S),5-10 M€,Build-up,5-10,,,,,,,,,,,,,
01 août 2024,SAMP,France |,Deeptech développant une solution de modélisation en 3D,nan,nan,Logiciel et services informatiques,PROMUS VENTURES,nan,15-20 M€,1er tour,nan,,,,,,,,,,,,,
01 août 2024,NOVALIX,France |,Société de services (CRO) en chimie et biologie structurale pour l'industrie pharmaceutique et la biotechnologie,nan,nan,Santé,BRUKER,FONDATEUR(S),50-150 M€,M&A (Int'l),n.d.,,,,,,,,,,,,,
01 août 2024,ZELOK,France |,Assurance loyers impayés,nan,nan,Internet & ecommerce,EPOPEE GESTION,nan,0-20 M€,2e tour,nan,,,,,,,,,,,,,
01 août 2024,INDYKPOL,Pologne |,Élevage de dinde et fabrication de produits à base de viande de dinde,203,2023.0,nan,LDC,ROLMEX SA,50-150 M€,M&A (Int'l),50-150,,,,,,,,,,,,,
01 août 2024,MANUFACTORS INVEST (ROBUR ET MOLI...,France |,Création,75,2023.0,Textile,INNOVAFONDS,MANAGER(S),n.d.,Cession de titres,n.d.,,,,,,,,,,,,,
01 août 2024,ACTIVITES OPERATIONNELLES D’EUROP...,France |,Gestion des déchets,98.70,2023.0,Environnement & CleanTechs,FCC,EUROPE SERVICES GROUPE ...,50-150 M€,Carve-out,n.d.,,,,,,,,,,,,,
01 août 2024,METALLIANCE,France |,Engins logistiques pour BTP,40,2023.0,Produits & Services industriels,CORAL REEF CAPITAL,GAUSSIN MANUGISTIQUE,0-20 M€,Retournement,nan,,,,,,,,,,,,,
01 août 2024,NETWRIX PING CASTLE (EX PING CASTLE),France |,Éditeur d'un logiciel qui sécurise l’annuaire Active Directory (AD) de Microsoft,nan,nan,Logiciel et services informatiques,NETWRIX,FONDATEUR(S),20-50 M€,Build-up international,0-20,,,,,,,,,,,,,
01 août 2024,NOVALIX,France |,Société de services (CRO) en chimie et biologie structurale pour l'industrie pharmaceutique et la biotechnologie,nan,nan,Santé,BRUKER,INVESTISSEUR(S) PRIVÉ(S),50-150 M€,Minoritaire,n.d.,,,,,,,,,,,,,
01 août 2024,FERNAO GROUP,Allemagne |,Fournisseur de services et de solutions en matière de sécurité informatique,260,2024.0,Logiciel et services informatiques,VINCI ENERGIES,MANAGER(S),n.d.,M&A (Int'l),n.d.,,,,,,,,,,,,,
01 août 2024,GRAVOTECH MARKING (EX GRAVOGRAPH),France |,Fabricant de machines de gravure spécialisé dans la traçabilité des pièces industrielles,nan,nan,Produits & Services industriels,BRADY CORPORATION,MML CAPITAL PARTNERS,123 M€,M&A (Int'l),n.d.,,,,,,,,,,,,,
01 août 2024,CITYGIE (FRANCIOLI,France |,Fabrication,17,2023.0,Produits & Services industriels,BTP CAPITAL INVESTISSEMENT,EIM CAPITAL,0-20 M€,MBO,n.d.,,,,,,,,,,,,,
31 juil. 2024,SEEDEXT,France |,Éditeur d'une solution de transcription et d'analyse des réunions grâce à l'intelligence artificielle,nan,nan,Logiciel et services informatiques,TOMCAT INVEST,nan,0-20 M€,Amorçage (seed),nan,,,,,,,,,,,,,
31 juil. 2024,OBJOW,France |,Plateforme Saas web d’animation de la performance en entreprise,nan,nan,Logiciel et services informatiques,EDENRED CAPITAL PARTNERS,nan,0-20 M€,1er tour,nan,,,,,,,,,,,,,
31 juil. 2024,WESTPOINT,France |,Appareils électroménagers et de climatisation,80,2023.0,nan,GROUPE GLADIUS,ACTIONNAIRES FAMILIAUX,38 M€,M&A Corporate,nan,,,,,,,,,,,,,
31 juil. 2024,7OPTEAM,France |,Centre d'expertise en planification et optimisation de vos tournées en temps réel.,4,2024.0,Logiciel et services informatiques,NOMADIA GROUP (GEOCONCE...,FONDATEUR(S),10-15 M€,Build-up,n.d.,,,,,,,,,,,,,
31 juil. 2024,HUB2,France |,Fournisseur d'infrastructures de paiement numérique en marque blanche pour les fintech,10,2023.0,nan,TLCOM CAPITAL PARTNERS,APICAP,0-20 M€,2e tour,nan,,,,,,,,,,,,,
31 juil. 2024,OMAHA,France |,Éditeur d'un outil de retraitement comptable,nan,nan,Services & Conseil aux entreprises,VENTECH,nan,10-15 M€,Amorçage (seed),nan,,,,,,,,,,,,,
31 juil. 2024,SOLTEO,France |,Editeur du logiciel Saas Solteo,nan,nan,Logiciel et services informatiques,AXELEO,nan,0-5 M€,Amorçage (seed),nan,,,,,,,,,,,,,
31 juil. 2024,TEMPSTER,Allemagne |,Plateforme de mise en relation entre demandeurs d'emploi et employeurs,16,2023.0,Internet & ecommerce,DOMINO RH,n.d.,n.d.,M&A (Int'l),n.d.,,,,,,,,,,,,,
31 juil. 2024,JEAN MICHEL GUILLEMOT TRAITEUR,France |,Traiteur événementiel et de boucherie-charcuterie,5,2023.0,Tourisme,nan,FONDATEUR(S),1.30 M€,Sponsorless,0-5,,,,,,,,,,,,,
31 juil. 2024,ANTARES DIFFUSION,France |,Distribution articles de plein air et accessoires pour véhicules de loisirs,20,2023.0,Services & Biens de consommation,UI INVESTISSEMENT,SIPAREX ENTREPRENEURS,20-50 M€,LBO Bis,n.d.,,,,,,,,,,,,,
31 juil. 2024,SAVEURS & VIE,France |,Livraison de repas à domicile pour personnes âgées,30,2023.0,Services & Biens de consommation,ISATIS CAPITAL,FONDATEUR(S),20-50 M€,LBO Primaire,n.d.,,,,,,,,,,,,,
31 juil. 2024,ECO SPECIAL WASTE MANAGEMENT (ECO...,Singapour |,Gestion,68,2023.0,Environnement & CleanTechs,DIF CAPITAL PARTNERS,SÉCHÉ ENVIRONNEMENT,n.d.,Cession de titres,nan,,,,,,,,,,,,,
31 juil. 2024,ARKEGREEN,France |,Conception d'écolodges pour l’hôtellerie de plein air,1,2023.0,Immobilier & construction,3A VENTURE,nan,0-20 M€,1er tour,nan,,,,,,,,,,,,,
31 juil. 2024,GROUPE ASGARD,France |,Solutions d'instrumentation et de mesure,nan,nan,Electronique & Informatique,ABENEX,FONDATEUR(S),20-50 M€,Augmentation de capital,n.d.,,,,,,,,,,,,,
31 juil. 2024,SIRFULL,France |,Éditeur de de logiciels de maîtrise de la qualité soudage et du cycle de vie des équipements industriels,nan,nan,Logiciel et services informatiques,INNOVACOM,nan,15-20 M€,4e tour,nan,,,,,,,,,,,,,
31 juil. 2024,SYNEIDO (EX DPS),France |,Agence de communication et de publicité,28,2023.0,Média,TURENNE GROUPE,RE-SOURCES CAPITAL,20-50 M€,LBO Bis,n.d.,,,,,,,,,,,,,
31 juil. 2024,UZER,France |,Editeur de Montri,nan,nan,Logiciel et services informatiques,SIMPLICITI,FONDATEUR(S),0-5 M€,Build-up,0-5,,,,,,,,,,,,,
31 juil. 2024,LGCE (LEGUILLE GUIHENEUF CONSULTI...,France |,Logiciel de gestion pour les techniciens de maintenance des réseaux d’eau et pour les collectivités.,nan,nan,Logiciel et services informatiques,SIMPLICITI,FONDATEUR(S),0-5 M€,Build-up,0-5,,,,,,,,,,,,,
31 juil. 2024,OCEALIZ,France |,Courtier grossiste,10.50,2023.0,nan,GROUPE LEADER INSURANCE,FONDATEUR(S),0-20 M€,Build-up,n.d.,,,,,,,,,,,,,
31 juil. 2024,ISCO,France |,Spécialiste de la maintenance d’équipements de grandes cuisines,9,2023.0,Tourisme,ENTREPRENEUR INVEST,MANAGER(S),0-20 M€,MBI,n.d.,,,,,,,,,,,,,
31 juil. 2024,MAISON MEDELYS,France |,Distributeur de produits gastronomiques pour professionnels,12,2023.0,nan,RIVES CROISSANCE,FONDATEUR(S),0-20 M€,OBO,n.d.,,,,,,,,,,,,,
31 juil. 2024,BLUEFINS,France |,Concepteur de systèmes de propulsion biomimétiques (nageoires robotisées) limitant la consommation de carburant des navires,nan,nan,nan,BNP PARIBAS DEVELOPPEMENT,nan,0-20 M€,1er tour,nan,,,,,,,,,,,,,
31 juil. 2024,CONSEILS PATRIMOINE SERVICES (CPS),France |,Cabinet de gestion de patrimoine (CGP) et courtage en assurances,2,2023.0,nan,KEREIS,FONDATEUR(S),5-10 M€,Build-up,5-10,,,,,,,,,,,,,
31 juil. 2024,RJ AERO,France |,Prestataire de maintenance aéronautique (structure et cabine des avions),15,2023.0,Automobile,SUNAERO,MANAGER(S),20-50 M€,Build-up,n.d.,,,,,,,,,,,,,
31 juil. 2024,LES PRESSOIRS COQUARD,France |,Conception,8,2024.0,Produits & Services industriels,OMNIA TECHNOLOGIES,MANAGER(S),0-20 M€,Build-up international,0-20,,,,,,,,,,,,,
31 juil. 2024,AERLEUM,France |,Transformation du CO2 en e-méthanol,nan,nan,Environnement & CleanTechs,360 CAPITAL PARTNERS,nan,0-20 M€,Amorçage (seed),nan,,,,,,,,,,,,,
31 juil. 2024,HTC SANTÉ,France |,Centre bien-être et remise en forme,4,2023.0,Santé,CRÉDIT AGRICOLE RÉGIONS...,nan,5-10 M€,1er tour,nan,,,,,,,,,,,,,
31 juil. 2024,ERANEOS TECHNOLOGY NETHERLANDS,Pays-Bas |,Intégrateur de solutions de l'éditeur ServiceNow,10,2023.0,Logiciel et services informatiques,DEVOTEAM,ERANEOS,n.d.,Build-up international,n.d.,,,,,,,,,,,,,
31 juil. 2024,GARAJE DE IDEAS,France |,Agence numérique construisant des sites Internet et proposant des outils d'expérience client,14,2023.0,Logiciel et services informatiques,EUROPEAN DIGITAL GROUP ...,FONDATEUR(S),n.d.,Build-up international,nan,,,,,,,,,,,,,
31 juil. 2024,AELIS FARMA,France |,Biotech spécialisée dans le traitement de pathologies neurologiques graves via des inhibiteurs,10.50,2023.0,nan,EURONEXT (BOURSE),nan,n.d.,Augmentation de capital,nan,,,,,,,,,,,,,
31 juil. 2024,TEXELIS,France |,Société de conception et fabrication de systèmes de mobilité et liaison au sol (ponts,112,2023.0,Automobile,OUEST CROISSANCE,CROISSANCE RAIL,100 M€,MBO Bis,n.d.,,,,,,,,,,,,,
31 juil. 2024,ULULA,Canada |,Éditeur de solutions logicielles d'analyse des pratiques relatives au respect des droits de l’homme dans l’entreprise,4.50,2023.0,Logiciel et services informatiques,ECOVADIS,FONDATEUR(S),0-20 M€,M&A (Int'l),0-20,,,,,,,,,,,,,
31 juil. 2024,ERES,France |,Gestion d'épargne salariale,65,2022.0,nan,EURAZEO,IK PARTNERS (EX-IK INVE...,600 M€,LBO Bis,250-500,,,,,,,,,,,,,
31 juil. 2024,IDAM,France |,Société de gestion,nan,nan,nan,AURIS GESTION,FONDATEUR(S),0-5 M€,Build-up,0-5,,,,,,,,,,,,,
31 juil. 2024,CEGEDIM,France |,CRM (Customer Relationship Management) pharmaceutique,326.60,2023.0,Logiciel et services informatiques,nan,n.d.,n.d.,Financement,nan,,,,,,,,,,,,,
31 juil. 2024,REED - SOCIETE GENERALE GROUP (EX...,France |,Société de gestion alternative spécialisée dans la mobilité,nan,nan,nan,GROUPE SOCIETE GENERALE,FONDATEUR(S),n.d.,Majoritaire,n.d.,,,,,,,,,,,,,
31 juil. 2024,OPENETICS,Espagne |,Technologies et solutions pour la voix,nan,nan,Média,TKH FRANCE (CAE GROUPE),n.d.,0-20 M€,Build-up international,0-20,,,,,,,,,,,,,
31 juil. 2024,VEOLIA NORTH AMERICA REGENERATION...,États-Unis |,Activité de régénération d’acide sulfurique en Amérique du Nord de Veolia,323.45,2023.0,Environnement & CleanTechs,AMERICAN INDUSTRIAL PAR...,VEOLIA,n.d.,Augmentation de capital,nan,,,,,,,,,,,,,
31 juil. 2024,SYNOVO GROUP,France |,Éditeur de logiciels de gestion des transports sanitaires,7,2023.0,Logiciel et services informatiques,LAUXERA CAPITAL PARTNERS,nan,20-50 M€,Augmentation de capital,nan,,,,,,,,,,,,,
31 juil. 2024,GROUPE BMI,France |,Spécialiste des solutions anti-usure pour les fabricants de tuiles et briques en terre cuite,11,2023.0,Produits & Services industriels,CICLAD,MANAGER(S),0-20 M€,MBI,n.d.,,,,,,,,,,,,,
31 juil. 2024,STADE MALHERBE CAEN (SMC),France |,Club de football de Ligue 2,14.80,2023.0,Tourisme,COALITION CAPITAL,OAKTREE CAPITAL,15-20 M€,Cession de titres,nan,,,,,,,,,,,,,
31 juil. 2024,SCOPE GROUP,Allemagne |,Agence  de notation (rating),nan,nan,nan,CREDIT AGRICOLE ASSURANCES,n.d.,250-500 M€,M&A (Int'l),n.d.,,,,,,,,,,,,,
31 juil. 2024,MEGA INTERNATIONAL,France |,Éditeur de solutions logicielles dans le domaine de l'architecture d'entreprise,42,2023.0,Logiciel et services informatiques,BIZZDESIGN,GIMV,50-150 M€,Build-up international,50-150,,,,,,,,,,,,,
31 juil. 2024,SOCIÉTÉ GENERALE BÉNIN,Bénin |,Banque commerciale,34,2023.0,nan,ETAT (SAUF FRANCE),GROUPE SOCIETE GENERALE,n.d.,M&A (Int'l),n.d.,,,,,,,,,,,,,
31 juil. 2024,CARACTERES ENSEIGNES,France |,Impression numérique grand format,7,2023.0,Média,CTN GROUPE,FONDATEUR(S),6 M€,Build-up,0-20,,,,,,,,,,,,,
31 juil. 2024,CONTEGIX,États-Unis |,Intégrateur des logiciels Atlassian à destination des secteurs public et privé,nan,nan,Logiciel et services informatiques,VALIANTYS GROUP,STRATTAM CAPITAL,50-150 M€,Build-up international,50-150,,,,,,,,,,,,,
31 juil. 2024,CEPASCO,France |,Sourcing,25,2023.0,nan,HAUDECOEUR,EVOCO,20-50 M€,Build-up,20-50,,,,,,,,,,,,,
31 juil. 2024,KORINT,France |,Fintech fournissant une solution de gestion des produits d'assurance pour les PME,nan,nan,nan,360 CAPITAL PARTNERS,nan,0-20 M€,1er tour,nan,,,,,,,,,,,,,
31 juil. 2024,HPS INTERNATIONAL,France |,Vérins hydrauliques,41,2024.0,Produits & Services industriels,MBO+,CAPITAL EXPORT,80 M€,LBO Bis,n.d.,,,,,,,,,,,,,
31 juil. 2024,INTENT TECHNOLOGIES,France |,Éditeur d'une plateforme de gestion Saas des données des actifs immobiliers,nan,nan,Logiciel et services informatiques,AMUNDI PRIVATE EQUITY F...,BANQUE DES TERRITOIRES,0-20 M€,4e tour,nan,,,,,,,,,,,,,
31 juil. 2024,CODIPRO,Luxembourg |,Anneau de levage articulé,15,2023.0,Produits & Services industriels,HPS INTERNATIONAL,GROUPE ALIPA,0-20 M€,Build-up international,0-20,,,,,,,,,,,,,
30 juil. 2024,BATI ETANCHE ILE-DE-FRANCE,France |,Etanchéité en bitume,7,2023.0,Immobilier & construction,BUILDTECH,STANKIA (EX TEP ETANCHE...,5-10 M€,Build-up,5-10,,,,,,,,,,,,,
30 juil. 2024,BUILDTECH,France |,Groupe spécialisé dans la réalisation de travaux d’étanchéité du bâtiment,20,2024.0,Immobilier & construction,BNP PARIBAS DEVELOPPEMENT,nan,0-20 M€,Augmentation de capital,nan,,,,,,,,,,,,,
30 juil. 2024,KEYSOM,France |,Éditeur d'un d'un logiciel no code de conception de processeurs sur-mesure à destination des acteurs des semi-conducteurs et des systèmes embarqués,nan,nan,Logiciel et services informatiques,BPIFRANCE INVESTISSEMENT,nan,0-20 M€,1er tour,nan,,,,,,,,,,,,,
30 juil. 2024,MCS (MEDITERRANEE CONSEILS SERVICES),France |,Nettoyage des bâtiments (secteur tertiaire,4,2023.0,Services & Conseil aux entreprises,CIEL BLEU (PERENNE),FONDATEUR(S),0-5 M€,M&A Corporate,0-5,,,,,,,,,,,,,
30 juil. 2024,LA BELLE VIE (DELEEV),France |,Foodtech : livraison courses du quotidien et produits artisanaux,57,2023.0,Internet & ecommerce,BLAST.CLUB (BLAST CLUB),nan,50-150 M€,3e tour,nan,,,,,,,,,,,,,
30 juil. 2024,RIVAGE INVESTMENT,France |,Société de gestion d'actifs indépendante spécialisée dans le financement d'infrastructures durables,nan,nan,nan,AXA IM PRIVATE MARKETS ...,MANAGER(S),n.d.,Cession de titres,n.d.,,,,,,,,,,,,,
30 juil. 2024,CENTRONIC,Royaume-Uni |,Conception et fabrication de détecteurs et dispositifs de radiation,12.70,2023.0,Electronique & Informatique,EXOSENS (EX PHOTONIS),MANAGER(S),n.d.,M&A (Int'l),n.d.,,,,,,,,,,,,,
30 juil. 2024,PRONET SERVICES,Suisse |,Services de nettoyage récurrents pour les bâtiments et les bureaux,nan,nan,Produits & Services industriels,WEINBERG CAPITAL PARTNERS,DECALIA CAPITAL,50-150 M€,LBO Bis,n.d.,,,,,,,,,,,,,
30 juil. 2024,SATEBA,France |,Conception et fabrication des traverses de chemin de fer en béton,300,2023.0,nan,VOSSLOH,TOWERBROOK CAPITAL PART...,450 M€,Sortie M&A Corporate,nan,,,,,,,,,,,,,
30 juil. 2024,LEONARDO.AI,Australie |,Éditeur d'un logiciel de génération de contenus graphiques (en ligne de conception graphique et de communication visuelle) basé sur l'intelligence artificielle,nan,nan,Logiciel et services informatiques,CANVA,FONDATEUR(S),150-250 M€,M&A (Int'l),n.d.,,,,,,,,,,,,,
30 juil. 2024,HUTTOPIA,France |,Concepteur et opérateur de campings-nature,113,2023.0,Tourisme,CRÉDIT AGRICOLE RÉGIONS...,nan,250-500 M€,Augmentation de capital,10-15,,,,,,,,,,,,,
30 juil. 2024,CLINADENT,France |,Réseau national de centres dentaires,50,2023.0,Santé,QUALIUM INVESTISSEMENT,n.d.,n.d.,Retournement,n.d.,,,,,,,,,,,,,
30 juil. 2024,GEOMESURE,France |,Distributeur de solutions matérielles et logicielles pour géomètres-experts et professionnels des secteurs de la construction,23,2023.0,nan,IRDI CAPITAL INVESTISSE...,FONDATEUR(S),0-20 M€,MBO,0-20,,,,,,,,,,,,,
30 juil. 2024,CHANEL,France |,Maison de haute-couture,19 700,2023.0,Textile,nan,n.d.,n.d.,Emission obligataire,nan,,,,,,,,,,,,,
30 juil. 2024,DESSIA TECHNOLOGIES,France |,Plate-forme d’Intelligence Artificielle Explicable : aide aux prises de décisions en proposant les meilleures options possibles,nan,nan,Logiciel et services informatiques,MATTERWAVE VENTURES (EX...,nan,0-20 M€,2e tour,nan,,,,,,,,,,,,,
30 juil. 2024,DIVISION PACKAGING DU GROUPE ALIP...,Luxembourg |,Emballage industriel réutilisable en contreplaqué et bois,25,2023.0,Produits & Services industriels,EVOLEM,GROUPE ALIPA,20-50 M€,LBO Primaire,n.d.,,,,,,,,,,,,,
29 juil. 2024,ULTRAWATT,France |,Concepteur de façades solaires : installation de panneaux solaires sur les façades des bâtiments,nan,nan,Environnement & CleanTechs,UI INVESTISSEMENT,nan,0-20 M€,Augmentation de capital,nan,,,,,,,,,,,,,
29 juil. 2024,FRANCE BUREAU,France |,Distributeur en ligne de mobilier de bureau,nan,nan,Services & Biens de consommation,GARIBALDI PARTICIPATIONS,ORFITE,0-20 M€,MBO,n.d.,,,,,,,,,,,,,
29 juil. 2024,THE FUTURE IS NEUTRAL,France |,Recyclage automobile,1 000,2023.0,Automobile,SUEZ,GROUPE RENAULT,500 M€,Minoritaire,nan,,,,,,,,,,,,,
29 juil. 2024,LOKKI,France |,Éditeur d'un logiciel de gestion des locations à destination des commerçants et d'une place de marché,nan,nan,Logiciel et services informatiques,BLISCE/,nan,0-20 M€,2e tour,nan,,,,,,,,,,,,,
29 juil. 2024,TRANSMILLÉSIMES BY ADVISO (EX TRA...,France |,Boutique M&A intervenant sur l'ensemble de la chaîne de valeur du secteur viticole (production,nan,nan,nan,ADVISO PARTNERS,FONDATEUR(S),0-5 M€,Majoritaire,0-5,,,,,,,,,,,,,
29 juil. 2024,SHS VIVEON,Allemagne |,Éditeur de logiciels de gestion du risque de crédit et de la conformité,8.80,2023.0,Logiciel et services informatiques,SIDETRADE,DISCOVER CAPITAL,5.76 M€,OPA,nan,,,,,,,,,,,,,
29 juil. 2024,VIRIOT HAUTBOUT,France |,Travaux d'installation d'équipements thermiques et de climatisation,10.27,2023.0,Immobilier & construction,VINCI ENERGIES,MANAGER(S),n.d.,M&A Corporate,n.d.,,,,,,,,,,,,,
29 juil. 2024,MNSTR,France |,Conception de campagnes de communication,13,2023.0,Média,PROJECT WORLDWIDE,FONDATEUR(S),0-20 M€,M&A (Int'l),0-20,,,,,,,,,,,,,
29 juil. 2024,POMPES FUNEBRES NOEL,France |,Pompes funèbres,nan,nan,Services & Biens de consommation,FUNECAP,n.d.,n.d.,Build-up,n.d.,,,,,,,,,,,,,
29 juil. 2024,NEOSYAD,France |,Développement de produits pour l’utilisation du tissu adipeux en chirurgie plastique et reconstructrice (lipofilling),nan,nan,Electronique & Informatique,HAPPY CAPITAL,nan,0-5 M€,Amorçage (seed),nan,,,,,,,,,,,,,
26 juil. 2024,GREEN CORP KONNECTION (GCK),France |,Spécialiste de la mobilité décarbonée,30,2023.0,nan,SHIFT4GOOD,nan,n.d.,1er tour,nan,,,,,,,,,,,,,
26 juil. 2024,EVIDENS DE BEAUTE,France |,Marque de soins anti-âge de luxe,nan,nan,Santé,S'YOUNG,FONDATEUR(S),56 M€,M&A (Int'l),nan,,,,,,,,,,,,,
26 juil. 2024,SUBSTANCIEL,France |,Spécialiste de la la recherche de subventions pour les projets d’investissements,1.40,2023.0,Services & Conseil aux entreprises,DYNERGIE GROUP,FONDATEUR(S),0-20 M€,Minoritaire,0-20,,,,,,,,,,,,,
26 juil. 2024,L'ALLIANCE (SERI - ARI - MDO),France |,Mobilier urbain,53,2023.0,Produits & Services industriels,ARKEA CAPITAL,CICLAD,20-50 M€,LBO Bis,n.d.,,,,,,,,,,,,,
26 juil. 2024,RESSORTS LACROIX,France |,Ressorts de compression,6.50,2023.0,Produits & Services industriels,LESJÖFORS SPRINGS & PRE...,n.d.,5-10 M€,M&A (Int'l),5-10,,,,,,,,,,,,,
26 juil. 2024,DURALEX,France |,Fabrication et distribution de vaisselle en verre trempé (verres,31.30,2022.0,Services & Biens de consommation,DURALEX SCOP SA,INTERNATIONAL COOKWARE ...,0-20 M€,Retournement,0-5,,,,,,,,,,,,,
26 juil. 2024,RIGOLO COMME LA VIE,France |,Crèches et accueils de loisirs,25,2023.0,Services & Biens de consommation,M80 PARTNERS,ID KIDS GROUP (JACADI O...,n.d.,LBO Primaire,n.d.,,,,,,,,,,,,,
26 juil. 2024,PNEUMARINE SERVICES,France |,Rénovation et restauration de bateaux pneumatiques (essentiellement) et semi-rigides pour les professionnels circulant sur le bassin d’Arcachon,1,2023.0,nan,HUNYVERS,MANAGER(S),0-5 M€,M&A Corporate,0-5,,,,,,,,,,,,,
26 juil. 2024,DLPK,France |,Distribution et gestion de produits d'épargne et de prévoyance,150,2023.0,nan,APRIL,MANAGER(S),n.d.,Build-up,n.d.,,,,,,,,,,,,,
26 juil. 2024,TIPIAK,France |,Produits d'épicerie et plats cuisinés surgelés,239.40,2022.0,nan,TERRENA,MAISON GROULT,140 M€,OPA,nan,,,,,,,,,,,,,
26 juil. 2024,GAIAGO,France |,Agritech développant des solutions pour entretenir les micro-organismes des sols,6,2023.0,Environnement & CleanTechs,VOL-V,nan,n.d.,Retournement,nan,,,,,,,,,,,,,
26 juil. 2024,C.V. FINANCE,France |,Cabinet de gestion de patrimoine et courtage en assurance,nan,nan,nan,ASTORIA FINANCE,FONDATEUR(S),0-20 M€,Build-up,0-20,,,,,,,,,,,,,
25 juil. 2024,SECURITY INNOVATION,États-Unis |,Sécurité logicielle,23,2023.0,Logiciel et services informatiques,BUREAU VERITAS,n.d.,n.d.,M&A (Int'l),n.d.,,,,,,,,,,,,,
25 juil. 2024,EMS FACTORY,France |,Fabrication de cartes électroniques en petites et moyennes séries.,3.40,2023.0,Electronique & Informatique,ALLIANCE ELECTRONICS,FONDATEUR(S),n.d.,Build-up,n.d.,,,,,,,,,,,,,
25 juil. 2024,LUMION,Pays-Bas |,Éditeur de logiciels de visualisation 3D destinés aux professionnels du secteur AEC (architecture,nan,nan,Logiciel et services informatiques,SEVEN2 (EX APAX PARTNERS),MANAGER(S),50-150 M€,LBO Primaire,n.d.,,,,,,,,,,,,,
25 juil. 2024,LES AUBERGISTES LYONNAIS,France |,Exploitation d'hôtels à Lyon,6.90,2023.0,Tourisme,ESPRIT DE FRANCE,BPIFRANCE INVESTISSEMENT,0-20 M€,Minoritaire,0-20,,,,,,,,,,,,,
25 juil. 2024,IPAIDTHAT,France |,Assistant logiciel basé sur intelligence artificielle pour gestion comptable,nan,nan,Logiciel et services informatiques,GROUPE BPCE,TRUFFLE CAPITAL,20-50 M€,Majoritaire,n.d.,,,,,,,,,,,,,
25 juil. 2024,GROUPE SQUIBAN,France |,Installation d’équipements de serres industrielles,70,2023.0,Produits & Services industriels,UNIGRAINS,MANAGER(S),50-150 M€,MBO,n.d.,,,,,,,,,,,,,
25 juil. 2024,ARCHE MC2,France |,Éditeur de logiciels d'aide et des soins à domicile,nan,nan,Logiciel et services informatiques,nan,n.d.,n.d.,Refinancement,n.d.,,,,,,,,,,,,,
25 juil. 2024,DELEPIERRE MENUISERIE,France |,Fabricant de menuiseries bois extérieures,10,2023.0,Immobilier & construction,GROUPE BATTAIS,MANAGER(S),5-10 M€,Build-up,5-10,,,,,,,,,,,,,
25 juil. 2024,DIVITIAE,France |,Cabinet de conseil en gestion de patrimoine,nan,nan,nan,OLIFAN GROUP,FONDATEUR(S),0-5 M€,Build-up,0-5,,,,,,,,,,,,,
25 juil. 2024,MAISON LELIEVRE,France |,Fabricant de tissus d’ameublement,19,2023.0,Textile,C4 INDUSTRIES,nan,0-20 M€,Augmentation de capital,5-10,,,,,,,,,,,,,
25 juil. 2024,EXPANSCIENCE,France |,Laboratoire pharmaceutique spécialisé dans 4 activités : dermo-cosmétique,340,2023.0,Produits Pharmaceutiques & matériel médical,nan,n.d.,n.d.,Refinancement,nan,,,,,,,,,,,,,
25 juil. 2024,SAFE GROUP (SAFE ORTHOPAEDICS ET ...,France |,Conception,7.40,2023.0,Produits Pharmaceutiques & matériel médical,SAFE GROUP/SPINEUP,ALPHA BLUE OCEAN (ABO),20 M€,Fusion,nan,,,,,,,,,,,,,
25 juil. 2024,INFLUENTIAL,États-Unis |,Éditeur spécialisé dans le marketing d’influence sur les réseaux sociaux,138,2023.0,Média,PUBLICIS GROUPE,FONDATEUR(S),460 M€,M&A (Int'l),nan,,,,,,,,,,,,,
25 juil. 2024,TRICARES (EX MITRICARES),Allemagne |,Medtech développant un dispositif médical pour insuffisance cardiaque (système de remplacement de la valve tricuspide),nan,nan,Produits Pharmaceutiques & matériel médical,INDUSTRIEL(S),nan,n.d.,4e tour,nan,,,,,,,,,,,,,
25 juil. 2024,TRAVEL TECHNOLOGY INTERACTIVE (TTI),France |,Logiciels de gestion pour petites compagnies aériennes,6.24,2022.0,Logiciel et services informatiques,CITIZENPLANE,EURONEXT GROWTH (EX ALT...,22.30 M€,OPA,n.d.,,,,,,,,,,,,,
25 juil. 2024,OPES PATRIMOINE,France |,Conseil en gestion du patrimoine,1.30,2023.0,nan,CRYSTAL,MANAGER(S),0-5 M€,Build-up,0-5,,,,,,,,,,,,,
25 juil. 2024,CHAMPAGNE LAURENT-PERRIER,France |,Champagnes moyen et haut de gamme,312.50,2023.0,nan,nan,n.d.,500-1000 M€,Refinancement,nan,,,,,,,,,,,,,
25 juil. 2024,BASTIDE GROUPE,France |,Prestations et appareillages dans le cadre de soins médicaux à domicile,508,2023.0,Santé,nan,n.d.,n.d.,Refinancement,nan,,,,,,,,,,,,,
25 juil. 2024,ARAK FINANCE (ARAK PATRIMOINE),France |,Cabinet de conseil en gestion de patrimoine,nan,nan,nan,OLIFAN GROUP,FONDATEUR(S),0-5 M€,Build-up,0-5,,,,,,,,,,,,,
25 juil. 2024,DELATTRE FINANCE,France |,Cabinet de conseil en gestion de patrimoine,nan,nan,nan,OLIFAN GROUP,FONDATEUR(S),0-5 M€,Build-up,0-5,,,,,,,,,,,,,
25 juil. 2024,HEXAGRAM,France |,Conception,5,2023.0,Logiciel et services informatiques,GROUPE SRA,FONDATEUR(S),0-20 M€,M&A Corporate,0-20,,,,,,,,,,,,,
24 juil. 2024,EXCLUSIVE NETWORKS,France |,Distribution de solutions de cybersécurité et de cloud computing pour les infrastructures numériques,5 140,2023.0,Logiciel et services informatiques,CLAYTON DUBILIER & RICE...,PERMIRA,2 200 M€,OPA,nan,,,,,,,,,,,,,
24 juil. 2024,KOAWA VACANCES,France |,Exploitation de campings (majoritairement trois étoiles),15,2023.0,Tourisme,CIELA VILLAGE,MANAGER(S),50-150 M€,Build-up,n.d.,,,,,,,,,,,,,
24 juil. 2024,ADECHOTECH,France |,Robotique médicale appliquée à la télé-échographie,0.60,2023.0,Produits Pharmaceutiques & matériel médical,BANQUE DES TERRITOIRES,nan,0-20 M€,Augmentation de capital,nan,,,,,,,,,,,,,
24 juil. 2024,KELKUN,France |,Application de mise en relation entre particuliers et artisans du bâtiment.,nan,nan,Internet & ecommerce,nan,nan,20-50 M€,Amorçage (seed),nan,,,,,,,,,,,,,
24 juil. 2024,TECHWAY,France |,Electronique embarquée et expert du traitement numérique du signal et de la vidéo.,5.45,2023.0,Electronique & Informatique,NCS SYSTEMS (EX NIJKERK...,FONDATEUR(S),5-10 M€,Build-up,5-10,,,,,,,,,,,,,
24 juil. 2024,LORÉ,France |,Éditeur de logiciels et conseil spécialisé dans l'optimisation fiscale et les investissements des professionnels de l'immobilier,4.50,2023.0,Logiciel et services informatiques,IDICO,FONDATEUR(S),20-50 M€,LBO Primaire,nan,,,,,,,,,,,,,
24 juil. 2024,REUNIMER (LES PECHERIES DU SUD),France |,Activités de pêche,70,2023.0,nan,HIVEST CAPITAL PARTNERS,MANAGER(S),50-150 M€,LBO Primaire,n.d.,,,,,,,,,,,,,
24 juil. 2024,SOITEC,France |,Fabrication plaques de silicium sur isolant (SOI),nan,nan,Electronique & Informatique,nan,n.d.,n.d.,Financement,n.d.,,,,,,,,,,,,,
24 juil. 2024,GROUPE PAGES,France |,Conception,37,2023.0,Services & Conseil aux entreprises,GALIA GESTION,FONDATEUR(S),20-50 M€,LBO Bis,n.d.,,,,,,,,,,,,,
24 juil. 2024,BOBBEE (OSS 360),France |,Logiciel pour experts-comptables,nan,nan,Logiciel et services informatiques,ISAGRI,MANAGER(S),0-20 M€,M&A Corporate,0-20,,,,,,,,,,,,,
24 juil. 2024,EPOKA,France |,Agence de communication corporate,28,2023.0,Média,MANTU (EX GROUP AMARIS),FONDATEUR(S),0.60 M€,Retournement,nan,,,,,,,,,,,,,
24 juil. 2024,ALTER DOMUS,Luxembourg |,Cabinet de conseil comptable,nan,nan,Services & Conseil aux entreprises,CINVEN,n.d.,n.d.,LBO Primaire,nan,,,,,,,,,,,,,
24 juil. 2024,SIRAC,France |,Services d'inspection et essais non destructifs dans l'industrie (nucléaire,nan,nan,Produits & Services industriels,SPIE OPERATIONS (GROUPE...,MANAGER(S),20-50 M€,M&A Corporate,20-50,,,,,,,,,,,,,
24 juil. 2024,EXOTICCA,Espagne |,Tour-opérateur digital spécialiste des voyages organisés,200,2023.0,Internet & ecommerce,QUADRILLE CAPITAL,BUSINESS ANGEL(S),250-500 M€,4e tour,nan,,,,,,,,,,,,,
24 juil. 2024,EURO TECHNI CONTROLE (ETC),France |,Inspection,nan,nan,Produits & Services industriels,SPIE OPERATIONS (GROUPE...,MANAGER(S),20-50 M€,M&A Corporate,20-50,,,,,,,,,,,,,
23 juil. 2024,MARLYPLAST,France |,Négoce de tissus et revêtements haut de gamme et découpe des rouleaux sur mesure à la demande du client,5,2023.0,Textile,nan,MANAGER(S),0-5 M€,M&A Corporate,0-5,,,,,,,,,,,,,
23 juil. 2024,GRAPH LAND,France |,ESN experte des Systèmes d’Information Géographique (SIG),6,2023.0,Logiciel et services informatiques,INTUITIS,MANAGER(S),5-10 M€,MBI,n.d.,,,,,,,,,,,,,
23 juil. 2024,GROUPE L'OCCITANE,Luxembourg |,Fabricant et distributeur de produits cosmétiques,2 540,2023.0,Santé,nan,BOURSE ETRANGERE,6 400 M€,OPA,nan,,,,,,,,,,,,,
23 juil. 2024,POLYGONE (HOLDING DE GL EVENTS),France |,Holding de tête de GL Events,nan,nan,Services & Conseil aux entreprises,nan,AQUASOURCA,n.d.,Cession de titres,n.d.,,,,,,,,,,,,,
23 juil. 2024,VELTYS,France |,Conseil en stratégie,6,2023.0,Services & Conseil aux entreprises,KEA & PARTNERS,FONDATEUR(S),5-10 M€,Build-up,n.d.,,,,,,,,,,,,,
23 juil. 2024,MASCO,Italie |,Solutions d'ingénierie pour les industries pharmaceutiques et biotechnologiques.,300,2023.0,nan,ARDIAN,RAG STIFTUNG (RAG FOUND...,n.d.,Majoritaire,n.d.,,,,,,,,,,,,,
23 juil. 2024,GROUPE JV (JV LA FRANÇAISE,France |,Conseil,50,2023.0,Produits & Services industriels,FRENCHFOOD CAPITAL (FFC),MANAGER(S),50-150 M€,MBI,n.d.,,,,,,,,,,,,,
23 juil. 2024,AERO NEGOCE INTERNATIONAL (ANI),France |,Fabrication et distribution de fixations (vis,25,2024.0,Automobile,BOSSARD,IDICO,20-50 M€,M&A (Int'l),n.d.,,,,,,,,,,,,,
23 juil. 2024,GRAF BROTHERS,États-Unis |,Transformation du chêne,92.39,2023.0,Produits & Services industriels,CHARLOIS,FONDATEUR(S),50-150 M€,Build-up international,50-150,,,,,,,,,,,,,
23 juil. 2024,BLANCHISSERIE DIEUZY (BLANCHISSER...,France |,Blanchisserie industrielle et de location de linge.,20,2023.0,Services & Conseil aux entreprises,ESFIN GESTION,UI INVESTISSEMENT,10-15 M€,MBO Bis,n.d.,,,,,,,,,,,,,
23 juil. 2024,FONDERIE DE BRETAGNE,France |,Fabricant de pièces en fonte pour l’industrie automobile,46.50,2023.0,Produits & Services industriels,PRIVATE ASSETS,CALLISTA,1 M€,Retournement,nan,,,,,,,,,,,,,
23 juil. 2024,KESTRA MEDICAL TECHNOLOGIES,États-Unis |,Fabrication de dispositifs médicaux portables,nan,nan,Produits Pharmaceutiques & matériel médical,ANDERA PARTNERS,nan,n.d.,Augmentation de capital,nan,,,,,,,,,,,,,
22 juil. 2024,TECNIKABEL,Italie |,Fabricant de solutions de connectivité à haute valeur ajoutée (câbles spéciaux,140,2023.0,Produits & Services industriels,ANDERA PARTNERS,MANAGER(S),n.d.,LBO Primaire,n.d.,,,,,,,,,,,,,
22 juil. 2024,GERARD FORMATION,France |,Organisme de formation spécialisé sur les métiers de la conduite en sécurité d’engins de manutention et de la prévention des accidents du travail,nan,nan,Services & Conseil aux entreprises,GO ! FORMATIONS,n.d.,0-5 M€,Build-up,0-20,,,,,,,,,,,,,
22 juil. 2024,LEXIBOOK,France |,Produits électroniques de loisir,52.10,2023.0,Electronique & Informatique,nan,FONDATEUR(S),31 M€,OPA,n.d.,,,,,,,,,,,,,
22 juil. 2024,NAGELMACKERS,Belgique |,Banque,133,2023.0,nan,GROUPE BPCE,DAJIA INSURANCE,n.d.,M&A (Int'l),n.d.,,,,,,,,,,,,,
20 juil. 2024,FIZFAB (EX ARMONY),France |,Equipements pour secteur médical et salles de fitness,8,2023.0,Produits & Services industriels,nan,SOFIPACA,0-5 M€,Sponsorless,0-5,,,,,,,,,,,,,
20 juil. 2024,DOTFILE,France |,Éditeur d'une solution de vérification d'identité et de gestion de la conformité à destination des entreprises de la finance,nan,nan,Logiciel et services informatiques,SEAYA VENTURES,nan,20-50 M€,1er tour,nan,,,,,,,,,,,,,
27 déc. 2024,NEOEN,France |,Production d'énergies renouvelables,524.40,2023.0,nan,BROOKFIELD RENEWABLE PA...,IMPALA (IMPALA SAS),6 100 M€,OPA,>1000,,,,,,,,,,,,,
14 janv. 2025,MOMA GROUP,France |,Restauration festive et premium et évènementiel,115,2024.0,Tourisme,BUTLER INDUSTRIES,FONDATEUR(S),50-150 M€,M&A Corporate,50-150,,,,,,,,,,,,,
14 janv. 2025,CNS COMMUNICATIONS,France |,Conseil et expertise en infrastructures IT,21,2024.0,Services & Conseil aux entreprises,JADEL,FONDATEUR(S),n.d.,Cession secondaire,n.d.,,,,,,,,,,,,,
14 janv. 2025,NERIUM CONSEIL,France |,Conseil pour l’optimisation des dépenses immobilières des entreprises.,nan,nan,Services & Conseil aux entreprises,SPARTES,MANAGER(S),n.d.,M&A Corporate,n.d.,,,,,,,,,,,,,
14 janv. 2025,AGORA MAKERS (EX-AGORA TECHNOLOGIES),France |,Éclairage public et mobilier urbain,230,2023.0,Produits & Services industriels,COMMITTED ADVISORS,HIVEST CAPITAL PARTNERS,n.d.,Cession secondaire,n.d.,,,,,,,,,,,,,
10 janv. 2025,GRAPE HOSPITALITY,France |,Gestionnaire d'un portefeuille de 22 hôtels,700,2024.0,Tourisme,ATLAND,EURAZEO REAL ASSETS,700 M€,Cession de titres,n.d.,,,,,,,,,,,,,
10 janv. 2025,GECAPE SUD,France |,Enveloppe des bâtiments industriels,17,2023.0,Immobilier & construction,UI INVESTISSEMENT,nan,0-5 M€,Augmentation de capital,nan,,,,,,,,,,,,,
10 janv. 2025,TOP FINANCE,France |,Spécialiste de la formation et préparations aux principales certifications dans les domaines de la finance,nan,nan,Services & Conseil aux entreprises,MOONSHOT,n.d.,n.d.,M&A Corporate,n.d.,,,,,,,,,,,,,
10 janv. 2025,ROBEAUTE,France |,Spécialiste du développement de microrobots capables de diagnostiquer,nan,nan,Logiciel et services informatiques,PLURAL,nan,n.d.,1er tour,nan,,,,,,,,,,,,,
10 janv. 2025,RESOLVE SURGICAL TECHNOLOGIES,États-Unis |,Conception et fabrication d'instruments chirurgicaux spécialisés en orthopédie,nan,nan,Produits Pharmaceutiques & matériel médical,INTECH,MANAGER(S),n.d.,Build-up international,n.d.,,,,,,,,,,,,,
10 janv. 2025,TYBER MEDICAL LLC,États-Unis |,Fabricant d'appareils et implants orthopédiques,nan,nan,Produits Pharmaceutiques & matériel médical,INTECH,FONDATEUR(S),n.d.,Build-up international,n.d.,,,,,,,,,,,,,
10 janv. 2025,INTECH,France |,Fabricant d'appareils et implants orthopédiques,nan,nan,Produits Pharmaceutiques & matériel médical,MONTAGU,MANAGER(S),>1000 M€,Fusion,250-500,,,,,,,,,,,,,
10 janv. 2025,SPAREKA,France |,Vente en ligne de pièces détachées et plateforme d'entraide pour réparation électroménagers,10,2024.0,Internet & ecommerce,SOWEFUND,nan,0-20 M€,3e tour,nan,,,,,,,,,,,,,
09 janv. 2025,GPM ASSURANCES,France |,Société d’assurance vie,12,2023.0,nan,MUTUELLE ASSURANCES COR...,GROUPE PASTEUR MUTUALITE,50-150 M€,M&A Corporate,50-150,,,,,,,,,,,,,
09 janv. 2025,GPM GESTION PRIVEE,France |,Assurance patrimonial,nan,nan,nan,MUTUELLE ASSURANCES COR...,GROUPE PASTEUR MUTUALITE,n.d.,M&A Corporate,n.d.,,,,,,,,,,,,,
08 janv. 2025,LOCARMOR,France |,Location matériels BTP,71,2023.0,Immobilier & construction,GROUPE BERTO,UNEXO,50-150 M€,Build-up,50-150,,,,,,,,,,,,,
08 janv. 2025,BONPOINT,France |,Marque haut de gamme de prêt-à-porter pour enfants,150,2024.0,Textile,YOUNGOR,EPI,200 M€,M&A (Int'l),n.d.,,,,,,,,,,,,,
08 janv. 2025,CLASQUIN,France |,Ingénierie transport aérien et maritime,562.10,2023.0,nan,MEDITERRANEAN SHIPPING ...,MANAGER(S),327 M€,OPA,n.d.,,,,,,,,,,,,,
07 janv. 2025,AVICEDA THERAPEUTICS,États-Unis |,Développement d’immunomodulateurs pour le traitement de maladies ophtalmiques (DMLA),nan,nan,nan,JEITO CAPITAL,nan,n.d.,3e tour,nan,,,,,,,,,,,,,
07 janv. 2025,EDF,France |,Producteur d'électricité,nan,nan,nan,EURONEXT (BOURSE),n.d.,n.d.,Emission obligataire,nan,,,,,,,,,,,,,
07 janv. 2025,XYLOCOR THERAPEUTICS,États-Unis |,Biopharmaceutique clinique développant des thérapies géniques innovantes pour les maladies cardiovasculaires,nan,nan,nan,JEITO CAPITAL,nan,n.d.,2e tour,nan,,,,,,,,,,,,,
06 janv. 2025,E-TEACH (EATEACH),Eswatini |,Spécialiste de l'e-learning : conception,nan,nan,Internet & ecommerce,ITYCOM FRANCE,FONDATEUR(S),0-5 M€,M&A (Int'l),0-5,,,,,,,,,,,,,
06 janv. 2025,MOVE-UP (MOVEUP),France |,Fabricant de prothèses d'épaule,10,2024.0,Produits Pharmaceutiques & matériel médical,IMPACT EXPANSION,FONDATEUR(S),20-50 M€,Augmentation de capital,nan,,,,,,,,,,,,,
06 janv. 2025,LINKFORCE,France |,Spécialiste de la gestion de comptes Linkedin pour les professionnels,0.40,2024.0,Média,L2C TECHNOLOGIES,MANAGER(S),0-5 M€,M&A Corporate,0-5,,,,,,,,,,,,,
06 janv. 2025,PHARMENG TECHNOLOGY,Canada |,Cabinet de conseil axé sur les industries pharmaceutiques et biotechnologiques,nan,nan,Services & Conseil aux entreprises,EFOR GROUP,FONDATEUR(S),20-50 M€,Build-up international,20-50,,,,,,,,,,,,,
06 janv. 2025,LEUKOS,France |,Micro-lasers impulsionnels,3,2024.0,Electronique & Informatique,EXAIL TECHNOLOGIES,n.d.,0-20 M€,M&A Corporate,0-20,,,,,,,,,,,,,
06 janv. 2025,ADPREMIER,France |,Agence de marketing digital,2.80,2024.0,Média,L2C TECHNOLOGIES,MANAGER(S),0-5 M€,Majoritaire,0-5,,,,,,,,,,,,,
06 janv. 2025,EDF,France |,Producteur d'électricité,nan,nan,nan,EURONEXT (BOURSE),n.d.,n.d.,Emission obligataire,nan,,,,,,,,,,,,,
03 janv. 2025,BRYAN GARNIER & CO,France |,Banque d'investissement européenne à service complet et axée sur la croissance dans les domaines de la technologie,80,2024.0,nan,STIFEL NICOLAUS & COMPANY,FONDATEUR(S),50-150 M€,M&A (Int'l),50-150,,,,,,,,,,,,,
03 janv. 2025,ACTIVITÉ PLATEAUX-REPAS DE FLEURY...,France |,Les activités de commercialisation,13,2023.0,nan,KUMO,FLEURY MICHON,n.d.,Carve-out,n.d.,,,,,,,,,,,,,
03 janv. 2025,MAKI,France |,Plateforme dédiée aux RH et à l’emploi,nan,nan,Logiciel et services informatiques,BLOSSOM CAPITAL,nan,130 M€,1er tour,nan,,,,,,,,,,,,,
02 janv. 2025,BIOPTIMUS,France |,Construction de modèles d'IA avancés en biologie.,n.d.,nan,Logiciel et services informatiques,CATHAY INNOVATION,nan,150-250 M€,1er tour,nan,,,,,,,,,,,,,
02 janv. 2025,EURO DÉCOR,France |,Découpe de verre et fabrication de vitrages isolants,n.d.,nan,Produits & Services industriels,VIT,FONDATEUR(S),n.d.,Build-up,nan,,,,,,,,,,,,,
02 janv. 2025,SPLIIIT,France |,Plateforme de partage d'abonnements numériques entre particuliers,nan,nan,Internet & ecommerce,SUPERPROF,FONDATEUR(S),n.d.,M&A Corporate,nan,,,,,,,,,,,,,
02 janv. 2025,LOFT ORBITAL,France |,Intégration et déploiement de charges utiles en orbite,n.d.,nan,Logiciel et services informatiques,TIKEHAU CAPITAL,nan,n.d.,3e tour,nan,,,,,,,,,,,,,
02 janv. 2025,CEREA PARTNERS (VOIR DEMEA INVEST),France |,Fonds d'investissement spécialisés dans l'agriculture,30,2023.0,nan,DEMEA INVEST,SMABTP (VOIR GALIAN-SMA...,n.d.,Fusion,n.d.,,,,,,,,,,,,,
02 janv. 2025,EDITIONS DELCOURT,France |,Édition de BD,105,2023.0,Média,EDITIS,FLORAC,50-150 M€,M&A Corporate,50-150,,,,,,,,,,,,,
02 janv. 2025,SOCIÉTÉ DE PROMOTION INDUSTRIELLE...,Maroc |,Importateur et distributeur exclusif de trois marques automobiles du groupe Stellantis au Maroc : Peugeot,nan,nan,Automobile,STELLANTIS (EX PSA & FCA),AL MADA,150-250 M€,M&A (Int'l),nan,,,,,,,,,,,,,
20 juil. 2024,DOTFILE,France |,Éditeur d'une solution de vérification d'identité et de gestion de la conformité à destination des entreprises de la finance,nan,nan,Logiciel et services informatiques,SEAYA VENTURES,nan,20-50 M€,1er tour,nan,,,,,,,,,,,,,
19 juil. 2024,HOTEL NAVARRA,Belgique |,Hôtel 4 étoiles,nan,nan,Tourisme,SOHOMA – SOLANET HOSPIT...,INVESTISSEUR(S) PRIVÉ(S),20 M€,Cession de titres,nan,,,,,,,,,,,,,
19 juil. 2024,OCTIME,France |,Éditeur de logiciels de gestion et de planification des temps de travail,37,2023.0,Logiciel et services informatiques,IK PARTNERS (EX-IK INVE...,ANDERA PARTNERS,150-250 M€,LBO V,n.d.,,,,,,,,,,,,,
19 juil. 2024,PROFIL FINANCE,France |,Cabinet de gestion de patrimoine,nan,nan,nan,RHETORES FINANCE,FONDATEUR(S),0-5 M€,Build-up,0-5,,,,,,,,,,,,,
19 juil. 2024,DEMOULIN TRAITEUR,France |,Traiteur (réceptions,nan,nan,Tourisme,ELIOR GROUP,n.d.,n.d.,M&A Corporate,n.d.,,,,,,,,,,,,,
19 juil. 2024,SPACING,France |,Réseau d'entreprises spécialisées dans l'aménagement intérieur de bureaux et d'espaces de travai,20,2023.0,Immobilier & construction,nan,MANAGER(S),20-50 M€,Sponsorless,20-50,,,,,,,,,,,,,
19 juil. 2024,ETANCHEITE DU SUD OUEST,France |,Etanchéité,nan,nan,Immobilier & construction,RENOVIO INVESTMENT FRANCE,MANAGER(S),0-20 M€,M&A Corporate,0-20,,,,,,,,,,,,,
19 juil. 2024,HOSTELYON,France |,"Gestion d’un centre de données (datacenter) ""carrier neutral"" (ne vendant pas de services de télécoms",nan,nan,Média,ETIX EVERYWHERE,n.d.,0-5 M€,Build-up,0-5,,,,,,,,,,,,,
19 juil. 2024,FRANCE AIGUILLAGES SERVICES (FAS ...,France |,Prestataire de services pour les aiguillages et les systèmes de signalisation mécaniques associés,5.50,2023.0,Produits & Services industriels,VOSSLOH,FONDATEUR(S),0-5 M€,M&A (Int'l),0-5,,,,,,,,,,,,,
18 juil. 2024,IPC,France |,Produits d'hygiène,37.50,2023.0,Produits & Services industriels,NCI,UI INVESTISSEMENT,20-50 M€,LBO Ter,n.d.,,,,,,,,,,,,,
18 juil. 2024,EBP INFORMATIQUE,France |,Solution de facturation,65,2023.0,Logiciel et services informatiques,CEGID,FONDATEUR(S),250-500 M€,Build-up,n.d.,,,,,,,,,,,,,
18 juil. 2024,ANDRE ROUX (GROUPE ALSOS ET ELAN ...,France |,Constructeur de maison en bois,45,2023.0,Immobilier & construction,CHAMPEAU (G2C DEVELOPPE...,MANAGER(S),0-20 M€,Retournement,0-20,,,,,,,,,,,,,
18 juil. 2024,LUMINVEST (IDEE ET GIPEO),France |,Travaux d’installation électrique de logements collectifs neufs et rénovation électrique,nan,nan,Immobilier & construction,nan,SOCADIF,15-20 M€,MBO Ter,nan,,,,,,,,,,,,,
18 juil. 2024,OXIALIVE,France |,Régie publicitaire digitale outdoor.,nan,nan,Média,COCKTAIL VISION,MANAGER(S),n.d.,Build-up,n.d.,,,,,,,,,,,,,
18 juil. 2024,ANSEMBLE,France |,Cabinet d'expertise comptable fournissant des services d’expertise comptable et de commissariat aux comptes,nan,nan,nan,CERVINVEST CAPITAL,MANAGER(S),20-50 M€,LBO Primaire,20-50,,,,,,,,,,,,,
18 juil. 2024,REBADGE (ACTIVITÉ FRANCE DE PARKL...,France |,Conception,nan,nan,Electronique & Informatique,JMA,PARKLINK DEVELOPMENT LTD,0-20 M€,M&A (Int'l),0-20,,,,,,,,,,,,,
18 juil. 2024,ITS PARTNER (EK),Espagne |,Produits électroniques de télécommunication destinés au secteur de l'hospitalité,nan,nan,Electronique & Informatique,TKH FRANCE (CAE GROUPE),FONDATEUR(S),0-20 M€,Build-up international,0-20,,,,,,,,,,,,,
18 juil. 2024,TIPTOE,France |,Studio de design : fabrication et distribution de mobilier éco-responsable,6.50,2023.0,Textile,FERMOB,EUTOPIA,0-20 M€,Build-up,nan,,,,,,,,,,,,,
18 juil. 2024,UNITY-SC,France |,Équipements de métrologie et d’inspection,nan,nan,Electronique & Informatique,MERCK,MANAGER(S),155 M€,M&A (Int'l),nan,,,,,,,,,,,,,
18 juil. 2024,PUR & SIMPLE,France |,Étude et réalisation de systèmes de climatisation,3.40,2024.0,Produits & Services industriels,FAUCHÉ,FONDATEUR(S),0-5 M€,Build-up,0-5,,,,,,,,,,,,,
17 juil. 2024,SYNANTO (EX 2S2I),France |,ESN spécialisée dans le conseil en transformation digitale et dans l’ingénierie applicative à destination principalement du secteur Banque Finance Assurances,21,2023.0,Logiciel et services informatiques,CREDIT MUTUEL EQUITY,MANAGER(S),20-50 M€,LBO Primaire,n.d.,,,,,,,,,,,,,
17 juil. 2024,BIEN'ICI,France |,Site d’annonces immobilières,nan,nan,Internet & ecommerce,FNAIM,n.d.,n.d.,Minoritaire,n.d.,,,,,,,,,,,,,
17 juil. 2024,PORTAGE & CO,France |,Société de portage salarial,1,2023.0,Services & Conseil aux entreprises,EGS PORTAGE SALARIAL,BATKA,n.d.,M&A Corporate,n.d.,,,,,,,,,,,,,
17 juil. 2024,MACOCCO MIDI,France |,Transformateur de verre plat,nan,nan,Produits & Services industriels,SOCIETE ARIEGEOISE DE M...,MANAGER(S),0-20 M€,M&A Corporate,0-20,,,,,,,,,,,,,
17 juil. 2024,DUARTE,France |,Travaux de peinture pour professionnels,8,2024.0,Immobilier & construction,JOCHIMEK HOLDING,FONDATEUR(S),0-20 M€,M&A Corporate,0-20,,,,,,,,,,,,,
17 juil. 2024,GROUPE BERKEM,France |,Chimiste spécialisé dans l’extraction végétale,51.90,2023.0,Matières premières & industries de base (minerais,EURAZEO,FONDATEUR(S),44 M€,OPA,n.d.,,,,,,,,,,,,,
17 juil. 2024,CAUSETTE,France |,Publication d'un magazine féminin,nan,nan,Média,nan,MANAGER(S),n.d.,Retournement,n.d.,,,,,,,,,,,,,
17 juil. 2024,IDSUD,France |,Conseil en investissement,5.80,2023.0,nan,LA FRANCAISE DES JEUX (...,ACTIONNAIRES FAMILIAUX,86 M€,OPA,nan,,,,,,,,,,,,,
17 juil. 2024,BROWN EUROPE,France |,Fabricant de fils et barres en alliages haute performance pour les fixations aéronautiques,37,2023.0,Automobile,STS METALS,TIKEHAU IM,20-50 M€,Build-up international,n.d.,,,,,,,,,,,,,
17 juil. 2024,UNIEURO,Italie |,Distribution de produits électroniques et d'électroménager,2 600,2023.0,nan,FNAC-DARTY,PERSONNE(S) PHYSIQUE(S),204.50 M€,OPA,nan,,,,,,,,,,,,,
17 juil. 2024,ACTIVITÉS DE STATIONS DE RECHARGE...,France |,Activité de stations de recharge,nan,nan,nan,ATAWEY,MCPHY,n.d.,M&A Corporate,nan,,,,,,,,,,,,,
17 juil. 2024,FORMALITY,France |,Éditeur de logiciels de gestion des contrats clients et fournisseurs à base d'intelligence artificielle,nan,nan,Logiciel et services informatiques,PARTECH,nan,0-20 M€,Amorçage (seed),nan,,,,,,,,,,,,,
17 juil. 2024,HEIDELBERG ENGINEERING,Allemagne |,Medtech spécialisée dans les appareils de diagnostic et chirurgie ophtalmologique et les logiciels liés,109,2022.0,Produits Pharmaceutiques & matériel médical,ESSILOR-LUXOTTICA,FONDATEUR(S),250-500 M€,M&A (Int'l),n.d.,,,,,,,,,,,,,
17 juil. 2024,TC INNOV,France |,Traitement des odeurs industrielles : métha-compostage,9,2023.0,Environnement & CleanTechs,EGIS,MANAGER(S),0-20 M€,Build-up,n.d.,,,,,,,,,,,,,
17 juil. 2024,DAVID DAVITEC,France |,Spécialiste de l'isolation thermique extérieure de grands bâtiments collectifs et tertiaires,30,2023.0,Immobilier & construction,PLATINA PARTNERS,MANAGER(S),20-50 M€,LBO Primaire,20-50,,,,,,,,,,,,,
17 juil. 2024,PORTEFEUILLE DE VINS STRATÉGIQUES...,Monde |,Marques australiennes Jacob’s Creek,nan,nan,nan,AWL (ACCOLADE WINES),PERNOD RICARD,250-500 M€,Build-up international,250-500,,,,,,,,,,,,,
16 juil. 2024,ALPAGGA,France |,Place de marché de seconde main de matériels pour professionnels de la restauration,nan,nan,Logiciel et services informatiques,RING CAPITAL,nan,5-10 M€,1er tour,nan,,,,,,,,,,,,,
16 juil. 2024,GO NUTS,France |,Concepteur,3.50,2023.0,nan,UN AIR D'ICI (JUSTE BIO),FONDATEUR(S),0-20 M€,M&A Corporate,0-20,,,,,,,,,,,,,
16 juil. 2024,BAKER STAFF,France |,Plateforme de freelances dédiée aux métiers de la boulangerie-pâtisserie,nan,nan,Internet & ecommerce,SIDE CAPITAL,nan,0-5 M€,Amorçage (seed),nan,,,,,,,,,,,,,
16 juil. 2024,ASCENEURON,Suisse |,Traitement des maladies neurodégénératives,nan,nan,nan,NOVO A/S (NOVO HOLDINGS),nan,n.d.,3e tour,nan,,,,,,,,,,,,,
16 juil. 2024,MAGIMIX ET ROBOT-COUPE (GROUPE HA...,France |,Fabricant et distributeur d'équipements de préparation culinaire haut de gamme pour les professionnels (Robot Coupe) et de petits appareils de cuisine haut de gamme à usage domestique (Magimix),nan,nan,Services & Biens de consommation,ARDIAN BUYOUT,MANAGER(S),1 500 M€,LBO Primaire,n.d.,,,,,,,,,,,,,
16 juil. 2024,COEXYA,France |,Services informatiques et édition de logiciels,110,2023.0,Logiciel et services informatiques,TALAN,ARGOS WITYU,150-250 M€,Build-up,n.d.,,,,,,,,,,,,,
16 juil. 2024,CIELA VILLAGE,France |,Hôtelier de plein air (campings),40,2023.0,Tourisme,MONTEFIORE INVESTMENT,GALACTUS INVEST,n.d.,LBO Primaire,n.d.,,,,,,,,,,,,,
16 juil. 2024,LUNETTES POUR TOUS,France |,Distribution lunettes,52,2024.0,nan,QUILVEST CAPITAL PARTNERS,FONDATEUR(S),180 M€,LBO Primaire,n.d.,,,,,,,,,,,,,
16 juil. 2024,VARENGEVILLAISE DE TRAVAUX PUBLIC...,France |,Terrassement,5,2023.0,Immobilier & construction,OREA,MANAGER(S),0-5 M€,Retournement,0-5,,,,,,,,,,,,,
16 juil. 2024,FISCHER INFORMATION TECHNOLOGY,Allemagne |,Éditeur de logiciels pour la documentation technique et la numérisation des informations sur les produits,nan,nan,Logiciel et services informatiques,QUANOS,MANAGER(S),n.d.,Build-up international,n.d.,,,,,,,,,,,,,
16 juil. 2024,CATALYM,Allemagne |,Biotech spécialisée dans les immunothérapies contre le cancer,nan,nan,nan,CANAAN PARTNERS,nan,n.d.,4e tour,nan,,,,,,,,,,,,,
16 juil. 2024,DURISOTTI,France |,Carrossier spécialisé dans la conversion de véhicules utilitaires légers,30,2023.0,Automobile,GTE AUTOMOTIVE (GTE-AUT...,LIBERTY HOUSE,0-20 M€,M&A Corporate,0-20,,,,,,,,,,,,,
16 juil. 2024,NOVOCLIM,France |,Installateur chauffagiste climatisation,6,2023.0,nan,SATEP,n.d.,0-5 M€,Build-up,0-5,,,,,,,,,,,,,
16 juil. 2024,FEMALE INVEST,Danemark |,Plateforme éducative qui fournit aux femmes des outils et des connaissances sur les marchés financiers,nan,nan,Internet & ecommerce,EDUCAPITAL,nan,20-50 M€,1er tour,nan,,,,,,,,,,,,,
16 juil. 2024,NOBIS,Italie |,Assurance dommages des particuliers,500,2023.0,nan,AXA,n.d.,423 M€,M&A (Int'l),nan,,,,,,,,,,,,,
16 juil. 2024,EMOCIO (CONCEPT PARK),France |,Conception et l’organisation d’évènements dans des lieux éphémères dans les centres commerciaux,nan,nan,Média,ATELIER ARTISTIQUE DU B...,ADVENTURE GROUP,0-20 M€,Build-up,0-20,,,,,,,,,,,,,
16 juil. 2024,ELUM ENERGY,France |,Fournisseur de solutions de monitoring et de contrôle pour les centrales solaires standards et hybrides.,8,2024.0,nan,ENERGIZE CAPITAL,nan,50-150 M€,2e tour,nan,,,,,,,,,,,,,
16 juil. 2024,ORISHA,France |,Éditeur de logiciels de gestion pour l'immobilier,200,2023.0,Logiciel et services informatiques,FRANCISCO PARTNERS,TA ASSOCIATES,1 800 M€,LBO Ter,n.d.,,,,,,,,,,,,,
16 juil. 2024,AETHER FINANCIAL SERVICES,France |,Spécialiste de l’exécution des transactions financières,8,2023.0,nan,CAPITAL CROISSANCE,FONDATEUR(S),0-20 M€,OBO,0-20,,,,,,,,,,,,,
16 juil. 2024,VERTICAL ART CHEVALERET,France |,Centre d'escalade,nan,nan,Tourisme,ARKOSE,VERTICAL ART (HIGHBALL),n.d.,Build-up,n.d.,,,,,,,,,,,,,
16 juil. 2024,GROUPE BEST,France |,Créateur du chèque cadeaux multi-enseignes,27,2023.0,Services & Biens de consommation,GROUPE POZEO (CINECHEQUE),MANAGER(S),n.d.,Build-up,n.d.,,,,,,,,,,,,,
16 juil. 2024,SAMANTREE MEDICAL,Belgique |,Développement d’une solution d’imagerie pour l'évaluation préopératoire des tissus réséqués,nan,nan,nan,RELYENS INNOVATION SANT...,nan,n.d.,2e tour,nan,,,,,,,,,,,,,
16 juil. 2024,ALPHITAN GROUPE,France |,Maintenance et réparation de systèmes électroniques et électrotechniques de robots industriels et de matériel embarqué,43,2023.0,Electronique & Informatique,WATERLAND PRIVATE EQUITY,FONDATEUR(S),20-50 M€,LBO Ter,n.d.,,,,,,,,,,,,,
16 juil. 2024,NUTRIPURE,France |,Nutrition sportive et compléments alimentaires,40,2023.0,Santé,PAI PARTNERS,ARDIAN GROWTH,50-150 M€,LBO Bis,50-150,,,,,,,,,,,,,
16 juil. 2024,DATA LEGAL DRIVE,France |,Legaltech : logiciel de pilotage de la conformité RGPD,6,2024.0,Logiciel et services informatiques,EQS GROUP,LEFEBVRE SARRUT,35 M€,Build-up international,nan,,,,,,,,,,,,,
16 juil. 2024,JENAVALVE TECHNOLOGY,États-Unis |,Conception,nan,nan,Produits Pharmaceutiques & matériel médical,EDWARDS LIFESCIENCES,ANDERA PARTNERS,n.d.,Sortie M&A Corporate,n.d.,,,,,,,,,,,,,
16 juil. 2024,SC PACK (SACCOF PACKAGING,France |,Fabricant et distributeur de contenants plastiques,250,2023.0,Produits & Services industriels,MML CAPITAL PARTNERS,ACTIONNAIRES FAMILIAUX,250-500 M€,Augmentation de capital,n.d.,,,,,,,,,,,,,
15 juil. 2024,CABINET JEZO,France |,Bureau d'études spécialisé dans la maîtrise d'œuvre et l'assistance à maîtrise d'ouvrage de projets de mise en conformité,1,2023.0,Immobilier & construction,GROUPE IMING,FONDATEUR(S),0-5 M€,M&A Corporate,0-5,,,,,,,,,,,,,
15 juil. 2024,POLAR ANALYTICS (THE GROWTH TEAM),France |,Éditeur d'un logiciel Saas d'analyse et de visualisation de données pour les e-commerçants et distributeurs,nan,nan,Logiciel et services informatiques,CHALFEN VENTURES,nan,50-150 M€,2e tour,nan,,,,,,,,,,,,,
15 juil. 2024,BITSTACK,France |,Application mobile permettant d’épargner en Bitcoin de façon simple,nan,nan,nan,STILLMARK,nan,n.d.,2e tour,nan,,,,,,,,,,,,,
15 juil. 2024,727 SAILBAGS,France |,Articles de mode et maroquinerie réalisés à partir de voiles de bateaux recyclées,5,2023.0,Textile,BREIZH INVEST PME,nan,0-5 M€,Augmentation de capital,0-5,,,,,,,,,,,,,
15 juil. 2024,EURO CIBUS (MOZZALAT),France |,Grossiste de produits alimentaires italiens,26.70,2023.0,nan,SCAL,MANAGER(S),0-20 M€,M&A Corporate,0-20,,,,,,,,,,,,,
15 juil. 2024,PCA FINANCE,France |,Conseil en gestion de patrimoine,1.20,2023.0,nan,CRYSTAL,MANAGER(S),5-10 M€,Build-up,5-10,,,,,,,,,,,,,
15 juil. 2024,MARBOUR,France |,Riz sec et prêt à consommer,300,2023.0,nan,CEREA PARTNERS (VOIR DE...,ACTIONNAIRES FAMILIAUX,50-150 M€,Cession de titres,n.d.,,,,,,,,,,,,,
15 juil. 2024,NOPILLO,France |,Éditeur de solutions d'optimisation fiscale pour les loueurs immobiliers particuliers,0.73,2023.0,Logiciel et services informatiques,NEWFUND,nan,0-20 M€,Amorçage (seed),nan,,,,,,,,,,,,,
15 juil. 2024,EFFIXIS,Suisse |,Conseil en data et en IA,nan,nan,Services & Conseil aux entreprises,ARTEFACT (EX NETBOOSTER),FONDATEUR(S),0-20 M€,Build-up international,0-20,,,,,,,,,,,,,
15 juil. 2024,DYLOGY,France |,Éditeur d'un logiciel utilisant l'IA générative pour améliorer la gestion documentaire des assureurs,nan,nan,Logiciel et services informatiques,CONVEX,nan,0-20 M€,Amorçage (seed),nan,,,,,,,,,,,,,
15 juil. 2024,GLOBAL NUTRITION INTERNATIONAL,France |,Produits et des programmes d’additifs alimentaires pour animaux,nan,nan,nan,NUANCE BIOTECHNOLOGY,MANAGER(S),0-20 M€,M&A (Int'l),0-20,,,,,,,,,,,,,
15 juil. 2024,SURGAR,France |,Éditeur de solutions de réalité augmentée pour la chirurgie mini-invasive,nan,nan,Logiciel et services informatiques,XANGE,nan,n.d.,1er tour,nan,,,,,,,,,,,,,
15 juil. 2024,CHEMDOC WATER TECHNOLOGIES,France |,Purification et de recyclage des eaux.,4.50,2023.0,Environnement & CleanTechs,SEVENTURE PARTNERS,nan,0-20 M€,Augmentation de capital,nan,,,,,,,,,,,,,
15 juil. 2024,KARA PATRIMOINE - PREVIKA,France |,"- Kara Patrimoine : cabinet de gestion de patrimoine
- Previka : activité de courtage en prévoyance et santé",2,2023.0,nan,CRYSTAL,MANAGER(S),15 M€,Build-up,nan,,,,,,,,,,,,,
15 juil. 2024,C&DAC (CONSEIL ET DÉVELOPPEMENT A...,France |,Laboratoire de R&D agroalimentaire : missions de conseil auprès d'industriels et développement de produits à base de légumineuses fermentées,0.35,2023.0,nan,YEAST,nan,0-20 M€,Amorçage (seed),nan,,,,,,,,,,,,,
15 juil. 2024,WOOD (VOIR DMPS / WOOD),France |,Production et distribution B-to-B d’équipements de sécurité pour les piscines (volets roulants motorisés immergés et hors sol,60,2023.0,Services & Biens de consommation,DMPS / WOOD,NEXTSTAGE AM,50-150 M€,Fusion,n.d.,,,,,,,,,,,,,
15 juil. 2024,GREENSCOPE,France |,Plateforme one stop shop,nan,nan,Logiciel et services informatiques,EPOPEE GESTION,nan,10-15 M€,1er tour,nan,,,,,,,,,,,,,
15 juil. 2024,LABELYS,France |,Fabricant d'étiquettes,170,2023.0,Produits & Services industriels,EMZ PARTNERS (EX EUROME...,MANAGER(S),250-500 M€,LBO Ter,n.d.,,,,,,,,,,,,,
15 juil. 2024,CITYCLIMATEX,France |,Éditeur d'une technologie de modélisation du confort thermique et des vulnérabilités des populations grâce à des données satellitaires,nan,nan,Logiciel et services informatiques,INGEROP,FONDATEUR(S),0-5 M€,M&A Corporate,0-5,,,,,,,,,,,,,
15 juil. 2024,AGENDIZE,France |,Logiciel de gestion des prises de rendez-vous et de gestion d’agenda pour les entreprises,nan,nan,Logiciel et services informatiques,ENTREPRENEUR INVEST,nan,0-20 M€,2e tour,nan,,,,,,,,,,,,,
15 juil. 2024,ALAIN AFFLELOU,France |,Franchise de produits d’optique,876,2023.0,nan,nan,n.d.,500-1000 M€,Refinancement,nan,,,,,,,,,,,,,
15 juil. 2024,MOJOVIDA,France |,Intégrateur et infogéreur de terminaux de paiement pour la distribution et la restauration,20,2023.0,Electronique & Informatique,INNOVAFONDS,MANAGER(S),20-50 M€,MBO,n.d.,,,,,,,,,,,,,
15 juil. 2024,B2DIGIT,France |,ESN spécialisée dans la supervision de projets de développement informatique,7.80,2023.0,Logiciel et services informatiques,RE-SOURCES CAPITAL,MANAGER(S),0-20 M€,MBO,0-20,,,,,,,,,,,,,
15 juil. 2024,SENDOC,France |,Édition de solutions de gestion de documents en entreprise,2.50,2023.0,Logiciel et services informatiques,EDILINK,GROUPE FBI (INOVAPORT),0-20 M€,Build-up,nan,,,,,,,,,,,,,
15 juil. 2024,ENTALPIC,France |,IA générative appliquée à la découverte de matériaux pour l'industrie chimique.,nan,nan,Logiciel et services informatiques,BREEGA,nan,20-50 M€,Amorçage (seed),nan,,,,,,,,,,,,,
15 juil. 2024,POLYCLINIQUE DE LA MANCHE (POLYCL...,France |,Clinique dispensant des soins relevant de plusieurs spécialités médicales,8.70,2023.0,Santé,GROUPE SANTE VICTOR PAU...,GROUPE AVEC (EX DOCTEGE...,1 M€,Retournement,nan,,,,,,,,,,,,,
15 juil. 2024,MAISONS DE FAMILLE,France |,Exploitation de maisons de retraite,nan,nan,Santé,CEETRUS (EX IMMOCHAN),MANAGER(S),n.d.,Majoritaire,nan,,,,,,,,,,,,,
15 juil. 2024,AMOLYT PHARMA,France |,Peptides thérapeutiques pour les maladies endocriniennes et métaboliques rares,nan,nan,nan,ASTRAZENECA,ANDERA PARTNERS,>1000 M€,M&A (Int'l),>1000,,,,,,,,,,,,,
12 juil. 2024,VOLTA,France |,Éditeur d’un logiciel Saas automatisant la gestion des commandes pour les distributeurs BtoB et grossistes,nan,nan,Logiciel et services informatiques,EMBLEM,nan,20-50 M€,Amorçage (seed),nan,,,,,,,,,,,,,
12 juil. 2024,HEMOS SANTE,France |,Gestionnaire de contrats de santé et prévoyance des frais de santé,4,2023.0,nan,NOVEOCARE (EX GFP GESTION),GUEMAS & ASSOCIES (GROU...,0-20 M€,Build-up,0-20,,,,,,,,,,,,,
12 juil. 2024,MOTEUR & SENS,France |,Vente de véhicules haut de gamme de seconde main,95,2023.0,Automobile,SEINE CAPITAL (LE HAVRE),nan,10-15 M€,Augmentation de capital,nan,,,,,,,,,,,,,
12 juil. 2024,SPOTLIGHT MEDICAL,France |,Développement d'une IA pour aider les médecins à déterminer le meilleur traitement pour leurs patients atteints d’un cancer,nan,nan,Logiciel et services informatiques,KURMA PARTNERS,nan,n.d.,Amorçage (seed),nan,,,,,,,,,,,,,
12 juil. 2024,DIPOSTEL,France |,Produits et solutions liés à la friction,6,2023.0,Produits & Services industriels,ELEVATION CAPITAL PARTNERS,nan,5 M€,Augmentation de capital,nan,,,,,,,,,,,,,
12 juil. 2024,AFFLUENT MEDICAL,France |,Medtech développant des implants mini-invasifs destinés à restaurer des fonctions physiologiques essentielles au traitement de maladies cardiaques structurelles et de l’incontinence urinaire,nan,nan,Produits Pharmaceutiques & matériel médical,EDWARDS LIFESCIENCES,nan,n.d.,Augmentation de capital,nan,,,,,,,,,,,,,
12 juil. 2024,LAFUMA MOBILIER,France |,Concepteur et fabricant de salons d’extérieur : mobilier de jardin et chaises longues en métal et textile,48.90,2023.0,Textile,ETABLISSEMENTS PEUGEOT ...,CALIDA,n.d.,M&A (Int'l),n.d.,,,,,,,,,,,,,
12 juil. 2024,KEPHALIOS (KALIOS),France |,Développement d'un anneau mitral ajustable après implantation et à cœur battant visant à réparer la valve mitrale,nan,nan,Produits Pharmaceutiques & matériel médical,EDWARDS LIFESCIENCES,AFFLUENT MEDICAL,n.d.,M&A (Int'l),nan,,,,,,,,,,,,,
12 juil. 2024,PAPREC,France |,Recyclage et gestion globale des déchets,3 000,2023.0,Environnement & CleanTechs,nan,n.d.,n.d.,Refinancement,nan,,,,,,,,,,,,,
12 juil. 2024,EUROLYSINE (ACTIVITÉS INDUSTRIELL...,France |,Activités industrielles de Metex Novistagoo (Amiens) et activités commerciales basées à Paris et R&D à Saint-Beauzire.,nan,nan,nan,AVRIL,METABOLIC EXPLORER (METEX),n.d.,Retournement,nan,,,,,,,,,,,,,
12 juil. 2024,LES CHANTIERS NAVALS DU BASSIN D'...,France |,Construction navale,10.50,2023.0,nan,HUNYVERS,MANAGER(S),0-5 M€,M&A Corporate,0-5,,,,,,,,,,,,,
11 juil. 2024,MAGNUS BLACK,Pays-Bas |,Éditeur d'une solution logicielle cloud-native de gestion des commandes (OMS) fournissant une visibilité à 360° des stocks en temps réel,4,2023.0,Logiciel et services informatiques,HARDIS GROUP,HOLLAND CAPITAL,0-20 M€,Build-up international,0-20,,,,,,,,,,,,,
11 juil. 2024,IESA AUTOMATION,France |,Société d'ingénierie spécialisée dans la conception,7,2023.0,Produits & Services industriels,GCC GROUPE,n.d.,0-20 M€,Build-up,0-20,,,,,,,,,,,,,
11 juil. 2024,XMCO,France |,Conseils en cyber sécurité,13.50,2023.0,Services & Conseil aux entreprises,ENTREPRENEUR INVEST,INITIATIVE & FINANCE,20-50 M€,OBO bis,n.d.,,,,,,,,,,,,,
11 juil. 2024,LES FOIES GRAS DU RIED (FGR),France |,Préparation industrielle de produits à base de viandes tels que le foie gras,nan,nan,nan,ALISENS,n.d.,n.d.,M&A Corporate,n.d.,,,,,,,,,,,,,
11 juil. 2024,MANUFACTURE BOIS PAILLE,France |,Fabrication de murs en bois isolés en paille et matériaux biosourcés pour les professionnels.,1,2023.0,Immobilier & construction,DEMETER (VOIR DEMA INVEST),nan,0-5 M€,Amorçage (seed),nan,,,,,,,,,,,,,
11 juil. 2024,BORDAS INDUSTRIAL GROUP - BIG,France |,Spécialiste des sols industriels de haute technicité,21,2024.0,Produits & Services industriels,SIPAREX ENTREPRENEURS,MANAGER(S),10-15 M€,OBO,n.d.,,,,,,,,,,,,,
11 juil. 2024,SATEP,France |,Installation et maintenance de systèmes de chauffage-ventilation – climatisation et équipements d’autonomie énergétique (solaire,30,2024.0,nan,ENTREPRENEUR INVEST,nan,n.d.,Augmentation de capital,nan,,,,,,,,,,,,,
11 juil. 2024,LINK GROUP (EX GEZIM),France |,Agence d'intérim et de recrutement,90,2023.0,Services & Conseil aux entreprises,INTERACTION,MANAGER(S),n.d.,M&A Corporate,n.d.,,,,,,,,,,,,,
11 juil. 2024,LE THIEC,France |,Plomberie chauffage climatisation,nan,nan,nan,SATEP,n.d.,0-5 M€,Build-up,0-5,,,,,,,,,,,,,
11 juil. 2024,FASTNET,France |,Opérateur et intégrateur télécoms et réseaux : câblage,4.80,2023.0,Logiciel et services informatiques,FOLIATEAM,MANAGER(S),0-20 M€,Retournement,0-20,,,,,,,,,,,,,
11 juil. 2024,BOUET SAUMELEC,France |,Travaux d’électricité,nan,nan,nan,SATEP,n.d.,0-5 M€,Build-up,0-5,,,,,,,,,,,,,
11 juil. 2024,CONCEPT & CO (ATMOSPH'AIR),France |,Services en pompe à chaleur,nan,nan,nan,SATEP,n.d.,0-5 M€,Build-up,0-5,,,,,,,,,,,,,
11 juil. 2024,GOOD STEPS,France |,Logiciel pour les consultants pour les audits ESG et la conformité CSRD.,nan,nan,Logiciel et services informatiques,nan,nan,0-5 M€,Amorçage (seed),nan,,,,,,,,,,,,,
11 juil. 2024,DAST SOLUTION,France |,Grossiste expert dans la distribution d'accessoires de pompes à chaleur à destination des professionnels de la rénovation énergétique,nan,nan,nan,nan,FONDATEUR(S),20-50 M€,OBO,0-20,,,,,,,,,,,,,
11 juil. 2024,WEDIA,France |,Éditeur de solutions Saas pour le marketing et la communication,13.90,2023.0,Logiciel et services informatiques,CATHAY CAPITAL,EURONEXT GROWTH (EX ALT...,26 M€,OPA,nan,,,,,,,,,,,,,
11 juil. 2024,ENTREPRISE GOURDON,France |,Électricité,nan,nan,nan,SATEP,n.d.,0-5 M€,Build-up,0-5,,,,,,,,,,,,,
11 juil. 2024,HELIOENERGIE,France |,Travaux d'installation d'équipements thermiques et de climatisation,nan,nan,nan,SATEP,n.d.,0-5 M€,Build-up,0-5,,,,,,,,,,,,,
10 juil. 2024,DING (PRELUDE),France |,API de vérification par SMS à destination des PME,nan,nan,Logiciel et services informatiques,SINGULAR CAPITAL PARTNE...,nan,0-20 M€,Amorçage (seed),nan,,,,,,,,,,,,,
10 juil. 2024,BIRDYFISH,France |,Constructeur de bateau à foil,nan,nan,Automobile,GO CAPITAL,nan,0-20 M€,2e tour,nan,,,,,,,,,,,,,
10 juil. 2024,ENERGIA,France |,Travail temporaire et recrutement dans les secteurs de l’électricité et du CVC,8,2023.0,Services & Conseil aux entreprises,ACTUAL LEADER GROUP,MANAGER(S),0-20 M€,Build-up,n.d.,,,,,,,,,,,,,
10 juil. 2024,NORMEC GROUP,Pays-Bas |,Services d'essais,470,2023.0,Services & Conseil aux entreprises,ASTORG,ASTORG,>1000 M€,Cession secondaire,nan,,,,,,,,,,,,,
10 juil. 2024,AG2R LA MONDIALE,France |,Protection sociale et patrimoniale en France,nan,nan,nan,nan,n.d.,n.d.,Financement,nan,,,,,,,,,,,,,
10 juil. 2024,ARA CURSUS (ARA),Pologne |,Développement et exploitation d’unités de méthanisation en Pologne,nan,nan,nan,SUEZ,BOURGOGNE (SPV BOURGOGNE),5 M€,Augmentation de capital,nan,,,,,,,,,,,,,
10 juil. 2024,CRISALID,France |,Éditeur de logiciels d’encaissement dédiés aux métiers de la boulangerie,7,2023.0,Logiciel et services informatiques,ISAGRI,FONDATEUR(S),10-15 M€,M&A Corporate,n.d.,,,,,,,,,,,,,
10 juil. 2024,PIERRE AUDOUIN CONSULTANTS (PAC),France |,Cabinet de conseil en stratégie et d'analyse pour les ESN et éditeur de logiciels,6.50,2023.0,Services & Conseil aux entreprises,CITA INVESTISSEMENT,PLATINA PARTNERS,0-5 M€,M&A Corporate,0-5,,,,,,,,,,,,,
10 juil. 2024,GROUPE IEC (INSTITUT D'EXPERTISE ...,France |,Réalisation d'essais cliniques d’innocuité et d’efficacité des tests in vitro,12,2023.0,Santé,SGS GROUP,MANAGER(S),n.d.,M&A (Int'l),n.d.,,,,,,,,,,,,,
10 juil. 2024,SIMPLIFIA,France |,Éditeur de logiciels de gestion pour pompes funèbres indépendantes et de services en ligne pour les familles endeuillées,8.50,2023.0,Logiciel et services informatiques,CAPZA,FONDATEUR(S),20-50 M€,LBO Primaire,20-50,,,,,,,,,,,,,
10 juil. 2024,ACTIFS DE TREEGR,France |,Distribution de cartes cadeaux écoresponsables,0.02,2023.0,Internet & ecommerce,UGGY (EX IFEELGOODS),FONDATEUR(S),0-5 M€,Build-up,0-5,,,,,,,,,,,,,
09 juil. 2024,BUSIT,France |,Logiciel à destination des secteurs de l’industrie,nan,nan,Logiciel et services informatiques,MITRIM,n.d.,0-5 M€,M&A Corporate,0-5,,,,,,,,,,,,,
09 juil. 2024,AG2R LA MONDIALE,France |,Protection sociale et patrimoniale en France,nan,nan,nan,nan,n.d.,n.d.,Financement,nan,,,,,,,,,,,,,
09 juil. 2024,DELTA ASSURANCES,France |,Courtage en assurances et services technologiques aux entreprises,36,2023.0,nan,AON,GROUPE CANDIDE,50-150 M€,M&A Corporate,n.d.,,,,,,,,,,,,,
09 juil. 2024,RICH SAUCES,Royaume-Uni |,Producteur et fournisseur d’ingrédients de restauration à l’industrie de la restauration au Royaume-Uni,nan,nan,nan,SOLINA GROUP,FONDATEUR(S),20-50 M€,Build-up international,20-50,,,,,,,,,,,,,
09 juil. 2024,NOVASOL,France |,Nettoyage industriel,25,2023.0,Services & Conseil aux entreprises,PUISSANCE 5,MANAGER(S),0-20 M€,M&A Corporate,0-20,,,,,,,,,,,,,
09 juil. 2024,REGIPLAST,France |,Fabrication de sanitaires.,nan,nan,Immobilier & construction,OLI-SISTEMAS SANITARIOS,n.d.,0-20 M€,M&A (Int'l),0-20,,,,,,,,,,,,,
09 juil. 2024,MISTRAL.COM,France |,SSII spécialisée en réseaux informatiques,nan,nan,Logiciel et services informatiques,W2SI,n.d.,n.d.,M&A Corporate,n.d.,,,,,,,,,,,,,
09 juil. 2024,MOBILIZE FINANCIAL SERVICES (RCI ...,France |,Financements et services automobiles,nan,nan,nan,EURONEXT (BOURSE),n.d.,n.d.,Emission obligataire,nan,,,,,,,,,,,,,
09 juil. 2024,CLAUDINE COLIN COMMUNICATION,France |,Agence de communication culturelle,3.50,2023.0,Média,FINN PARTNERS,FONDATEUR(S),0-20 M€,M&A (Int'l),0-20,,,,,,,,,,,,,
09 juil. 2024,SCIRHOM,Allemagne |,Développement d'anticorps thérapeutiques ciblant iRhom pour traiter les maladies auto-immunes,nan,nan,nan,ANDERA PARTNERS,nan,n.d.,1er tour,nan,,,,,,,,,,,,,
09 juil. 2024,ENDORON MEDICAL,Israël |,Medtech : solution d'ancrage pour le traitement endovasculaire des anévrismes aortiques abdominaux (AAA),nan,nan,Produits Pharmaceutiques & matériel médical,SOFINNOVA PARTNERS,nan,n.d.,1er tour,nan,,,,,,,,,,,,,
08 juil. 2024,WALOR NORTH AMERICA,États-Unis |,Spécialiste du forgeage et de l'usinage de composants en acier avec des compétences de base dans le forgeage à chaud,86,2024.0,Automobile,WALOR INTERNATIONAL,HIRSCHVOGEL HOLDING GMBH,0-5 M€,M&A (Int'l),0-5,,,,,,,,,,,,,
08 juil. 2024,PASS INTERIM,France |,Plateforme de mise en relation entre demandeurs d'emploi et agences d'intérim,0.12,2023.0,Internet & ecommerce,ALSACE BUSINESS ANGELS ...,nan,0-20 M€,Amorçage (seed),nan,,,,,,,,,,,,,
08 juil. 2024,EREFERER,France |,Plateforme automatisée de Netlinking,nan,nan,Internet & ecommerce,ROCKETLINKS (REECH),MANAGER(S),0-5 M€,M&A Corporate,0-5,,,,,,,,,,,,,
08 juil. 2024,SYNSIGHT,France |,Biotech développant une technologie de criblage in cellulo de molécules dans l'optique de découvrir de nouveaux candidats médicaments,nan,nan,nan,IKTOS,MANAGER(S),0-5 M€,Retournement,0-5,,,,,,,,,,,,,
08 juil. 2024,PHYTEUROP,France |,Produits de protection des plantes,nan,nan,nan,SIPCAM OXON,ACCERES,n.d.,M&A (Int'l),n.d.,,,,,,,,,,,,,
08 juil. 2024,OSMAIA (EX PINSON PAYSAGE),France |,Aménagement et entretien d’espaces verts,180,2023.0,Environnement & CleanTechs,MBO+,MBO+,n.d.,Cession secondaire,n.d.,,,,,,,,,,,,,
08 juil. 2024,LOCATION TRANSPORT (GROUPE LT),France |,Location matériels et engins de chantier,50,2023.0,Immobilier & construction,MBO+,MBO+,n.d.,Cession secondaire,n.d.,,,,,,,,,,,,,
08 juil. 2024,MYRICX BIO,Royaume-Uni |,Biotech développant d'une nouvelle plateforme d’anticorps conjugués anticorps-médicaments (ADC),nan,nan,nan,NOVO A/S (NOVO HOLDINGS),nan,n.d.,1er tour,nan,,,,,,,,,,,,,
08 juil. 2024,ORDINAL SOFTWARE,France |,Éditeur d’une suite de logiciels de pilotage et de suivi de la production industrielle,nan,nan,Logiciel et services informatiques,CODRA INGENIERIE INFORM...,SHANGHAI KEZHI ELECTRIC...,0-20 M€,M&A (Int'l),0-5,,,,,,,,,,,,,
08 juil. 2024,QUARKSUP,France |,Gestion des ressources humaines et de préparation de paie,nan,nan,Logiciel et services informatiques,VISMA,MANAGER(S),0-20 M€,Build-up international,0-20,,,,,,,,,,,,,
08 juil. 2024,MVE,France |,Services à la personne (ménage,0.77,2023.0,Services & Biens de consommation,OUI CARE,n.d.,0-5 M€,Build-up,0-5,,,,,,,,,,,,,
08 juil. 2024,ARTEMYN (EX ACTIVITÉS MARCHÉ DU P...,France |,Actifs servant le marché du papier de la société Imerys,370,2023.0,Matières premières & industries de base (minerais,FLACKS,IMERYS,150 M€,M&A (Int'l),n.d.,,,,,,,,,,,,,
05 juil. 2024,TALENCE GESTION (VOIR PATRIVAL),France |,Conseil en gestion de patrimoine (CGP),nan,nan,nan,FINARIS,FONDATEUR(S),n.d.,Fusion,n.d.,,,,,,,,,,,,,
05 juil. 2024,WIPPLAY,France |,Site web de photographies.,nan,nan,Internet & ecommerce,OOSHOT.COM,n.d.,0-20 M€,M&A Corporate,0-20,,,,,,,,,,,,,
05 juil. 2024,DELVILLE MANAGEMENT,France |,Cabinet de management de transition,37,2023.0,Services & Conseil aux entreprises,INDIGO CAPITAL,FONDATEUR(S),20-50 M€,Sponsorless,n.d.,,,,,,,,,,,,,
05 juil. 2024,ALLIANCE ECOCONSTRUCTION,France |,Entreprises de BTP spécialisées dans les travaux de ravalement,6.50,2023.0,Immobilier & construction,nan,FONDATEUR(S),5 M€,MBO,nan,,,,,,,,,,,,,
05 juil. 2024,LYDEC,Maroc |,Opérateur de services publics qui gère la distribution d'eau et d'électricité,700,2023.0,Environnement & CleanTechs,SOCIÉTÉ RÉGIONALE MULTI...,VEOLIA,n.d.,M&A (Int'l),n.d.,,,,,,,,,,,,,
05 juil. 2024,DOMINO SERVICES,France |,Services de proximité à destination des particuliers et des professionnels,nan,nan,Services & Biens de consommation,OUIHELP,FONDATEUR(S),10-15 M€,M&A Corporate,10-15,,,,,,,,,,,,,
05 juil. 2024,PRESTO ENGINEERING GROUP,France |,Conception de puces électroniques spécifiques (ASICs),60,2024.0,Produits & Services industriels,DENTRESSANGLE,BPIFRANCE INVESTISSEMENT,50-150 M€,LBO Bis,n.d.,,,,,,,,,,,,,
05 juil. 2024,LECTOR,Danemark |,Éditeur de logiciels de gestion des procédures douanières,5,2023.0,Logiciel et services informatiques,CONEX,FONDATEUR(S),10-15 M€,Build-up international,10-15,,,,,,,,,,,,,
05 juil. 2024,ASCOMETAL (ASCO INDUSTRIES),France |,Produits en aciers spéciaux,nan,nan,Produits & Services industriels,GREYBULL CAPITAL,SWISS STEEL GROUP (EX-S...,n.d.,Retournement,n.d.,,,,,,,,,,,,,
04 juil. 2024,ACORN ENVIRONMENTAL MANAGEMENT GROUP,Royaume-Uni |,Gestion de la végétation,13.08,2023.0,Services & Biens de consommation,IDVERDE,MANAGER(S),n.d.,Build-up international,n.d.,,,,,,,,,,,,,
04 juil. 2024,PL DIFFUSION,France |,Distribution de marques de vêtements et produits premium pour la randonnée,3,2023.0,nan,GMT OUTDOOR,MANAGER(S),0-5 M€,M&A Corporate,0-5,,,,,,,,,,,,,
04 juil. 2024,ALICANTE,France |,Utilisation de l’intelligence artificielle au service des professionnels de santé,nan,nan,Logiciel et services informatiques,OSPI (EX GROUPE PSIH),MANAGER(S),0-5 M€,Build-up,n.d.,,,,,,,,,,,,,
04 juil. 2024,FINEHEART (FINE HEART),France |,Medtech développant un dispositif miniaturisé d’assistance cardiaque (accélérateur de débit,nan,nan,Produits Pharmaceutiques & matériel médical,EIC,nan,n.d.,3e tour,nan,,,,,,,,,,,,,
04 juil. 2024,AENITIS TECHNOLOGIES,France |,Medtech conceptrice d'une machine de tri,nan,nan,Produits Pharmaceutiques & matériel médical,EUROPEAN INNOVATION COU...,nan,15-20 M€,1er tour,nan,,,,,,,,,,,,,
04 juil. 2024,SOIL CAPITAL,France |,Éditeur d'une solution d'aide à la décarbonation pour les agriculteurs,nan,nan,Environnement & CleanTechs,TRILL IMPACT,nan,50-150 M€,2e tour,nan,,,,,,,,,,,,,
04 juil. 2024,WORLDLINE,France |,Services de paiements électroniques,4 610,2023.0,Electronique & Informatique,nan,n.d.,>1000 M€,Refinancement,nan,,,,,,,,,,,,,
04 juil. 2024,SYMALEAN,France |,Editeur d'un logiciel et d'une application mobile pour la gestion des processus QHSE,nan,nan,Logiciel et services informatiques,TURENNE GROUPE,PAYS DE LA LOIRE PARTIC...,12 M€,Augmentation de capital,nan,,,,,,,,,,,,,
03 juil. 2024,ENVIRO & INDUSTRIAL SOLUTIONS MID...,France |,Spécialiste de la surveillance de la qualité de l’air,nan,nan,Environnement & CleanTechs,GROUPE CLS,FONDATEUR(S),0-20 M€,Build-up international,0-20,,,,,,,,,,,,,
03 juil. 2024,NORA IMAGERIE,France |,Groupement de centres de radiologie,35,2023.0,Santé,VIDI CAPITAL,MANAGER(S),50-150 M€,M&A Corporate,20-50,,,,,,,,,,,,,
03 juil. 2024,MAISON MORISSEAU,France |,Mytiliculteur produisant des moules bouchot,7.70,2023.0,nan,UNEXO,FONDATEUR(S),0-20 M€,LBO Primaire,n.d.,,,,,,,,,,,,,
03 juil. 2024,RENZO L'ARTISAN GLACIER,France |,Artisan glacier,2,2023.0,nan,BISSARDON JUS DE FRUITS...,FONDATEUR(S),0-5 M€,M&A Corporate,0-5,,,,,,,,,,,,,
03 juil. 2024,GTP BIOWAYS,France |,CDMO spécialisé dans la production de biothérapies et de nanothérapies en lots cliniques,15,2023.0,nan,OLON,MERIEUX EQUITY PARTNERS,50-150 M€,M&A (Int'l),n.d.,,,,,,,,,,,,,
03 juil. 2024,ELVESYS,France |,Fabrication d'équipements scientifiques de contrôle de fluide,nan,nan,Produits & Services industriels,YOTTA CAPITAL PARTNERS,FONDATEUR(S),n.d.,MBO,n.d.,,,,,,,,,,,,,
03 juil. 2024,DELEAGE,France |,Solutions de décor et de signalétique pour l’évènementiel.,6,2023.0,Services & Conseil aux entreprises,MATCHEVENT,FONDATEUR(S),5-10 M€,Build-up,5-10,,,,,,,,,,,,,
03 juil. 2024,GROUPE AGEO,France |,Courtier en assurances,27,2023.0,nan,HOWDEN GROUP,FONDATEUR(S),n.d.,M&A (Int'l),n.d.,,,,,,,,,,,,,
03 juil. 2024,LES 3 CHOUETTES,France |,Commercialisation de condiments (pickles,0.87,2023.0,nan,ARCADYS (ARCADY'S),FONDATEUR(S),0.07 M€,Retournement,nan,,,,,,,,,,,,,
03 juil. 2024,MURENA,France |,Smartphones et systèmes d'exploitation axés sur la protection de la vie privée,2.50,2023.0,Logiciel et services informatiques,CROWDCUBE,nan,0-20 M€,1er tour,nan,,,,,,,,,,,,,
03 juil. 2024,MEDITEST (MEDI TEST),France |,Fournisseur d’équipements de contrôle qualité des plateaux techniques de radiologie,3,2023.0,Produits Pharmaceutiques & matériel médical,OMNES MEDICAL,MANAGER(S),n.d.,Build-up,n.d.,,,,,,,,,,,,,
03 juil. 2024,MATECIR DÉFIBRIL,France |,Distribution,7.07,2023.0,Produits Pharmaceutiques & matériel médical,OMNES MEDICAL,MANAGER(S),0-20 M€,Build-up,0-20,,,,,,,,,,,,,
03 juil. 2024,FYZEA,France |,Distribution de matériels pour la rééducation auprès des kinésithérapeutes et des établissements hospitaliers,7,2023.0,Produits Pharmaceutiques & matériel médical,OMNES MEDICAL,FONDATEUR(S),n.d.,Build-up,n.d.,,,,,,,,,,,,,
03 juil. 2024,ANTAGENE,France |,Biologie vétérinaire,nan,nan,Santé,MARS INC.,CERBA HEALTHCARE,n.d.,Majoritaire,n.d.,,,,,,,,,,,,,
03 juil. 2024,VALENTIN TRAITEUR,France |,Fabrication de produits traiteur frais,290,2024.0,nan,JPA INVEST,SIPAREX,n.d.,MBO,n.d.,,,,,,,,,,,,,
03 juil. 2024,MAISON BOLARD (MICHEL BOLARD),France |,Fabrication de pâté en croûte et de charcuterie-pâtisserie,75,2023.0,nan,VALENTIN TRAITEUR,n.d.,50-150 M€,M&A Corporate,50-150,,,,,,,,,,,,,
03 juil. 2024,CERBA VET,France |,Laboratoire vétérinaire,nan,nan,Santé,MARS INC.,CERBA HEALTHCARE,n.d.,Majoritaire,n.d.,,,,,,,,,,,,,
03 juil. 2024,AZURE HOLDING (NATURNES,France |,Marques NaturNes,100,2023.0,nan,FNB PRIVATE EQUITY,NESTLE,50-150 M€,Carve-out,n.d.,,,,,,,,,,,,,
03 juil. 2024,AMBRE MARINE,France |,Mytiliculteur,0.60,2023.0,nan,MAISON MORISSEAU,n.d.,0-5 M€,Build-up,0-5,,,,,,,,,,,,,
03 juil. 2024,ALPHEYS,France |,Distributeur de solutions patrimoniales pour les professionnels de la gestion de patrimoine,45,2023.0,nan,APICIL,OFI INVEST,n.d.,M&A Corporate,n.d.,,,,,,,,,,,,,
02 juil. 2024,DE ZUTTER TRANSPORTS,France |,Transports routiers de fret interurbains,6,2023.0,nan,nan,MANAGER(S),n.d.,M&A Corporate,n.d.,,,,,,,,,,,,,
02 juil. 2024,TRF RETAIL,France |,Plateforme Saas pour retailer boostée à l'IA,nan,nan,Logiciel et services informatiques,GROUPE BAELEN,MANAGER(S),0-20 M€,M&A Corporate,0-20,,,,,,,,,,,,,
02 juil. 2024,OMNES MEDICAL,France |,Réseau de sociétés de distribution de dispositifs médicaux,nan,nan,Produits Pharmaceutiques & matériel médical,ENTREPRENEUR INVEST,n.d.,n.d.,LBO Primaire,n.d.,,,,,,,,,,,,,
02 juil. 2024,ADM LIGHT LUM,France |,Commerce de gros des luminaires,1,2023.0,Services & Biens de consommation,ALUMINOR,COREP LIGHTING,n.d.,M&A Corporate,n.d.,,,,,,,,,,,,,
02 juil. 2024,BIJOUTERIE PIERRE JACQUOT,France |,Bijouterie,7,2023.0,Textile,BIJOUTERIE LEPAGE,ACTIONNAIRES FAMILIAUX,5-10 M€,M&A Corporate,5-10,,,,,,,,,,,,,
02 juil. 2024,GROUPE ABCD INTERNATIONAL,France |,Cloisons démontables de bureaux et de box autonomes,40,2023.0,Immobilier & construction,SOCIETE GENERALE CAPITA...,MANAGER(S),20-50 M€,OBO,5-10,,,,,,,,,,,,,
02 juil. 2024,BIJOUTERIE NORA,France |,Bijouterie,8,2023.0,Textile,BIJOUTERIE LEPAGE,ACTIONNAIRES FAMILIAUX,0-5 M€,M&A Corporate,0-5,,,,,,,,,,,,,
02 juil. 2024,BOHR ENERGIE,France |,Agrégateur pure player de la gestion d’actifs énergétiques au service des producteurs indépendants.,nan,nan,Logiciel et services informatiques,VARSITY,nan,16 M€,Amorçage (seed),nan,,,,,,,,,,,,,
02 juil. 2024,BLUE CAPSULE,France |,Développement d'un modèle de réacteur nucléaire compact et modulaire à haute température,nan,nan,nan,EREN GROUPE,nan,0-20 M€,Amorçage (seed),nan,,,,,,,,,,,,,
02 juil. 2024,SOTERIA LAB,France |,Services de cybersécurité à destination des entreprises et institutionnels,1,2023.0,Logiciel et services informatiques,YEAST,nan,2.50 M€,1er tour,nan,,,,,,,,,,,,,
02 juil. 2024,D-ICE ENGINEERING,France |,Société de recherche dans les innovations marines,1.30,2023.0,Automobile,SWEN CAPITAL PARTNERS,nan,15-20 M€,1er tour,nan,,,,,,,,,,,,,
02 juil. 2024,AKORE (AUTOMOTIVE KOREAN ORIGINAL...,France |,Concepteur,17,2023.0,Automobile,MOMENTUM INVEST,FONDATEUR(S),20-50 M€,LBO Primaire,n.d.,,,,,,,,,,,,,
02 juil. 2024,TALENTS TUBE,France |,Plateforme de recrutement 100% vidéo,nan,nan,Logiciel et services informatiques,GEOLINK EXPANSION,FONDATEUR(S),0-5 M€,Retournement,0-5,,,,,,,,,,,,,
02 juil. 2024,RHONE CAPITAL,France |,Conseil en gestion du patrimoine,nan,nan,nan,CGP CENTAURE INVESTISSE...,n.d.,0-5 M€,Build-up,0-5,,,,,,,,,,,,,
02 juil. 2024,RIALTO CONSEIL,France |,Cabinet de conseil en gestion du patrimoine,nan,nan,nan,CGP CENTAURE INVESTISSE...,MANAGER(S),0-5 M€,Build-up,0-5,,,,,,,,,,,,,
02 juil. 2024,SUNDGAU ELECTRICITE,France |,Travaux d'installation électrique,1.37,2023.0,nan,nan,MANAGER(S),1.10 M€,M&A Corporate,nan,,,,,,,,,,,,,
02 juil. 2024,PLACETUDE PATRIMOINE,France |,Conseil en Gestion de patrimoine (CGP),nan,nan,nan,CG PATRIMOINE (CG FINAN...,FONDATEUR(S),0-5 M€,Majoritaire,0-5,,,,,,,,,,,,,
02 juil. 2024,TRESER & CIE,France |,Bijouterie,0.30,2023.0,Textile,BIJOUTERIE LEPAGE,ACTIONNAIRES FAMILIAUX,0-5 M€,M&A Corporate,0-5,,,,,,,,,,,,,
02 juil. 2024,KARBONPATH,France |,Plateforme Saas de conformité et de transformation ESG,nan,nan,Logiciel et services informatiques,nan,nan,0-5 M€,Amorçage (seed),nan,,,,,,,,,,,,,
02 juil. 2024,APR BEAUTY,Canada |,Produits de maquillage et soins de la peau.,40,2024.0,Santé,ANJAC HEALTH & BEAUTY,FONDATEUR(S),n.d.,M&A (Int'l),n.d.,,,,,,,,,,,,,
02 juil. 2024,CGP CENTAURE INVESTISSEMENTS,France |,Conseil en gestion de patrimoine,2,2023.0,nan,CICLAD,FONDATEUR(S),5-10 M€,Majoritaire,n.d.,,,,,,,,,,,,,
02 juil. 2024,TEL (TELECOMMUNICATION ELECTRONIQ...,France |,Distributeur et intégrateur de solutions de radiocommunication professionnelle,4,2023.0,Média,DESMAREZ,MANAGER(S),0-5 M€,Build-up,0-5,,,,,,,,,,,,,
02 juil. 2024,3D MARINE,France |,Concepteur et distributeur de bateaux semi-rigides,8.70,2023.0,Automobile,AXIO CAPITAL,FONDATEUR(S),10-15 M€,MBO,n.d.,,,,,,,,,,,,,
02 juil. 2024,MBO GROUPE (OUVAROFF,France |,Spécialiste des grands projets complexes d’installation de calorifuge - ou isolation thermique - et d’échafaudages (de l'étude et de l'ingénierie à la maintenance) dans les secteurs du nucléaire,85,2023.0,Immobilier & construction,SOLETANCHE FREYSSINET (...,ACTIONNAIRES FAMILIAUX,n.d.,M&A Corporate,n.d.,,,,,,,,,,,,,
02 juil. 2024,PLAYERS (EX SOCCER PARK),France |,Réseau de football à cinq et de padel,nan,nan,Tourisme,VENDIS CAPITAL,FONDATEUR(S),50-150 M€,LBO Primaire,n.d.,,,,,,,,,,,,,
01 juil. 2024,HESTIA (MYVESTA),France |,Spécialisé dans les  services complets pour optimiser la rentabilité et minimiser les risques liés à l'investissement locatif-,nan,nan,Immobilier & construction,GROUPE PASTOR,nan,0-5 M€,Amorçage (seed),nan,,,,,,,,,,,,,
01 juil. 2024,RESIDENCES COMME TOIT,France |,Développeur de logements inclusifs en location,nan,nan,Immobilier & construction,AMUNDI FINANCE ET SOLID...,nan,20-50 M€,Augmentation de capital,nan,,,,,,,,,,,,,
01 juil. 2024,PIMPUP,France |,Solution anti-gaspillage de vente à distance de paniers de fruits et légumes,1,2024.0,Internet & ecommerce,nan,nan,0-20 M€,Amorçage (seed),nan,,,,,,,,,,,,,
01 juil. 2024,CML METROLOGIE,France |,Prestation de mesures 3D,7.20,2023.0,Produits & Services industriels,TRESCAL,FONDATEUR(S),0-20 M€,Build-up,0-20,,,,,,,,,,,,,
01 juil. 2024,WEKARE,France |,Medworker spécialisé dans la gestion et location de cabinets médicaux et paramédicaux,nan,nan,Immobilier & construction,CWM,nan,0-20 M€,Amorçage (seed),nan,,,,,,,,,,,,,
01 juil. 2024,CABINET JACQUES ROZENBAUM,France |,Cabinet d'expertise-comptable,nan,nan,Services & Conseil aux entreprises,KEROGO FINANCE (DONT KE...,FONDATEUR(S),0-20 M€,Build-up,0-20,,,,,,,,,,,,,
01 juil. 2024,QUIET,France |,Éditeur d’applications de photos et d'utilitaires,nan,nan,Logiciel et services informatiques,VARSITY,nan,20-50 M€,1er tour,nan,,,,,,,,,,,,,
01 juil. 2024,EDGEE,France |,Editeur d'une solution de création de logiciels de collecte des données basée sur le edge computing,nan,nan,Logiciel et services informatiques,SERENA CAPITAL,nan,0-20 M€,Amorçage (seed),nan,,,,,,,,,,,,,
01 juil. 2024,PONTHIER,France |,Préparations à base de fruits,75,2023.0,nan,nan,n.d.,n.d.,Refinancement,20-50,,,,,,,,,,,,,
01 juil. 2024,ACTIVITÉS FERROVIAIRES DE DE BONT...,Belgique |,Quatre sites de production de traverses en béton : deux sites en France (Montataire et Vers-Pont-du-Gard) et deux sites en Belgique (Laakdal et Baudour).,42,2022.0,Produits & Services industriels,SATEBA,DE BONTE GROUP,n.d.,Build-up international,n.d.,,,,,,,,,,,,,
01 juil. 2024,WATTECO,France |,Capteurs intelligents et systèmes de télécollecte de données IoT LPWA,6,2023.0,Electronique & Informatique,GROUPE ASGARD,n.d.,0-20 M€,M&A Corporate,n.d.,,,,,,,,,,,,,
01 juil. 2024,ALLIANCE SOFTWARE (ALLIBO.COM ET ...,Italie |,Éditeur de logiciels de recrutement : solution Allibo spécialisée dans la gestion de suivi des candidatures,1.50,2023.0,Logiciel et services informatiques,BEETWEEN,FONDATEUR(S),0-5 M€,M&A (Int'l),0-5,,,,,,,,,,,,,
01 juil. 2024,PALAMY,France |,Fabricant de film plastique,80,2023.0,Produits & Services industriels,TRIOWORLD,MANAGER(S),50-150 M€,Build-up international,n.d.,,,,,,,,,,,,,
01 juil. 2024,DIGITALINKERS,France |,Agence d'experts en data,3.50,2023.0,Logiciel et services informatiques,EQUANCY,MANAGER(S),n.d.,Build-up,nan,,,,,,,,,,,,,
01 juil. 2024,GLOBEDUCATE (NACE),Espagne |,Groupe d’écoles internationales de la maternelle au secondaire,440,2023.0,Services & Biens de consommation,WENDEL,PROVIDENCE EQUITY PARTNERS,2 000 M€,LBO Bis,nan,,,,,,,,,,,,,
01 juil. 2024,BRIGHTFLOW,France |,Conception d’un dispositif d’assistance ventriculaire droite percutanée de long terme.,nan,nan,Produits Pharmaceutiques & matériel médical,VIVES FUND (SOPARTEC),nan,20-50 M€,1er tour,nan,,,,,,,,,,,,,
01 juil. 2024,PLUSIEURS ACTIVITÉS DE PRODUCTION...,États-Unis |,Plusieurs activités de production de Spirit AeroSystems : notamment la production de sections de fuselage de l'A350 située à Kinston (Caroline du Nord) et à Saint-Nazaire (France),nan,nan,Automobile,GROUPE AIRBUS,SPIRIT AEROSYSTEMS,0-5 M€,M&A (Int'l),0-5,,,,,,,,,,,,,
01 juil. 2024,SBM (ENTREPRISE GÉNÉRALE DU BÂTIM...,France |,Entreprise générale du bâtiment,35,2023.0,Immobilier & construction,SENEVE CAPITAL (EX ARGO...,MANAGER(S),20-50 M€,MBO,n.d.,,,,,,,,,,,,,
01 juil. 2024,ALSTEF,France |,Systèmes automatisés manutention et stockage,220,2023.0,Produits & Services industriels,ARDIAN EXPANSION,FUTURE FRENCH CHAMPIONS...,315 M€,LBO Bis,n.d.,,,,,,,,,,,,,
01 juil. 2024,HR PATH,France |,Systèmes d'Information pour les ressources humaines,215,2024.0,Logiciel et services informatiques,ARDIAN EXPANSION,ANDERA PARTNERS,250-500 M€,LBO IV,150-250,,,,,,,,,,,,,
01 juil. 2024,CUREX,États-Unis |,Traitements personnalisés des allergies par immunothérapie,nan,nan,Produits Pharmaceutiques & matériel médical,LABEL CAPITAL,nan,20-50 M€,1er tour,0-20,,,,,,,,,,,,,
01 juil. 2024,ARIUS,États-Unis |,Activité d'édition d'un logiciel de reserving IARD,nan,nan,Logiciel et services informatiques,AKUR8,MILLIMAN,0-20 M€,M&A (Int'l),0-20,,,,,,,,,,,,,
01 juil. 2024,DOELEGAL,États-Unis |,Éditeur d'une suite logicielle pour les directions juridiques,nan,nan,Logiciel et services informatiques,DILITRUST,QUESTEL,0-20 M€,Build-up international,0-20,,,,,,,,,,,,,
01 juil. 2024,PURPLE ALTERNATIVE SURFACE,France |,Producteur de dalles de revêtement pour les parkings et voies douces à partir de déchets plastiques,nan,nan,Produits & Services industriels,SUEZ VENTURES (EX BLUE ...,nan,0-20 M€,1er tour,nan,,,,,,,,,,,,,
01 juil. 2024,ODERIS,France |,Conseil et accompagnement opérationnel,22,2023.0,nan,EMZ PARTNERS (EX EUROME...,FONDATEUR(S),50-150 M€,OBO,n.d.,,,,,,,,,,,,,
20 janv. 2025,THOMAS APICULTURE,France |,Fabrication et distribution de matériel apicole,11,2024.0,nan,FRENCHFOOD CAPITAL (FFC),MANAGER(S),0-20 M€,MBI,0-5,,,,,,,,,,,,,
17 janv. 2025,JV MOBILIZE/NW,France |,Co-entreprise dans le domaine de la recharge pour véhicules électriques pour réduire les coûts de la recharge pour les utilisateurs d’un véhicule électrique Renault,nan,nan,Electronique & Informatique,MOBILIZE,n.d.,n.d.,M&A (Joint Venture),n.d.,,,,,,,,,,,,,
16 janv. 2025,MOB-ENERGY INFRA,France |,Location de bornes de recharge,nan,nan,nan,TIKEHAU IM,n.d.,n.d.,Financement,nan,,,,,,,,,,,,,
16 janv. 2025,INAXE,France |,Bureau d’études spécialisé dans les travaux de rénovation,11,2024.0,Immobilier & construction,CAPZA,TURENNE GROUPE,20-50 M€,MBO Bis,10-15,,,,,,,,,,,,,
16 janv. 2025,AYMING,France |,Conseil opérationnel en réduction des coûts,180,2024.0,Services & Conseil aux entreprises,ANDERA PARTNERS,EMZ PARTNERS (EX EUROME...,150-250 M€,LBO VI,50-150,,,,,,,,,,,,,
15 janv. 2025,KERKHOFF,Autriche |,Conseil en achats et gestion de la chaîne d'approvisionnement,nan,nan,Services & Conseil aux entreprises,INTERPATH ADVISORY,MANAGER(S),n.d.,M&A (à l'étranger),n.d.,,,,,,,,,,,,,
15 janv. 2025,MESDEPANNEURS.FR,France |,Mise en relation entre particuliers et professionnels du dépannage,3.70,2024.0,Internet & ecommerce,nan,ENGIE,0-5 M€,Reprise Management,n.d.,,,,,,,,,,,,,
15 janv. 2025,NELLY,Allemagne |,Éditeur d'un logiciel pour les cabinets de médecine permettant d'optimiser certaines tâches (telles que l'admission des patients et la gestion des documents),nan,nan,Logiciel et services informatiques,CATHAY INNOVATION,nan,150-250 M€,2e tour,nan,,,,,,,,,,,,,
15 janv. 2025,VERDOT,France |,Procédés de purification par chromatographie,21,2023.0,Produits & Services industriels,BIOPROCESS360 PARTNERS,nan,n.d.,Augmentation de capital,nan,,,,,,,,,,,,,
01 juil. 2024,ALSTEF,France |,Systèmes automatisés manutention et stockage,220,2023.0,Produits & Services industriels,ARDIAN EXPANSION,FUTURE FRENCH CHAMPIONS...,315 M€,LBO Bis,n.d.,,,,,,,,,,,,,
01 juil. 2024,HORSE REPUBLIC,France |,Application collaborative de l’équitation,nan,nan,Internet & ecommerce,nan,nan,5 M€,2e tour,nan,,,,,,,,,,,,,
01 juil. 2024,GLOBEDUCATE (NACE),Espagne |,Groupe d’écoles internationales de la maternelle au secondaire,440,2023.0,Services & Biens de consommation,WENDEL,PROVIDENCE EQUITY PARTNERS,2 000 M€,LBO Bis,nan,,,,,,,,,,,,,
01 juil. 2024,VANATOME (EX DAHER VALVES),France |,Conception,nan,nan,Produits & Services industriels,FRAMATOME,DAHER,15-20 M€,M&A Corporate,15-20,,,,,,,,,,,,,
01 juil. 2024,HR PATH,France |,Systèmes d'Information pour les ressources humaines,215,2024.0,Logiciel et services informatiques,ARDIAN EXPANSION,ANDERA PARTNERS,250-500 M€,LBO IV,150-250,,,,,,,,,,,,,
01 juil. 2024,FLOATEE,France |,Concepteur de de t-shirts anti-noyades,0.80,2023.0,Textile,BLAST.CLUB (BLAST CLUB),nan,9.60 M€,1er tour,nan,,,,,,,,,,,,,
01 juil. 2024,CERP RRM (RHIN RHONE MEDITERRANEE),France |,Grossiste-répartiteur pharmaceutique,nan,nan,Produits Pharmaceutiques & matériel médical,CERP ROUEN,n.d.,n.d.,M&A Corporate,n.d.,,,,,,,,,,,,,
01 juil. 2024,UGALAIT,France |,Distribution de romages fermiers ou artisanaux,nan,nan,nan,SAVENCIA,OLGA (EX TRIBALLAT NOYAL),0-20 M€,M&A Corporate,0-20,,,,,,,,,,,,,
01 juil. 2024,PURPLE ALTERNATIVE SURFACE,France |,Producteur de dalles de revêtement pour les parkings et voies douces à partir de déchets plastiques,nan,nan,Produits & Services industriels,SUEZ VENTURES (EX BLUE ...,nan,0-20 M€,1er tour,nan,,,,,,,,,,,,,
01 juil. 2024,ODERIS,France |,Conseil et accompagnement opérationnel,22,2023.0,nan,EMZ PARTNERS (EX EUROME...,FONDATEUR(S),50-150 M€,OBO,n.d.,,,,,,,,,,,,,
01 juil. 2024,WATTECO,France |,Capteurs intelligents et systèmes de télécollecte de données IoT LPWA,6,2023.0,Electronique & Informatique,GROUPE ASGARD,n.d.,0-20 M€,M&A Corporate,n.d.,,,,,,,,,,,,,
01 juil. 2024,JUS MUNDI,France |,Legaltech proposant un moteur de recherche en droit international et arbitrage basé sur l'IA,nan,nan,Logiciel et services informatiques,ACTON CAPITAL PARTNERS,nan,20-50 M€,2e tour,nan,,,,,,,,,,,,,
01 juil. 2024,IMF (INDUSTRIE MECANIQUE POUR FLU...,France |,Conception et fabrication de solutions de contrôle et de régulation de pression des gaz et liquides,12,2023.0,Produits & Services industriels,CAPITAL EXPORT,IMI PRECISION ENGINEERI...,20-50 M€,Carve-out,n.d.,,,,,,,,,,,,,
01 juil. 2024,PONTHIER,France |,Préparations à base de fruits,75,2023.0,nan,BANQUE POPULAIRE AQUITA...,n.d.,n.d.,Refinancement,20-50,,,,,,,,,,,,,
01 juil. 2024,HA PLUS PME,France |,Éditeur d’un site Internet de groupement d’achat,3.40,2023.0,Internet & ecommerce,OBIZ,FONDATEUR(S),0-20 M€,M&A Corporate,nan,,,,,,,,,,,,,
01 juil. 2024,WONWAY MANUFACTURING,Malaisie |,Services de tenues réutilisables pour salles propres (Cleanroom),5.90,2023.0,Services & Conseil aux entreprises,ELIS SERVICES,n.d.,n.d.,M&A (Int'l),n.d.,,,,,,,,,,,,,
01 juil. 2024,XELIANS (ARCHIVECO),France |,Gestion et conservation des archives,83,2023.0,Services & Conseil aux entreprises,MONTEFIORE INVESTMENT,n.d.,n.d.,LBO V,n.d.,,,,,,,,,,,,,
01 juil. 2024,LVI (IVECO LVI),France |,Fonds de commerce de la concession automobile Iveco LVI comprenant cinq sites en Auvergne-Rhône-Alpes (activités de vente et d'après-vente),78,2023.0,Automobile,GROUPE MAURIN,IVECO,n.d.,M&A Corporate,n.d.,,,,,,,,,,,,,
01 juil. 2024,SBM (ENTREPRISE GÉNÉRALE DU BÂTIM...,France |,Entreprise générale du bâtiment,35,2023.0,Immobilier & construction,SENEVE CAPITAL (EX ARGO...,MANAGER(S),20-50 M€,MBO,n.d.,,,,,,,,,,,,,
01 juil. 2024,DIAM INTERNATIONAL,France |,Solutions de merchandising en retail de luxe et cosmétique,403,2023.0,Santé,ARDIAN EXPANSION,BNP PARIBAS DEVELOPPEMENT,500-1000 M€,LBO V,n.d.,,,,,,,,,,,,,
01 juil. 2024,ALLIANCE SOFTWARE (ALLIBO.COM ET ...,Italie |,Éditeur de logiciels de recrutement : solution Allibo spécialisée dans la gestion de suivi des candidatures,1.50,2023.0,Logiciel et services informatiques,BEETWEEN,FONDATEUR(S),0-5 M€,M&A (Int'l),0-5,,,,,,,,,,,,,
01 juil. 2024,ARIUS,États-Unis |,Activité d'édition d'un logiciel de reserving IARD,nan,nan,Logiciel et services informatiques,AKUR8,MILLIMAN,0-20 M€,M&A (Int'l),0-20,,,,,,,,,,,,,
01 juil. 2024,CAD.42,France |,Concepteur de capteurs connectés pour le suivi des chantiers,nan,nan,Electronique & Informatique,SOCADIF,nan,0-20 M€,1er tour,nan,,,,,,,,,,,,,
01 juil. 2024,BRIGHTFLOW,France |,Conception d’un dispositif d’assistance ventriculaire droite percutanée de long terme.,nan,nan,Produits Pharmaceutiques & matériel médical,VIVES FUND (SOPARTEC),nan,20-50 M€,1er tour,nan,,,,,,,,,,,,,
01 juil. 2024,PLACE DES ÉNERGIES,France |,Réseau de courtiers en énergie et d’achats groupés de gaz naturel et d’électricité,7.40,2023.0,Services & Conseil aux entreprises,SELECTRA,IRD INVEST,5-10 M€,Minoritaire,0-20,,,,,,,,,,,,,
01 juil. 2024,ADONIS DISTRIBUTION,France |,Importation et distribution de fromages et de produits laitiers.,nan,nan,nan,IBERCONSEIL,MANAGER(S),0-20 M€,Build-up,0-20,,,,,,,,,,,,,
01 juil. 2024,ACTIVITÉ DE COMMISSARIAT AUX COMP...,France |,Activité de commissariat aux comptes,3,2023.0,Services & Conseil aux entreprises,GRANT THORNTON,FINEXSI,3 M€,Spin Off,nan,,,,,,,,,,,,,
01 juil. 2024,PLUSIEURS ACTIVITÉS DE PRODUCTION...,États-Unis |,Plusieurs activités de production de Spirit AeroSystems : notamment la production de sections de fuselage de l'A350 située à Kinston (Caroline du Nord) et à Saint-Nazaire (France),nan,nan,Automobile,GROUPE AIRBUS,SPIRIT AEROSYSTEMS,0-5 M€,M&A (Int'l),0-5,,,,,,,,,,,,,
01 juil. 2024,CORA FRANCE ET MATCH FRANCE,France |,60 hypermarchés Cora et 115 supermarchés Match en France,5 200,2022.0,nan,CARREFOUR,LOUIS DELHAIZE GROUPE,1 050 M€,M&A Corporate,n.d.,,,,,,,,,,,,,
01 juil. 2024,COGNYX,France |,Éditeur d’un logiciel Saas permettant aux industriels d’accélérer et de fiabiliser leurs cycles de R&D,nan,nan,Logiciel et services informatiques,BPIFRANCE INVESTISSEMENT,nan,0-20 M€,Amorçage (seed),nan,,,,,,,,,,,,,
01 juil. 2024,BICYCODE (DONT PARAVOL),France |,Opérateur agréé d’identification des deux-roues (marquage et identification des vélos),1.50,2023.0,Logiciel et services informatiques,OCODE,ROOLE (EX IDENTICAR),0-20 M€,Minoritaire,0-20,,,,,,,,,,,,,
01 juil. 2024,BAZALT REUNION,France |,Fabrication et commercialisation de matériaux de construction,60,2023.0,Immobilier & construction,UBP (THE UNITED BASALT ...,MANAGER(S),82 M€,M&A (Int'l),nan,,,,,,,,,,,,,
01 juil. 2024,CUREX,États-Unis |,Traitements personnalisés des allergies par immunothérapie,nan,nan,Produits Pharmaceutiques & matériel médical,LABEL CAPITAL,nan,20-50 M€,1er tour,0-20,,,,,,,,,,,,,
01 juil. 2024,ATOS,France |,Pure player de la transformation numérique,nan,nan,Logiciel et services informatiques,THE D. E. SHAW GROUP,n.d.,>1000 M€,Refinancement,>1000,,,,,,,,,,,,,
01 juil. 2024,MORONI,France |,Extraction,23,2023.0,Matières premières & industries de base (minerais,HEIDELBERG MATERIALS,ACTIONNAIRES FAMILIAUX,0-20 M€,M&A (Int'l),0-20,,,,,,,,,,,,,
01 juil. 2024,DISALP,France |,Distribution de fromages et de produits laitiers,nan,nan,nan,IBERCONSEIL,MANAGER(S),0-20 M€,Build-up,0-20,,,,,,,,,,,,,
01 juil. 2024,ACTIVITÉS FERROVIAIRES DE DE BONT...,Belgique |,Quatre sites de production de traverses en béton : deux sites en France (Montataire et Vers-Pont-du-Gard) et deux sites en Belgique (Laakdal et Baudour).,42,2022.0,Produits & Services industriels,SATEBA,DE BONTE GROUP,n.d.,Build-up international,n.d.,,,,,,,,,,,,,
01 juil. 2024,SKERRITT ELECTRICAL,Royaume-Uni |,Installations électriques clé en main pour des bâtiments industriels ainsi que le déploiement de solutions pour les bornes de recharge de véhicules électriques.,nan,nan,nan,TSG,MANAGER(S),0-20 M€,Build-up international,0-20,,,,,,,,,,,,,
01 juil. 2024,DIGITALINKERS,France |,Agence d'experts en data,3.50,2023.0,Logiciel et services informatiques,EQUANCY,MANAGER(S),n.d.,Build-up,nan,,,,,,,,,,,,,
01 juil. 2024,WEGROUP (MYWEGROUP),France |,Diagnostics techniques immobiliers et analyse de risques amiante,10,2023.0,Immobilier & construction,SOCOTEC,FONDATEUR(S),0-20 M€,Build-up,n.d.,,,,,,,,,,,,,
01 juil. 2024,GLOBAL COURTAGE,France |,Éditeur de logiciels à destination des courtiers en assurance,nan,nan,Logiciel et services informatiques,KEREIS,GROUPE SPARTFIN/PARTNER...,0-20 M€,Build-up,0-20,,,,,,,,,,,,,
01 juil. 2024,DOELEGAL,États-Unis |,Éditeur d'une suite logicielle pour les directions juridiques,nan,nan,Logiciel et services informatiques,DILITRUST,QUESTEL,0-20 M€,Build-up international,0-20,,,,,,,,,,,,,
01 juil. 2024,BI CONVERT (BIURO INZYNIERSKIE CO...,Pologne |,Services d’installation et de maintenance électrique dans différentes industries,nan,nan,nan,TSG,MANAGER(S),0-20 M€,Build-up international,0-20,,,,,,,,,,,,,
01 juil. 2024,EUROTECH PLANAVISION,France |,Conception et la fabrication de moniteurs embarqués à destination du secteur du transport.,nan,nan,Electronique & Informatique,NCS SYSTEMS (EX NIJKERK...,MANAGER(S),0-20 M€,Build-up,0-20,,,,,,,,,,,,,
01 juil. 2024,ETSCAF,France |,Sécurité en entreprise,nan,nan,Services & Conseil aux entreprises,DSS+,MANAGER(S),20-50 M€,Build-up international,n.d.,,,,,,,,,,,,,
01 juil. 2024,GREGAL,Espagne |,Développement de logiciels pour la filière horticole,3.50,2023.0,Logiciel et services informatiques,ORISHA,MANAGER(S),0-20 M€,Build-up international,0-20,,,,,,,,,,,,,
01 juil. 2024,PALAMY,France |,Fabricant de film plastique,80,2023.0,Produits & Services industriels,TRIOWORLD,MANAGER(S),50-150 M€,Build-up international,n.d.,,,,,,,,,,,,,
01 juil. 2024,FRESH BURRITOS,France |,Réseau de restauration rapide mexicaine,9,2023.0,Tourisme,TORTILLA MEXICAN GRILL,FONDATEUR(S),3.95 M€,Build-up international,nan,,,,,,,,,,,,,
01 juil. 2024,SOTEC CONSULTING,Espagne |,Conseil en transformation digitale,9.50,2023.0,Logiciel et services informatiques,ASTEK,MANAGER(S),10-15 M€,Build-up international,n.d.,,,,,,,,,,,,,
29 juin 2024,TRUST-PLACE,France |,Éditeur d’un logiciel Saas de création et de gestion de passeports digitaux sécurisés pour les distributeurs,nan,nan,Logiciel et services informatiques,REGION SUD INVESTISSEMENT,nan,15-20 M€,1er tour,nan,,,,,,,,,,,,,
29 juin 2024,OVERSEED,France |,Producteur de cannabis thérapeutique et fabrication de produits pharmaceutiques à base de cette plante (notamment huile par voie d'administration sous-linguale),nan,nan,Produits Pharmaceutiques & matériel médical,BLAST.CLUB (BLAST CLUB),nan,0-20 M€,1er tour,nan,,,,,,,,,,,,,
29 juin 2024,LES IMAGEURS,France |,Agence de communication numérique,0.38,2023.0,Média,GROUPE SRA,FONDATEUR(S),0-5 M€,M&A Corporate,0-5,,,,,,,,,,,,,
28 juin 2024,JUST,France |,Fintech qui développe une solution de paiement en un clic lors de la validation d'un panier d'achat en ligne,2,2024.0,Internet & ecommerce,BACKED,nan,20-50 M€,1er tour,nan,,,,,,,,,,,,,
28 juin 2024,AUDIT CONSEILS ET INVESTISSEMENTS,France |,Cabinet de conseil en gestion de patrimoine,nan,nan,nan,ASTORIA FINANCE,MANAGER(S),n.d.,Build-up,n.d.,,,,,,,,,,,,,
28 juin 2024,ISYBUY (IBAT),France |,Éditeur d’un logiciel Saas pour simplifier la gestion des dépenses des ETI (entreprises de taille intermédiaire),nan,nan,Logiciel et services informatiques,EIFFEL INVESTMENT GROUP,nan,n.d.,3e tour,nan,,,,,,,,,,,,,
28 juin 2024,LOSCH & PARTNER,Allemagne |,Conseil en gestion du cycle de vie des applications (ALM) et en ingénierie système,3.10,2023.0,Logiciel et services informatiques,CAPGEMINI,MANAGER(S),0-20 M€,M&A (Int'l),0-20,,,,,,,,,,,,,
28 juin 2024,MOBILUX,Autriche |,Joint-venture entre le fonds américain Clayton,nan,nan,nan,nan,n.d.,n.d.,Emission obligataire,nan,,,,,,,,,,,,,
28 juin 2024,JINKO,France |,Plateforme en ligne d'accompagnement pour les patients atteints de cancer (création de programmes d'accompagnement personnalisés,nan,nan,Santé,360 CAPITAL PARTNERS,nan,0-5 M€,Amorçage (seed),nan,,,,,,,,,,,,,
28 juin 2024,HORSE POWER TRAIN LIMITED (HORSE),Royaume-Uni |,Fabrication de moteurs hybrides et thermiques,nan,nan,Automobile,ARAMCO (SAUDI ARABIAN O...,GROUPE RENAULT,n.d.,Minoritaire,nan,,,,,,,,,,,,,
28 juin 2024,VIVRAPRO,France |,Entreprise spécialisée dans le nettoyage industriel,0.60,2023.0,Services & Conseil aux entreprises,S.E.E.P,MANAGER(S),0-5 M€,M&A Corporate,0-5,,,,,,,,,,,,,
28 juin 2024,VAUBAN EXECUTIVE SEARCH,France |,Cabinet de conseil en recrutement par approche directe de cadres dirigeants,2.30,2023.0,Services & Conseil aux entreprises,nan,FONDATEUR(S),0-20 M€,M&A Corporate,0-20,,,,,,,,,,,,,
28 juin 2024,NEYRET GROUP (GUY NEYRET SA & LAG...,France |,Conception,nan,nan,Produits & Services industriels,MECH-I-TRONIC,MANAGER(S),n.d.,M&A (Int'l),n.d.,,,,,,,,,,,,,
28 juin 2024,ALTROVE TECH,France |,Développement d’un logiciel et d’un laboratoire pour l’élaboration de nouveaux matériaux composites,nan,nan,Logiciel et services informatiques,CONTRARIAN VENTURES,nan,10-15 M€,Amorçage (seed),nan,,,,,,,,,,,,,
28 juin 2024,SYNTETICA,France |,Recyclage tout type de déchet textile en nylon par dépolymérisation chimique,nan,nan,Environnement & CleanTechs,EQT,nan,15-20 M€,Amorçage (seed),nan,,,,,,,,,,,,,
28 juin 2024,PRIMONIAL INGENIERIE & DEVELOPPEM...,France |,Conseil en gestion de patrimoine (activités de Distribution BtC & BtBtC : 13 Mds€ d’actifs conseillés) et activité de courtage en produits structurés B to C,170,2023.0,nan,CRYSTAL,PRIMONIAL GROUPE,50-150 M€,Build-up,n.d.,,,,,,,,,,,,,
28 juin 2024,TRAVAUX D'ACCES DIFFICILE NORMAND...,France |,Spécialiste des contrôles non destructifs,2,2023.0,Immobilier & construction,GROUPE JARNIAS,FONDATEUR(S),0-5 M€,Build-up,n.d.,,,,,,,,,,,,,
28 juin 2024,CAPITOLE ENERGIE,France |,Conseil en achat d’énergie,19.10,2024.0,Services & Conseil aux entreprises,EPSA,FONDATEUR(S),n.d.,Build-up,n.d.,,,,,,,,,,,,,
28 juin 2024,NOVOVIANDE,France |,Réseau de boucherie traditionnelle,202,2023.0,nan,PROSOL GESTION,FONDATEUR(S),150-250 M€,Build-up,150-250,,,,,,,,,,,,,
27 juin 2024,PLATOS TRADICIONALES,Espagne |,Fabrication de plats préparés,8.50,2023.0,nan,FAMILIA MARTINEZ,FLEURY MICHON,68 M€,M&A (Int'l),nan,,,,,,,,,,,,,
27 juin 2024,D'ORLANDO-LEGENDRE,Suisse |,Entreprise de construction,nan,nan,Immobilier & construction,GROUPE LEGENDRE,ACTIONNAIRES FAMILIAUX,n.d.,Majoritaire,n.d.,,,,,,,,,,,,,
27 juin 2024,BABCOCK WANSON,France |,Conception et fabrication de chaudières industrielles,300,2023.0,Produits & Services industriels,AMBIENTA SGR,KARTESIA,250-500 M€,LBO Ter,n.d.,,,,,,,,,,,,,
27 juin 2024,EGIS,France |,Groupe international de conseil,1 900,2023.0,Immobilier & construction,nan,n.d.,n.d.,Refinancement,nan,,,,,,,,,,,,,
27 juin 2024,ENVIRONNEMENT SERVICES,France |,Pose de clôtures et serrurerie extérieures et création d'espaces verts,8,2023.0,Immobilier & construction,GROUPE BIR,MANAGER(S),0-20 M€,M&A Corporate,0-20,,,,,,,,,,,,,
27 juin 2024,KOREGRAF,France |,Plateforme de financement participatif immobilier,nan,nan,nan,GROUPE INTER INVEST,MANAGER(S),n.d.,Majoritaire,n.d.,,,,,,,,,,,,,
27 juin 2024,SPHERETECH,France |,Spécialiste et pionnier de la mesure des polluants moteur et créateur de l’EcoMaintenance,5,2023.0,Produits & Services industriels,WINALCO,MANAGER(S),0-20 M€,M&A Corporate,0-20,,,,,,,,,,,,,
27 juin 2024,NAF NAF,France |,Prêt-à-porter,115,2023.0,Textile,MIGIBOY TEKSTIL,MANAGER(S),1.50 M€,Retournement,nan,,,,,,,,,,,,,
27 juin 2024,ENALEES,France |,Conception et fabrication de tests PCR rapides en santé animale,2,2023.0,nan,BPIFRANCE INVESTISSEMENT,nan,15-20 M€,1er tour,nan,,,,,,,,,,,,,
27 juin 2024,FAUCHÉ,France |,Fournisseur de services énergétiques : installation et maintenance en génie électrique,400,2023.0,nan,SALARIES,MANAGER(S),150-250 M€,MBO IV,n.d.,,,,,,,,,,,,,
27 juin 2024,LOCA SERVICES (ICE),France |,Fabricant et loueur de vitrines réfrigérées pour la grande distribution alimentaire et l’industrie agroalimentaire,4,2023.0,Produits & Services industriels,NCI,MANAGER(S),n.d.,LBO Primaire,n.d.,,,,,,,,,,,,,
27 juin 2024,PHAXIAM THERAPEUTICS (EX ERYTECH ...,France |,Biotech développant des phagothérapies afin de s'attaquer aux maladies nosocomiales et de lutter contre la résistance aux antimicrobiens,23.50,2023.0,nan,BPIFRANCE INVESTISSEMENT,nan,n.d.,Augmentation de capital,nan,,,,,,,,,,,,,
27 juin 2024,NUBIKA,Espagne |,Conseil technologique spécialisé en solutions CRM Salesforce,771.50,2023.0,Logiciel et services informatiques,INETUM,MANAGER(S),n.d.,Build-up international,n.d.,,,,,,,,,,,,,
27 juin 2024,FOSROC,Émirats Arabes Unis |,Fabricant de solutions chimiques pour la construction.,441.20,2023.0,Produits & Services industriels,SAINT-GOBAIN,JMH FZCO,960 M€,M&A (Int'l),nan,,,,,,,,,,,,,
27 juin 2024,SO MOCHI,France |,Fabricant de mochis surgelés,nan,nan,nan,ONORÉ (EX BONCOLAC),FONDATEUR(S),0-20 M€,Build-up,0-20,,,,,,,,,,,,,
27 juin 2024,ARTICQUE,France |,Editeur de logiciels de cartographie statistique.,4.20,2023.0,Logiciel et services informatiques,CHAPSVISION,TURENNE GROUPE,10-15 M€,Build-up,10-15,,,,,,,,,,,,,
27 juin 2024,MUST INFORMATIQUE,France |,ERP de gestion et de pilotage dédiées aux prestataires de santé à domicile et aux prestataires de service et de distribution de matériel,10,2023.0,Logiciel et services informatiques,ORISHA,EXTENS,20-50 M€,Build-up,n.d.,,,,,,,,,,,,,
27 juin 2024,LUXAMED,Allemagne |,Fabrication d’équipements médicaux : Otoscopes,4,2023.0,Produits Pharmaceutiques & matériel médical,SPENGLER GROUP (EX SPEN...,MANAGER(S),5-10 M€,Build-up international,n.d.,,,,,,,,,,,,,
27 juin 2024,WELT ELECTRONIC,Italie |,Distributeur de composants dans le domaine de l’éclairage,30,2023.0,Electronique & Informatique,STELIAU TECHNOLOGY,MANAGER(S),20-50 M€,Build-up international,n.d.,,,,,,,,,,,,,
27 juin 2024,CLICPUBLIC,Belgique |,Site spécialisé dans les enchères en ligne sur des biens d’équipement et véhicules issus d'entreprises en faillite,nan,nan,Internet & ecommerce,AGORASTORE,FONDATEUR(S),0-20 M€,Build-up international,0-20,,,,,,,,,,,,,
26 juin 2024,LINEUP7,France |,Marketing digital,nan,nan,Internet & ecommerce,ISOSKÈLE,FONDATEUR(S),20-50 M€,M&A Corporate,n.d.,,,,,,,,,,,,,
26 juin 2024,ARAGO CONSULTING,France |,Transformation digitale de la fonction RH,25,2023.0,Logiciel et services informatiques,CALCIUM CAPITAL,CAPITEM PARTENAIRES,20-50 M€,LBO Bis,0-20,,,,,,,,,,,,,
26 juin 2024,DEMARNE FRERES,France |,Produits de la mer,160,2023.0,nan,UNIGRAINS,UNIGRAINS,20-50 M€,LBO Ter,0-20,,,,,,,,,,,,,
26 juin 2024,FRANCEVERIF.FR,France |,analyse les sites e-commerce afin de détecter toute arnaque possible,nan,nan,Logiciel et services informatiques,ETAT FRANÇAIS,nan,0-20 M€,2e tour,nan,,,,,,,,,,,,,
26 juin 2024,ADEALIS (ANDRAVIN),France |,Infogérance et maintenance informatique.,nan,nan,Logiciel et services informatiques,KOESIO (EX C'PRO),n.d.,n.d.,Build-up,n.d.,,,,,,,,,,,,,
26 juin 2024,MAY (LN CARE),France |,Application healhtech visant à accompagner les parents et futurs parents pendant la grossesse et jusqu’à l’entrée à l’école de l’enfant.,nan,nan,Internet & ecommerce,SERENA CAPITAL,nan,15-20 M€,2e tour,nan,,,,,,,,,,,,,
26 juin 2024,STEBBY,Estonie |,Plateforme de titres prépayés et d'avantages sociaux dans les pays baltes,4.40,2023.0,Services & Conseil aux entreprises,GROUPE UP COOP (EX GROU...,MANAGER(S),0-20 M€,M&A (Int'l),0-20,,,,,,,,,,,,,
26 juin 2024,SCHNEIDER ELECTRIC,France |,Produits de gestion d'électricité,nan,nan,nan,nan,n.d.,n.d.,Emission obligataire,nan,,,,,,,,,,,,,
26 juin 2024,CASHBEE,France |,Éditeur d'une application mobile d'épargne pour les particuliers,nan,nan,Internet & ecommerce,MUTUELLE IVRY LA FRATER...,nan,20-50 M€,2e tour,nan,,,,,,,,,,,,,
26 juin 2024,SYNTHFLOW,Allemagne |,Assistance vocale de l'intelligence artificielle.,nan,nan,Logiciel et services informatiques,SINGULAR CAPITAL PARTNE...,nan,20-50 M€,1er tour,nan,,,,,,,,,,,,,
26 juin 2024,CLEVA (EX ITN ET I2S),France |,Éditeur de logiciels pour le marché des assurances,45,2023.0,Logiciel et services informatiques,VELD CAPITAL,INETUM,50-150 M€,Carve-out,50-150,,,,,,,,,,,,,
26 juin 2024,WAVE.AI,France |,Édition d'une plateforme web et mobile de coaching professionnel augmentée par l'intelligence artificielle (rachat des actifs de la société liquidée début mai 2024),nan,nan,nan,ALAN,FONDATEUR(S),n.d.,Retournement,n.d.,,,,,,,,,,,,,
26 juin 2024,OTEGO (EX DICKSON COATINGS),France |,Fabrication de tissus techniques pour l’industrie du caoutchouc,nan,nan,Produits & Services industriels,GENEO CAPITAL ENTREPRENEUR,GENEO CAPITAL ENTREPRENEUR,20-50 M€,MBO Bis,0-20,,,,,,,,,,,,,
26 juin 2024,MI METROLOGIE,France |,Étalonnage et vérification,nan,nan,Electronique & Informatique,ASERTI,MANAGER(S),n.d.,Build-up,n.d.,,,,,,,,,,,,,
26 juin 2024,STUDIO TEMPORARY MANAGER (STM),Italie |,Conseil en management de transition,5,2023.0,Services & Conseil aux entreprises,VALTUS,FONDATEUR(S),0-20 M€,Build-up international,0-20,,,,,,,,,,,,,
25 juin 2024,SAHAR,France |,Éditeur de logiciels Saas de collecte,nan,nan,Logiciel et services informatiques,MONTEFIORE INVESTMENT,FONDATEUR(S),61.70 M€,LBO Primaire,n.d.,,,,,,,,,,,,,
25 juin 2024,METEX NOOVISTA (EX AANE),France |,Production d’acides aminés par fermentation pour la nutrition animale,nan,nan,nan,MAASH,METABOLIC EXPLORER (METEX),n.d.,Retournement,n.d.,,,,,,,,,,,,,
25 juin 2024,TIKEHAU CAPITAL,France |,Société de gestion cotée,nan,nan,nan,NIKKO ASSET MANAGEMENT ...,MANAGER(S),3 450 M€,Minoritaire,150-250,,,,,,,,,,,,,
25 juin 2024,SIMCO-ORFEOR,France |,Éditeur d'une plateforme Saas de gestion budgétaire pour les collectivités,nan,nan,Logiciel et services informatiques,INEDI (EX EPICTURE),FONDATEUR(S),0-20 M€,M&A Corporate,n.d.,,,,,,,,,,,,,
25 juin 2024,EPSILON GLOBAL COM,France |,Agence de communication et de conseil en publicité,12,2022.0,Média,GROUPE DIFFUSION PLUS,n.d.,n.d.,Retournement,n.d.,,,,,,,,,,,,,
25 juin 2024,LES ESSENTIELLES (RÉSIDENCES HAPP...,France |,Exploitant de résidences seniors,nan,nan,Santé,ODALYS GROUPE,CLARIANE (EX KORIAN),n.d.,M&A Corporate,n.d.,,,,,,,,,,,,,
25 juin 2024,LES PETITES CANAILLES,France |,Crèches inter-entreprises,30,2023.0,Services & Biens de consommation,SOCIETE GENERALE CAPITA...,nan,n.d.,Augmentation de capital,n.d.,,,,,,,,,,,,,
25 juin 2024,AMELKIS,France |,Éditeur de logiciels CPM (Corporate Performance Management),12,2024.0,Logiciel et services informatiques,PARQUEST,FONDATEUR(S),50-150 M€,LBO Primaire,20-50,,,,,,,,,,,,,
25 juin 2024,JV TIKEHAU IM/NIKKO ASSET MANAGEM...,Japon |,Joint-venture dédiée aux stratégies d'investissement sur les marchés privés asiatiques,nan,nan,nan,TIKEHAU CAPITAL,n.d.,n.d.,M&A (Joint Venture),n.d.,,,,,,,,,,,,,
25 juin 2024,DATASMOOTHIE,Royaume-Uni |,Éditeur d'une plateforme cloud qui automatise,nan,nan,Logiciel et services informatiques,IPSOS,FONDATEUR(S),0-5 M€,M&A (Int'l),0-5,,,,,,,,,,,,,
25 juin 2024,LEASCORP,France |,Courtage digitalisé de contrats de leasing,59,2023.0,nan,LBO FRANCE,MANAGER(S),20-50 M€,LBO Primaire,0-20,,,,,,,,,,,,,
25 juin 2024,SWIPEWIPE (AFTERNOON PRODUCTS),États-Unis |,Éditeur d'une application de gestion de photos pour téléphones portables qui offre des fonctionnalités d’édition grâce à l’IA,nan,nan,Logiciel et services informatiques,MWM (MUSIC WORLD MEDIA ...,FONDATEUR(S),20-50 M€,M&A (Int'l),20-50,,,,,,,,,,,,,
25 juin 2024,INCIDENCES,France |,Producteur d’électricité verte à partir de ressources renouvelables sur le territoire national et ultra-marins,nan,nan,nan,ENERFIP,nan,n.d.,1er tour,nan,,,,,,,,,,,,,
25 juin 2024,VEDIS,France |,Solutions de sécurité et systèmes de vidéosurveillance,nan,nan,Services & Conseil aux entreprises,MARTEK,FONDATEUR(S),20-50 M€,LBO Primaire,0-20,,,,,,,,,,,,,
25 juin 2024,ESTUAIRE,France |,Solution logicielle pour monitorer l’impact climatique des vols.,nan,nan,Logiciel et services informatiques,SATGANA,nan,0-20 M€,Amorçage (seed),nan,,,,,,,,,,,,,
25 juin 2024,SAIMAP VIENNOT,France |,Fabrication de pièces et ensembles techniques en matériaux polymères hautes performances par usinage,13,2023.0,Produits & Services industriels,CLAYENS,MANAGER(S),10-15 M€,Build-up,n.d.,,,,,,,,,,,,,
25 juin 2024,VECTORVMS,États-Unis |,Plateforme de gestion pour le recrutement en intérim.,10.70,2023.0,Logiciel et services informatiques,PIXID,LEARNING TECHNOLOGIES G...,46.80 M€,Build-up international,nan,,,,,,,,,,,,,
25 juin 2024,ALPAO,France |,Conception et fabrication de composants et de systèmes d'optique adaptative,9,2023.0,Electronique & Informatique,BERTIN TECHNOLOGIES,FONDATEUR(S),0-20 M€,Build-up,0-20,,,,,,,,,,,,,
25 juin 2024,EUROMEDIA,France |,Solutions réseaux et cybersécurité,16,2023.0,Logiciel et services informatiques,SOLUTYS GROUP,MANAGER(S),0-20 M€,Build-up,n.d.,,,,,,,,,,,,,
25 juin 2024,SBII,France |,Intégrateur de solutions de traçabilité et éditeur des logiciels professionnels Logiflex® et Visiflex®,2.50,2023.0,Logiciel et services informatiques,SOLUTYS GROUP,MANAGER(S),0-20 M€,Build-up,n.d.,,,,,,,,,,,,,
24 juin 2024,PARQUETERIE DE LA LYS,France |,Vente,nan,nan,Services & Biens de consommation,nan,ACTIONNAIRES,0-5 M€,Sponsorless,0-5,,,,,,,,,,,,,
24 juin 2024,ENTELA,France |,Prestation d’intégration de solutions IT et télécoms,7,2024.0,Média,SAPHELEC,n.d.,0-5 M€,Build-up,0-5,,,,,,,,,,,,,
24 juin 2024,DBH-SERVICES,France |,Spécialiste des services de reconditionnement de matériel informatique et téléphonie fixe,3,2023.0,Média,SAPHELEC,n.d.,0-5 M€,Build-up,0-5,,,,,,,,,,,,,
24 juin 2024,HYDRO APPLICATIONS,France |,Réparation de machines et équipements mécaniques,nan,nan,Produits & Services industriels,nan,MANAGER(S),n.d.,Reprise Management,n.d.,,,,,,,,,,,,,
24 juin 2024,MESOIGNER,France |,Édition d'un logiciel de pilotage et de suivi de la relation patient pour les pharmacies,1.92,2022.0,Logiciel et services informatiques,COMET SOFTWARE,FONDATEUR(S),0-20 M€,Build-up,0-20,,,,,,,,,,,,,
24 juin 2024,EXO,France |,Éditeur d'une application de récompenses pour les adhérents de salles de sport effectuant des séances régulières,nan,nan,Internet & ecommerce,SEVENTURE PARTNERS,nan,0-20 M€,Amorçage (seed),nan,,,,,,,,,,,,,
24 juin 2024,ORTEVOL (PROFILAGE DU SUD OUEST,France |,Fabrication de lames,17,2023.0,Produits & Services industriels,BOUYER LEROUX,ORFITE,0-20 M€,Sortie M&A Corporate,0-20,,,,,,,,,,,,,
24 juin 2024,D+I (DESING+INDUSTRY),Australie |,Conseil en ingénierie mécanique et développement de produits électroniques,6.50,2023.0,Logiciel et services informatiques,CAPGEMINI,MANAGER(S),0-20 M€,M&A (Int'l),0-20,,,,,,,,,,,,,
24 juin 2024,JUMP (FREELANCER LAUNCHPAD),France |,Gestion des tâches administratives pour les indépendants,nan,nan,Services & Conseil aux entreprises,BREEGA,nan,20-50 M€,1er tour,nan,,,,,,,,,,,,,
24 juin 2024,VITACUIRE,France |,Fabrication de produits surgelés principalement à base de pâte feuilletée,38,2023.0,nan,ALTIS CAPITAL,MANAGER(S),n.d.,LBO Primaire,n.d.,,,,,,,,,,,,,
24 juin 2024,KONVERGENCE CONSULTING,France |,ESN spécialisée sur SAP pour des clients dans le domaine de l'énergie.,4.60,2023.0,Logiciel et services informatiques,MITEM FRANCE,FONDATEUR(S),0-20 M€,M&A Corporate,0-20,,,,,,,,,,,,,
24 juin 2024,SOGEXIA,Luxembourg |,Fintech de paiement proposant aux particuliers et aux professionnels des comptes de paiement en ligne,nan,nan,nan,CAPZA,FONDATEUR(S),50-150 M€,LBO Primaire,n.d.,,,,,,,,,,,,,
24 juin 2024,ACM CARAIBES,France |,Services de location de catamarans,nan,nan,Services & Biens de consommation,nan,n.d.,n.d.,M&A Corporate,n.d.,,,,,,,,,,,,,
24 juin 2024,PÔLE D'IMAGERIE ET DE CANCÉROLOGI...,France |,Ensemble de sept centres de cancérologie et d’imagerie médicale répartis entre les unités urbaines de Douai-Lens et Lille.,nan,nan,Santé,L-GAM,MANAGER(S),n.d.,Cession de titres,50-150,,,,,,,,,,,,,
24 juin 2024,STATIGEST,France |,Éditeur de solutions logicielles CRM pour les forces de vente leur permettant d’organiser,6.88,2023.0,Logiciel et services informatiques,COMET SOFTWARE,MANAGER(S),0-20 M€,Build-up,0-20,,,,,,,,,,,,,
24 juin 2024,DUST (PERMUTATION LABS),France |,Éditeur d'un logiciel de création d'assistants personnalisés,nan,nan,Logiciel et services informatiques,SEQUOIA CAPITAL,nan,50-150 M€,1er tour,nan,,,,,,,,,,,,,
24 juin 2024,BLANCHISSERIE DE PARIS,France |,Blanchisserie industrielle écoresponsable auprès des hôteliers et restaurateurs,13,2023.0,Produits & Services industriels,ODYSSEE VENTURE,nan,0-20 M€,Augmentation de capital,nan,,,,,,,,,,,,,
24 juin 2024,PLESSIS BENNES,France |,Collecte et valorisation des déchets du bâtiment,2,2023.0,Environnement & CleanTechs,ENDLESS (EX - BIG BAG '...,FONDATEUR(S),0-5 M€,M&A Corporate,0-5,,,,,,,,,,,,,
24 juin 2024,CHEZ L'AMI LOUIS,France |,Restaurant,nan,nan,Tourisme,LVMH,ACTIONNAIRES HISTORIQUES,0-20 M€,Majoritaire,0-20,,,,,,,,,,,,,
24 juin 2024,CHICHE!,France |,Fabrication et commercialisation des produits salés apéritifs et des biscuits à base de légumineuses,nan,nan,nan,DEMETER (VOIR DEMA INVEST),nan,0-20 M€,2e tour,nan,,,,,,,,,,,,,
24 juin 2024,COVER 3D,Belgique |,Édition de logiciels de modélisation,nan,nan,Logiciel et services informatiques,COMET SOFTWARE,FONDATEUR(S),0-20 M€,Build-up international,0-20,,,,,,,,,,,,,
24 juin 2024,REVEAL,France |,Plateforme qui permet aux entreprises BtoB de générer des revenus à partir de leurs partenariats en partageant leurs données de CRM.,nan,nan,Logiciel et services informatiques,CROSSBEAM,INSIGHT PARTNERS,150-250 M€,Fusion,150-250,,,,,,,,,,,,,
24 juin 2024,AMCAD ENGINEERING,France |,Expert en modélisation pour la conception et l'optimisation des performances des circuits hyperfréquences.,nan,nan,Logiciel et services informatiques,DASSAULT SYSTEMES (3DS),n.d.,n.d.,M&A Corporate,n.d.,,,,,,,,,,,,,
24 juin 2024,LARGO,France |,Reconditionnement de smartphones,nan,nan,Electronique & Informatique,EIFFEL INVESTMENT GROUP,n.d.,8 M€,Emission obligataire,nan,,,,,,,,,,,,,
24 juin 2024,SILICON DNA,Luxembourg |,Éditeur d’un logiciel ERP « all-in-one » de comptabilité,nan,nan,Logiciel et services informatiques,COMET SOFTWARE,FONDATEUR(S),0-20 M€,Build-up international,0-20,,,,,,,,,,,,,
24 juin 2024,ROUSSELET ROBATEL,France |,Conception et fabrication de centrifugeuses,15,2023.0,Produits & Services industriels,GROUPE BAELEN,MANAGER(S),10-15 M€,M&A Corporate,10-15,,,,,,,,,,,,,
24 juin 2024,CABCONGROUP,Danemark |,Distributeur de composants passifs et électromécaniques et de faisceaux de câbles pour l’industrie électronique,nan,nan,Electronique & Informatique,MILEXIA,n.d.,n.d.,Build-up international,n.d.,,,,,,,,,,,,,
24 juin 2024,SENSEGO,France |,Édition d'un logiciel,nan,nan,Logiciel et services informatiques,MOBSUCCESS,FONDATEUR(S),0-20 M€,Retournement,0-20,,,,,,,,,,,,,
24 juin 2024,RIVERSIDE MEDICAL PACKAGING,Royaume-Uni |,"Conditionnement de dispositifs médicaux et préparation de kits de seringues pour les pharmacies hospitalières.

(L’activité Shawpack -machines de production d’emballages médicaux par thermoformage- a fait l'objet d'un spin-off du périmètre de Riverside avant son acquisition par Sterimed)",25,2023.0,Produits & Services industriels,STERIMED,FONDATEUR(S),20-50 M€,Build-up international,n.d.,,,,,,,,,,,,,
22 juin 2024,ROTOWASH FRANCE,France |,Importateur et distributeur exclusif des autolaveuses de la marque Autrichienne ROTOWASH,3.40,2023.0,nan,TINI (BBA EMBALLAGES),MANAGER(S),0-5 M€,Build-up,0-5,,,,,,,,,,,,,
21 juin 2024,EUREKA (AUTOCARS DOMINIQUE,France |,Transporteur et loueur de bus fonctionnant majoritairement grâce à une énergie propre (GNV,nan,nan,nan,GROUPE SDH (NEDROMA),MANAGER(S),5-10 M€,M&A Corporate,5-10,,,,,,,,,,,,,
21 juin 2024,LABORATOIRES SVR,France |,Soins dermo-cosmétiques,140,2023.0,Santé,KRESK DEVELOPPEMENT,GROUPE HLD,150-250 M€,Augmentation de capital,n.d.,,,,,,,,,,,,,
21 juin 2024,RECYTECH,France |,Collecte et traite des déchets industriels contenant du zinc,40,2023.0,Environnement & CleanTechs,BEFESA,RECYLEX,40 M€,M&A (Int'l),nan,,,,,,,,,,,,,
21 juin 2024,PILSA,Espagne |,Distributeur de petit équipement et installateur de Cuisines Professionnelles à destination des professionnels du Foodservice,70,2023.0,nan,ECF GROUP (EX ECOTEL CH...,ACTIONNAIRES FAMILIAUX,50-150 M€,Build-up international,50-150,,,,,,,,,,,,,
20 juin 2024,ATMIO,Allemagne |,Plateforme logicielle pour automatiser la détection et le signalement des fuites de méthane dans l'industrie pétrolière et gazière.,nan,nan,Logiciel et services informatiques,NOTION CAPITAL,nan,n.d.,Amorçage (seed),nan,,,,,,,,,,,,,
20 juin 2024,AUDIT PROCESS,France |,Bureau d'études spécialisé dans le domaine de l'hydraulique : contrôle et traitement des réseaux d'eau,nan,nan,Produits & Services industriels,BETEM,MANAGER(S),0-20 M€,M&A Corporate,0-20,,,,,,,,,,,,,
20 juin 2024,PRO HYGIENE SOLUTION,France |,Lutte contre les nuisibles (dératisation,nan,nan,Produits & Services industriels,ANTICIMEX,n.d.,n.d.,M&A Corporate,n.d.,,,,,,,,,,,,,
20 juin 2024,5EME AVENUE,France |,Distribution de solutions de téléphonie,15,2023.0,Média,TELEOS,MANAGER(S),n.d.,Augmentation de capital,n.d.,,,,,,,,,,,,,
20 juin 2024,3QTZ,France |,Agence média et cabinet de conseil spécialisé en marketing digital,nan,nan,Média,BIGGIE GROUP,FONDATEUR(S),0-5 M€,Build-up,n.d.,,,,,,,,,,,,,
20 juin 2024,SYSTÈMES & LOGICIELS MANNARINO,Canada |,Services d'ingénierie de systèmes critiques,21.84,2024.0,Logiciel et services informatiques,SCALIAN (EX EUROGICIEL),FONDATEUR(S),50-150 M€,Build-up international,n.d.,,,,,,,,,,,,,
20 juin 2024,PROLOG INGENIERIE,France |,Groupe spécialisé dans les calculs hydrauliques pour le domaine du Cycle de l’Eau,5.90,2023.0,Services & Conseil aux entreprises,INFRANEO,FONDATEUR(S),0-5 M€,Build-up,n.d.,,,,,,,,,,,,,
20 juin 2024,DIDIER'S PATISSERIE,Royaume-Uni |,Produits de patisserie,10,2023.0,nan,COMPAGNIE DES DESSERTS,FONDATEUR(S),20 M€,Build-up international,20-50,,,,,,,,,,,,,
19 juin 2024,ROAV7,France |,Services d’inspection aérienne et modélisation par drones pour plateformes pétrolières en mer,3,2023.0,Services & Conseil aux entreprises,STAPEM OFFSHORE,INVESTISSEUR(S) PRIVÉ(S),0-5 M€,Majoritaire,0-5,,,,,,,,,,,,,
19 juin 2024,MATERR'UP,France |,Production de bétons bas carbone à partir d’un ciment d’argile,12,2023.0,Immobilier & construction,EURAZEO,nan,20-50 M€,1er tour,nan,,,,,,,,,,,,,
19 juin 2024,GAMA (EX NAVYA),France |,Véhicules autonomes,nan,nan,nan,MACNICA,GAUSSIN MANUGISTIQUE,n.d.,M&A (Int'l),n.d.,,,,,,,,,,,,,
19 juin 2024,RYDOO (EX RYDOO EXPENSE),Belgique |,Édition de logiciels de gestion des notes de frais,nan,nan,Logiciel et services informatiques,EURAZEO SMALL-MID,MARLIN EQUITY PARTNERS,150-250 M€,LBO Bis,n.d.,,,,,,,,,,,,,
19 juin 2024,QBLOX,Pays-Bas |,Développement de piles de contrôle quantique,nan,nan,Electronique & Informatique,QUANTONATION VENTURES,nan,n.d.,1er tour,nan,,,,,,,,,,,,,
19 juin 2024,CAATS,France |,Marque de nourriture saine pour chats livrée sur abonnement,nan,nan,nan,OTIUM CAPITAL,ACTIONNAIRES HISTORIQUES,20-50 M€,Augmentation de capital,nan,,,,,,,,,,,,,
19 juin 2024,WEBEDIA,France |,Groupe de presse numérique et du divertissement en ligne : sites internet (Allociné,nan,nan,Média,AGLAE VENTURES,FIMALAC,500-1000 M€,Minoritaire,20-50,,,,,,,,,,,,,
19 juin 2024,PERFECTSTAY (PERFECTSTAY.COM),France |,Voyagiste exclusivement en ligne,nan,nan,Tourisme,HBX GROUP,FONDATEUR(S),50-150 M€,M&A (Int'l),n.d.,,,,,,,,,,,,,
19 juin 2024,OCEALAB,France |,Laboratoire de biologie médicale,23,2023.0,Santé,INOVIE,MANAGER(S),50-150 M€,Build-up,n.d.,,,,,,,,,,,,,
19 juin 2024,ARMOR PLATS CUISINES,France |,Fabrication de plats cuisinés frais,25,2023.0,nan,GOZOKI,MANAGER(S),0-20 M€,Build-up,0-20,,,,,,,,,,,,,
19 juin 2024,DEC ENVIRO,Canada |,Bureau d’études en ingénierie géotechnique,7.50,2023.0,Immobilier & construction,FONDASOL,MANAGER(S),5-10 M€,Build-up international,0-5,,,,,,,,,,,,,
19 juin 2024,CAMO GROUPE,France |,Travail temporaire,125,2023.0,Services & Conseil aux entreprises,W GROUP,FONDATEUR(S),50-150 M€,Build-up international,50-150,,,,,,,,,,,,,
18 juin 2024,CELLAVEN,France |,Automatisation de la culture cellulaire,nan,nan,Electronique & Informatique,FINOVAM GESTION,nan,0-20 M€,Amorçage (seed),nan,,,,,,,,,,,,,
18 juin 2024,ACTURIS,Royaume-Uni |,Éditeurs de logiciels dédiés aux courtiers et aux assureurs,170,2023.0,Logiciel et services informatiques,ASTORG,FONDATEUR(S),>1000 M€,LBO Ter,n.d.,,,,,,,,,,,,,
18 juin 2024,GOUD,France |,Prévention santé pour les dirigeants,nan,nan,Santé,nan,nan,0-20 M€,Amorçage (seed),nan,,,,,,,,,,,,,
18 juin 2024,AVEZ,France |,fabrication d'emballages industriels en fer-blanc destinés aux matières dangereuses,30,2023.0,Produits & Services industriels,EMBALLATOR,ACTIONNAIRES FAMILIAUX,n.d.,M&A (Int'l),n.d.,,,,,,,,,,,,,
18 juin 2024,PHIL RH (ADVANCE EMPLOI BOURGOIN),France |,Travail intérimaire,5,2023.0,Services & Conseil aux entreprises,GROUPE ADVANCE (ADVANCE...,FONDATEUR(S),0-5 M€,M&A Corporate,0-5,,,,,,,,,,,,,
18 juin 2024,PHACET,France |,Accompagnement des sociétés pour adapter l'utilisation de l'intelligence artificielle à leurs besoins,nan,nan,Logiciel et services informatiques,MOTIER VENTURES,nan,0-20 M€,Amorçage (seed),nan,,,,,,,,,,,,,
18 juin 2024,IRAI,France |,Éditeur de de logiciels de simulation et de formation dans la robotique et l’automatisme,nan,nan,Logiciel et services informatiques,INOVANCE,FONDATEUR(S),0-5 M€,M&A (Int'l),0-5,,,,,,,,,,,,,
18 juin 2024,FERMENTALG,France |,Biotech développant des ingrédients naturels pour la santé,nan,nan,nan,HUVEPHARMA,nan,20-50 M€,Augmentation de capital,nan,,,,,,,,,,,,,
18 juin 2024,AGRILAND,France |,Producteur de principes naturels pour les industries agroalimentaire (arômes,nan,nan,nan,TAG PARTNERS (EX SPE CA...,UGFS NA,15-20 M€,Augmentation de capital,15-20,,,,,,,,,,,,,
18 juin 2024,ECODROP,France |,Solution digitale de gestion des déchets de chantier,17,2023.0,Environnement & CleanTechs,AMUNDI FINANCE ET SOLID...,TURENNE GROUPE,0-20 M€,Augmentation de capital,nan,,,,,,,,,,,,,
18 juin 2024,ABONITE CONSULTANTS,France |,Vente et intégration d’ERP et de CRM.,1.20,2023.0,Logiciel et services informatiques,GROUPE LSI (EX-LSI SUD ...,FONDATEUR(S),0-20 M€,M&A Corporate,0-20,,,,,,,,,,,,,
18 juin 2024,GOOD MOTORS AGENCY,France |,Location en ligne de motos en libre-service,0.15,2023.0,Internet & ecommerce,CAISSE D'EPARGNE NORMAN...,nan,0-20 M€,Amorçage (seed),nan,,,,,,,,,,,,,
18 juin 2024,BSMART,France |,Production et distribution de médias audiovisuels,3.50,2023.0,Média,FICADE,FONDATEUR(S),0-20 M€,M&A Corporate,n.d.,,,,,,,,,,,,,
18 juin 2024,I2SI,France |,Ingénierie de la gestion des risques et éditeur de logiciels,nan,nan,Logiciel et services informatiques,VERSPIEREN,FONDATEUR(S),0-20 M€,M&A Corporate,0-20,,,,,,,,,,,,,
18 juin 2024,HANDIWORK,France |,Formation,2,2023.0,Services & Conseil aux entreprises,BANQUE DES TERRITOIRES,nan,0-20 M€,Augmentation de capital,nan,,,,,,,,,,,,,
18 juin 2024,TRACKLAB,France |,Éditeur d’un logiciel Saas de vérification de la conformité des données fournisseurs avec les normes règlementaires,nan,nan,Logiciel et services informatiques,KIMA VENTURES,nan,0-20 M€,1er tour,nan,,,,,,,,,,,,,
18 juin 2024,READLY FRANCE (DONT TOUTABO ET EP...,France |,Activités de la société suédoise Readly en France : presse en ligne,6,2023.0,Média,CAFEYN GROUP (EX LEKIOSK),READLY,4.50 M€,Build-up,nan,,,,,,,,,,,,,
18 juin 2024,PWS (EX CG SERVICE SYSTEMS FRANCE),France |,Spécialiste de l'installation,3.50,2023.0,Produits & Services industriels,MASTERGRID,AK GROUP,0-20 M€,Build-up,0-20,,,,,,,,,,,,,
18 juin 2024,SIDEXPORT,Italie |,Distribution de pièces détachées d’origine pour l’entretien et la réparation des véhicules à destination des professionnels.,30,2023.0,nan,ITAL EXPRESS,MANAGER(S),20-50 M€,Build-up international,n.d.,,,,,,,,,,,,,
18 juin 2024,TRANSFO LAB,France |,Laboratoire réalisant des diagnostics de transformateurs électriques via des analyses d’huile,1.50,2023.0,Produits & Services industriels,MASTERGRID,AK GROUP,0-20 M€,Build-up,0-20,,,,,,,,,,,,,
18 juin 2024,CTGA,Portugal |,Conseil et projets dans les domaines de l'Environnement et de la gestion industrielle,nan,nan,Services & Conseil aux entreprises,SAUR,MANAGER(S),n.d.,Build-up international,n.d.,,,,,,,,,,,,,
17 juin 2024,LIMITED RESELL,France |,Place de marché de vente de baskets rares mettant en relation des particuliers et des revendeurs professionnels,2.10,2023.0,Internet & ecommerce,INV 7,nan,3.50 M€,1er tour,nan,,,,,,,,,,,,,
17 juin 2024,EMENDO CAPITAL,Pays-Bas |,Boutique de fusions et acquisitions,nan,nan,nan,NATIXIS,MANAGER(S),0-20 M€,Minoritaire,n.d.,,,,,,,,,,,,,
17 juin 2024,ALSTOM,France |,Conception et fabrication de de matériel roulant et d'infrastructures ferroviaires (locomotives,17 600,2024.0,nan,BPIFRANCE INVESTISSEMENT,nan,>1000 M€,Augmentation de capital,nan,,,,,,,,,,,,,
17 juin 2024,STEERLAB,France |,Créateur d'une solution d'IA permettant de répondre automatiquement aux appels d'offres ainsi qu'aux questionnaires de sécurité associés,nan,nan,Logiciel et services informatiques,DREAMCRAFT VENTURES,nan,5-10 M€,Amorçage (seed),nan,,,,,,,,,,,,,
17 juin 2024,E-MEDIA CONCEPT (PLATEFORMES M-HA...,France |,- M-Habitat.fr : conseils pratiques en décoration,nan,nan,Média,LEADS.IO,MANAGER(S),0-20 M€,M&A Corporate,0-20,,,,conseils en matière de construction,,,,,,,,,
17 juin 2024,BIOGENIE (ACTIVITES DE TRAITEMENT...,Canada |,Activité d'Englobe Corp qui exploite des installations de traitement des sols,122.10,2023.0,Environnement & CleanTechs,ORTEC GROUPE,n.d.,150-250 M€,Carve-out,150-250,,,,,,,,,,,,,
17 juin 2024,NATIXIS PARTNERS BELGIUM (ANCIENN...,Belgique |,Boutique de fusions et acquisitions,nan,nan,nan,NATIXIS,MANAGER(S),0-20 M€,Minoritaire,n.d.,,,,,,,,,,,,,
17 juin 2024,ECO SPECIAL WASTE MANAGEMENT (ECO...,Singapour |,Gestion des déchets de Singapour,66.23,2023.0,Environnement & CleanTechs,SÉCHÉ ENVIRONNEMENT,BEIJING CAPITAL ECO-ENV...,417 M€,M&A (Int'l),nan,,,,,,,,,,,,,
17 juin 2024,OMI,France |,Éditeur d'une solution - basée sur l'IA - de modélisation 3D à partir de photos et vidéos à des fins marketing,0.48,2023.0,Logiciel et services informatiques,DAWN CAPITAL,nan,52 M€,2e tour,nan,,,,,,,,,,,,,
17 juin 2024,FRONT-COMMERCE (PROGRESSIVE WEB I...,France |,Solution logicielle visant à accélérer les performances des boutiques en lignes,nan,nan,Logiciel et services informatiques,LUNDI MATIN,M CAPITAL PARTNERS,0-5 M€,Retournement,0-5,,,,,,,,,,,,,
17 juin 2024,ULTIMATE FISHING,France |,Conception et distribution d’équipement de pêche de loisir,18,2023.0,Tourisme,SODERO (EX SODERO GESTION),SODERO (EX SODERO GESTION),15-20 M€,MBO Bis,0-20,,,,,,,,,,,,,
17 juin 2024,YAYTY,France |,ESN notamment spécialisée dans le développement produits et dans l’expérience utilisateurs (UX),2.30,2023.0,Logiciel et services informatiques,WEBNET,FONDATEUR(S),0-5 M€,Build-up,0-20,,,,,,,,,,,,,
17 juin 2024,EMENDO CAPITAL,Pays-Bas |,Boutique de fusions et acquisitions,nan,nan,nan,NATIXIS,MANAGER(S),0-20 M€,Minoritaire,n.d.,,,,,,,,,,,,,
17 juin 2024,ALSTOM,France |,Conception et fabrication de de matériel roulant et d'infrastructures ferroviaires (locomotives,17 600,2024.0,nan,BPIFRANCE INVESTISSEMENT,nan,>1000 M€,Augmentation de capital,nan,,,,,,,,,,,,,
17 juin 2024,STEERLAB,France |,Créateur d'une solution d'IA permettant de répondre automatiquement aux appels d'offres ainsi qu'aux questionnaires de sécurité associés,nan,nan,Logiciel et services informatiques,DREAMCRAFT VENTURES,nan,5-10 M€,Amorçage (seed),nan,,,,,,,,,,,,,
17 juin 2024,E-MEDIA CONCEPT (PLATEFORMES M-HA...,France |,- M-Habitat.fr : conseils pratiques en décoration,nan,nan,Média,LEADS.IO,MANAGER(S),0-20 M€,M&A Corporate,0-20,,,,conseils en matière de construction,,,,,,,,,
17 juin 2024,BIOGENIE (ACTIVITES DE TRAITEMENT...,Canada |,Activité d'Englobe Corp qui exploite des installations de traitement des sols,122.10,2023.0,Environnement & CleanTechs,ORTEC GROUPE,n.d.,150-250 M€,Carve-out,150-250,,,,,,,,,,,,,
17 juin 2024,NATIXIS PARTNERS BELGIUM (ANCIENN...,Belgique |,Boutique de fusions et acquisitions,nan,nan,nan,NATIXIS,MANAGER(S),0-20 M€,Minoritaire,n.d.,,,,,,,,,,,,,
17 juin 2024,ECO SPECIAL WASTE MANAGEMENT (ECO...,Singapour |,Gestion des déchets de Singapour,66.23,2023.0,Environnement & CleanTechs,SÉCHÉ ENVIRONNEMENT,BEIJING CAPITAL ECO-ENV...,417 M€,M&A (Int'l),nan,,,,,,,,,,,,,
17 juin 2024,OMI,France |,Éditeur d'une solution - basée sur l'IA - de modélisation 3D à partir de photos et vidéos à des fins marketing,0.48,2023.0,Logiciel et services informatiques,DAWN CAPITAL,nan,52 M€,2e tour,nan,,,,,,,,,,,,,
17 juin 2024,FRONT-COMMERCE (PROGRESSIVE WEB I...,France |,Solution logicielle visant à accélérer les performances des boutiques en lignes,nan,nan,Logiciel et services informatiques,LUNDI MATIN,M CAPITAL PARTNERS,0-5 M€,Retournement,0-5,,,,,,,,,,,,,
17 juin 2024,ULTIMATE FISHING,France |,Conception et distribution d’équipement de pêche de loisir,18,2023.0,Tourisme,SODERO (EX SODERO GESTION),SODERO (EX SODERO GESTION),15-20 M€,MBO Bis,0-20,,,,,,,,,,,,,
17 juin 2024,YAYTY,France |,ESN notamment spécialisée dans le développement produits et dans l’expérience utilisateurs (UX),2.30,2023.0,Logiciel et services informatiques,WEBNET,FONDATEUR(S),0-5 M€,Build-up,0-20,,,,,,,,,,,,,
15 juin 2024,APPVIZER (CLOUD IS MINE),France |,Comparateur de logiciels en ligne,nan,nan,Internet & ecommerce,SOFTONIC,FONDATEUR(S),0-20 M€,Sortie M&A Corporate,n.d.,,,,,,,,,,,,,
15 juin 2024,BIB BATTERIES,France |,Édition d'une solution logicielle d'analyse de l'état des batteries électriques,nan,nan,Logiciel et services informatiques,FAMILY VENTURES,nan,5-10 M€,Amorçage (seed),nan,,,,,,,,,,,,,
15 juin 2024,STIRWELD,France |,Soudage par friction malaxage,2.60,2023.0,Produits & Services industriels,EPOPEE GESTION,nan,15-20 M€,1er tour,nan,,,,,,,,,,,,,
14 juin 2024,HUTTOPIA,France |,Concepteur et opérateur de campings-nature,113,2023.0,Tourisme,GROUPAMA ASSET MANAGEMENT,n.d.,n.d.,Financement,nan,,,,,,,,,,,,,
14 juin 2024,UV BOOSTING,France |,Créateur d'un appareil agricole utilisant l'ultraviolet comme traitement préventif et solution alternative aux pesticides,nan,nan,Electronique & Informatique,KUBOTA,nan,20-50 M€,2e tour,0-5,,,,,,,,,,,,,
14 juin 2024,BLOOM ALTERNANCE,France |,Plateforme de recrutement d’alternants et de stagiaires,nan,nan,Internet & ecommerce,PARIS BUSINESS ANGELS (...,nan,0-20 M€,Amorçage (seed),nan,,,,,,,,,,,,,
14 juin 2024,ODASEVA TECHNOLOGIES,France |,Éditeur d'une plateforme de gestion et sauvegarde de données cloud,nan,nan,Logiciel et services informatiques,SILVER LAKE,nan,250-500 M€,3e tour,nan,,,,,,,,,,,,,
14 juin 2024,STARFISH BIOSCIENCE,France |,Développement de solutions microbiologiques pour l'agriculture et la viticulture,nan,nan,nan,IRDI CAPITAL INVESTISSE...,nan,0-20 M€,Amorçage (seed),nan,,,,,,,,,,,,,
14 juin 2024,VIDELIO (EX IEC GROUP),France |,Intégrateur de solutions audiovisuelles (équipement audiovisuel / lumineux des navires de croisière,359,2023.0,Média,TREVISE PARTICIPATIONS,HIVEST CAPITAL PARTNERS,150-250 M€,LBO Bis,n.d.,,,,,,,,,,,,,
14 juin 2024,STID,France |,Développement de solutions d'identification sans contact,29,2023.0,Electronique & Informatique,CAPITAL CROISSANCE,MANAGER(S),70 M€,Augmentation de capital,nan,,,,,,,,,,,,,
14 juin 2024,MOBIVIA GROUPE (EX NORAUTO GROUPE),France |,Entretien et équipement automobile,3 600,2023.0,Automobile,BANQUE POPULAIRE DU NORD,n.d.,n.d.,Refinancement,nan,,,,,,,,,,,,,
14 juin 2024,CERISE TECHNIQUES,France |,Expert de l'installation,4.60,2023.0,nan,HOMESERVE,FONDATEUR(S),0-20 M€,Build-up international,0-20,,,,,,,,,,,,,
14 juin 2024,LES RECYCLEURS BRETONS,France |,Collecte et valorisation des déchets,48,2023.0,Environnement & CleanTechs,PAPREC,FONDATEUR(S),0-20 M€,Build-up,n.d.,,,,,,,,,,,,,
13 juin 2024,LBI SYSTEMS,France |,Spécialisée dans la commercialisation et la mise en place de solutions informatiques et audiovisuelles auprès des entreprises et établissements scolaires.,nan,nan,Logiciel et services informatiques,SAM INFORMATIQUE,MANAGER(S),n.d.,M&A Corporate,n.d.,,,,,,,,,,,,,
13 juin 2024,NHOA,Italie |,Systèmes de stockage d’énergie à base d’hydrogène,nan,nan,nan,TCC (TAIWAN CEMENT CORP...,EURONEXT (BOURSE),n.d.,OPA,n.d.,,,,,,,,,,,,,
13 juin 2024,EXPORT IMPORT SERVICES,États-Unis |,Logistique de transport par air,nan,nan,nan,SHARE LOGISTICS,n.d.,n.d.,Build-up international,n.d.,,,,,,,,,,,,,
13 juin 2024,CAFES FOLLIET,France |,Torréfaction et vente de café,70,2023.0,nan,IDIA CAPITAL INVESTISSE...,MANAGER(S),50-150 M€,LBO Primaire,n.d.,,,,,,,,,,,,,
13 juin 2024,OLYZON,France |,Édition de solutions logicielles de diffusion de campagnes publicitaires sur les téléviseurs connectés,nan,nan,Logiciel et services informatiques,EURAZEO,nan,10-15 M€,Amorçage (seed),nan,,,,,,,,,,,,,
13 juin 2024,BAYLE INDUSTRIES,France |,Conception,3,2023.0,nan,COOPELIA  (COOPERATIVE ...,GROUPE SOFILAB LA BUVETTE,0-5 M€,M&A Corporate,0-5,,,,,,,,,,,,,
13 juin 2024,REFLEXE MS,France |,Gestion des infrastructures informatiques,2.60,2023.0,Logiciel et services informatiques,HELPLINE,MANAGER(S),0-20 M€,M&A Corporate,0-20,,,,,,,,,,,,,
13 juin 2024,DON'T CALL ME JENNYFER (STOCK J B...,France |,Enseigne de mode féminine,250,2023.0,Textile,SINOPROUD,MANAGER(S),15 M€,Retournement,nan,,,,,,,,,,,,,
13 juin 2024,APTIC,France |,Cabinet de recrutement spécialisé d’une part sur la chasse de tête pour des profils « top et middle-management » et d’autre part sur le recrutement permanent et non-permanent pour le segment du « mid-market »,10,2023.0,Services & Conseil aux entreprises,SOFIOUEST,MANAGER(S),10-15 M€,MBO,n.d.,,,,,,,,,,,,,
13 juin 2024,RENDESCO,Royaume-Uni |,Société de conception,nan,nan,nan,CLEAN GROWTH FUND,nan,20-50 M€,Augmentation de capital,nan,,,,,,,,,,,,,
13 juin 2024,L'OPINION (BEY MEDIAS),France |,Médias multi supports,nan,nan,Média,CMI FRANCE,MANAGER(S),n.d.,Opération avortée,n.d.,,,,,,,,,,,,,
13 juin 2024,GROUPE URBAN (URBAN SOCCER/URBAN ...,France |,Groupe de centres de football à 5 et de padel,48,2024.0,Tourisme,COMPAGNIE DES ALPES (CDA),MANAGER(S),157 M€,M&A Corporate,nan,,,,,,,,,,,,,
12 juin 2024,NAJAR (EX WELII),France |,Pilotage et optimisation des investissements Saas pour les entreprises,nan,nan,Logiciel et services informatiques,13BOOKS CAPITAL,nan,20-50 M€,1er tour,nan,,,,,,,,,,,,,
12 juin 2024,SOGEC,France |,Cabinet d'expertise comptable,5,2023.0,nan,ORCOM,MANAGER(S),0-20 M€,M&A Corporate,0-20,,,,,,,,,,,,,
12 juin 2024,BIOTECH OPEN PLATFORM,France |,Plateforme industrielle ouverte d’innovation biotechnologique autour de la fermentation de précision,nan,nan,nan,MICHELIN,n.d.,0-20 M€,M&A (Joint Venture),nan,,,,,,,,,,,,,
12 juin 2024,LES CARTONNAGES GOURIO,France |,Conception de packaging carton,5.75,2019.0,Produits & Services industriels,nan,MANAGER(S),0-20 M€,M&A Corporate,0-20,,,,,,,,,,,,,
12 juin 2024,ACTIVITÉ D'EXTRAITS DE LEVURE DE ...,Suisse |,Activité d’extraits de levures de DSM-Firmenich.,nan,nan,nan,LESAFFRE,DSM-FIRMENICH,n.d.,Carve-out,n.d.,,,,,,,,,,,,,
12 juin 2024,JEROME DREYFUSS,France |,Maroquinerie haut de gamme : sacs et accessoires pour femme (pochettes,20,2023.0,Textile,CAP INVEST (LUXEMBOURG),FONDATEUR(S),20-50 M€,LBO Primaire,0-20,,,,,,,,,,,,,
12 juin 2024,SHARETHROUGH,Canada |,Plateforme de monétisation des publicités en ligne,54,2023.0,Logiciel et services informatiques,EQUATIV (EX SMART),INVESTISSEMENT QUEBEC,50-150 M€,Build-up international,50-150,,,,,,,,,,,,,
12 juin 2024,LOCSERVICE,France |,Plateforme de location et colocation entre particuliers,nan,nan,Internet & ecommerce,nan,FONDATEUR(S),10-15 M€,BIMBO,0-20,,,,,,,,,,,,,
12 juin 2024,PACOVIS,Suisse |,fournisseur de solutions intégrées pour l'industrie alimentaire et le secteur de la gastronomie,258,2023.0,nan,CREDIT MUTUEL EQUITY,PERSONNE(S) PHYSIQUE(S),150-250 M€,Cession de titres,n.d.,,,,,,,,,,,,,
12 juin 2024,DIVERTO,Croatie |,Fournisseur de services et de solutions de cybersécurité,6.60,2022.0,Logiciel et services informatiques,MARLINK,MANAGER(S),0-20 M€,Build-up international,n.d.,,,,,,,,,,,,,
12 juin 2024,CQFD,France |,La société conçoit,30,2023.0,Immobilier & construction,BRICONORD,MANAGER(S),n.d.,Build-up,n.d.,,,,,,,,,,,,,
12 juin 2024,ATLANTIC JOINT,France |,Solutions d'étanchéité +activité de négoce de joints,3,2023.0,Produits & Services industriels,ORIGIN SEAL GROUP (EX-E...,MANAGER(S),0-20 M€,Build-up,0-20,,,,,,,,,,,,,
11 juin 2024,NAMASTE (GROUPE NICOLAS FOLL - BR...,France |,Vente livraison montage et installation de meubles,nan,nan,Services & Biens de consommation,nan,n.d.,10-15 M€,MBO,10-15,,,,,,,,,,,,,
11 juin 2024,MERCATEAM,France |,Solution de gestion de planning et de formation opérationnelle,nan,nan,Logiciel et services informatiques,TERNEL (EX MAIF AVENIR),nan,15-20 M€,1er tour,nan,,,,,,,,,,,,,
11 juin 2024,ATOS WORLDGRID,France |,Société de conseil et d'ingénierie spécialisée dans le secteur de l’énergie et des services publics,170,2023.0,Services & Conseil aux entreprises,ALTEN,ATOS,270 M€,M&A Corporate,nan,,,,,,,,,,,,,
11 juin 2024,CARTONNAGES DE GASCOGNE (CAISSERI...,France |,Fabricant d’emballages en carton ondulé,6,2023.0,Produits & Services industriels,GROUPE ATRIA,ACTIONNAIRES FAMILIAUX,n.d.,M&A Corporate,n.d.,,,,,,,,,,,,,
11 juin 2024,VASS,Australie |,Fabricant des busbars (solutions pour la distribution de courant à haute intensité et la connexion des batteries et des équipements CC) principalement à destination des datacenters,nan,nan,Média,LEGRAND,n.d.,n.d.,M&A (Int'l),n.d.,,,,,,,,,,,,,
11 juin 2024,MISTRAL AI,France |,Développeur de modèles d'intelligence artificielle générative,nan,nan,Logiciel et services informatiques,DIGITAL SKY TECHNOLOGIE...,nan,5 800 M€,2e tour,nan,,,,,,,,,,,,,
11 juin 2024,ADCYTHERIX,France |,Biotech cherchant à développer des ADC (anticorps conjugués),nan,nan,nan,PONTIFAX VENTURE CAPITAL,nan,n.d.,Amorçage (seed),nan,,,,,,,,,,,,,
11 juin 2024,BEREAL,France |,Réseau social de partage de photos,nan,nan,Internet & ecommerce,VOODOO,FONDATEUR(S),500 M€,M&A Corporate,nan,,,,,,,,,,,,,
11 juin 2024,SIMPLY BEARINGS,Royaume-Uni |,Fournisseur en ligne de roulements et de joints au Royaume-Uni,6,2023.0,Internet & ecommerce,ROLLAKIN (EX 123 ROULEM...,FONDATEUR(S),0-20 M€,Build-up international,0-20,,,,,,,,,,,,,
11 juin 2024,LANDANGER,France |,Production,40,2024.0,Produits Pharmaceutiques & matériel médical,IDIA CAPITAL INVESTISSE...,21 INVEST,150-250 M€,LBO Bis,n.d.,,,,,,,,,,,,,
11 juin 2024,COGNIGY,Allemagne |,Éditeur de solutions d’automatisation du service client basée sur l'intelligence artificielle,19.50,2023.0,Logiciel et services informatiques,EURAZEO GROWTH,nan,50-150 M€,3e tour,nan,,,,,,,,,,,,,
11 juin 2024,2AST,France |,Vente,26,2023.0,Produits & Services industriels,ISATIS CAPITAL,MANAGER(S),15 M€,LBO Primaire,5-10,,,,,,,,,,,,,
11 juin 2024,NOODDIS,France |,Conception et fabrication d'automates de conditionnement pour médicaments sous forme orale liquide,nan,nan,Electronique & Informatique,DEMETER (VOIR DEMA INVEST),nan,0-20 M€,Amorçage (seed),nan,,,,,,,,,,,,,
11 juin 2024,POLYSIGN',France |,Communication et de la signalétique.,nan,nan,Média,URBAN CONNECT,MANAGER(S),0-20 M€,M&A Corporate,0-20,,,,,,,,,,,,,
11 juin 2024,VISIATIV,France |,Solutions logicielles pour transformation numérique entreprises,277.20,2023.0,Logiciel et services informatiques,SNEF,ACTIONNAIRES,150-250 M€,OPA,150-250,,,,,,,,,,,,,
11 juin 2024,UBERTAS CONSULTING,Royaume-Uni |,Cabinet de conseil AWS spécialisé dans l’intégration des solutions cloud d’Amazon,11,2023.0,Logiciel et services informatiques,DEVOTEAM,FONDATEUR(S),n.d.,Build-up international,n.d.,,,,,,,,,,,,,
10 juin 2024,TP BESSIERE,France |,Entreprise de travaux publics spécialisée dans la réalisation,6,2023.0,Immobilier & construction,SOCIETE DE CANALISATION...,MANAGER(S),5-10 M€,M&A Corporate,5-10,,,,,,,,,,,,,
10 juin 2024,EDISER (EX ENPC-EDISER),France |,Outils pédagogiques à destination des autos-écoles,20,2023.0,Média,GALIENA CAPITAL,FLEURUS EDITIONS,20-50 M€,Spin Off,0-20,,,,,,,,,,,,,
10 juin 2024,MOLLIEX FRERES LACROIX PONCET ET ...,France |,Décolletage et mécanique de précision,11,2023.0,Produits & Services industriels,ACI GROUPE,MANAGER(S),0-20 M€,Build-up,0-20,,,,,,,,,,,,,
07 juin 2024,BEZIAU,France |,Production de viande de dinde,25,2023.0,nan,SAVEL,MANAGER(S),n.d.,M&A Corporate,n.d.,,,,,,,,,,,,,
07 juin 2024,PINPO,France |,Aide à la conversion de prospects en clients,nan,nan,Logiciel et services informatiques,OPEN CNP,nan,5-10 M€,2e tour,nan,,,,,,,,,,,,,
07 juin 2024,LA FINANCIERE D'ORION,France |,Cabinet de gestion de patrimoine (CGP),50,2023.0,nan,ARDIAN EXPANSION,SIPAREX,250-500 M€,LBO Bis,n.d.,,,,,,,,,,,,,
07 juin 2024,L'EAU VIVE,France |,Réseau de magasins alimentaires bio,46,2023.0,nan,UI INVESTISSEMENT,ACTIONNAIRES FAMILIAUX,0-5 M€,Retournement,0-5,,,,,,,,,,,,,
07 juin 2024,CRÉDIT DU MAROC (CDM),Maroc |,Banque commerciale,270,2023.0,nan,HOLMARCOM,GROUPE CREDIT AGRICOLE,n.d.,M&A (Int'l),n.d.,,,,,,,,,,,,,
07 juin 2024,GROUPE LAGARDÈRE,France |,Groupe industriel spécialisé dans les médias,8 081,2023.0,Média,VIVENDI,n.d.,n.d.,Refinancement,nan,,,,,,,,,,,,,
07 juin 2024,SDML,France |,Spécialiste en levage et équipements industriels,nan,nan,Produits & Services industriels,ACI GROUPE,MANAGER(S),n.d.,Retournement,n.d.,,,,,,,,,,,,,
07 juin 2024,GREEN SOAP COMPANY,Pays-Bas |,Conception et commercialisation de produits d’hygiène et d’entretien,nan,nan,Services & Biens de consommation,ALTAIR,FONDATEUR(S),0-20 M€,Build-up international,0-20,,,,,,,,,,,,,
06 juin 2024,GROUPE JLO,France |,Cabinet de conseil en ressources humaines,10.60,2023.0,Services & Conseil aux entreprises,APICIL,FONDATEUR(S),0-20 M€,M&A Corporate,0-20,,,,,,,,,,,,,
06 juin 2024,ACTIVITÉS DE FESTIVALS ET DE BILL...,France |,Activités de festivals et de billetterie à l’international de Vivendi,137,2023.0,Média,CTS EVENTIM,VIVENDI,300 M€,M&A (Int'l),nan,,,,,,,,,,,,,
06 juin 2024,SEDIVER,France |,Fournisseur de solutions d'isolation électrique spécialisées pour le réseau de transport haute tension,200,2023.0,Produits & Services industriels,BLACKSTONE,MANAGER(S),600 M€,LBO Bis,n.d.,,,,,,,,,,,,,
06 juin 2024,UTOPIES,France |,Conseil en RSE,7.60,2023.0,Services & Conseil aux entreprises,ALTERNEGO,FONDATEUR(S),0-20 M€,Build-up,0-20,,,,,,,,,,,,,
06 juin 2024,VERNEY CONSEIL,France |,Cabinet de conseil en gestion de patrimoine,3.50,2023.0,nan,OLIFAN GROUP,FONDATEUR(S),0-20 M€,Build-up,n.d.,,,,,,,,,,,,,
05 juin 2024,ACTIFS D'EUROPE DE L'OUEST DE BOA...,France |,Exploitation des licences des sept marques Boardriders en Europe de l'Ouest par Beaumanoir (marques de vêtements et accessoires pour les sports de glisse : Quiksilver,nan,nan,Textile,GROUPE BEAUMANOIR,AUTHENTIC BRANDS GROUP,n.d.,M&A (Int'l),n.d.,,,,,,,,,,,,,
05 juin 2024,NEWPORT CONSTRUCTION,États-Unis |,Travaux routiers et génie civil.,105,2023.0,Immobilier & construction,VINCI CONSTRUCTION,n.d.,50-150 M€,M&A (Int'l),50-150,,,,,,,,,,,,,
05 juin 2024,ENTREPRISES MARCHAND & FRERES (EMF),Canada |,Travaux routiers.,50,2023.0,Immobilier & construction,VINCI CONSTRUCTION,n.d.,n.d.,M&A (Int'l),n.d.,,,,,,,,,,,,,
05 juin 2024,KPITAINE,France |,Éditeur d’un logiciel Saas dédié à l’affichage dynamique des indicateurs de performances d'entreprise,0.30,2023.0,Logiciel et services informatiques,DEEPIDOO,FONDATEUR(S),0-5 M€,Retournement,nan,,,,,,,,,,,,,
05 juin 2024,REPORTWISE,France |,Intégration de solutions de gestion de la performance des entreprises,nan,nan,Services & Conseil aux entreprises,AVVALE,n.d.,n.d.,M&A (Int'l),n.d.,,,,,,,,,,,,,
05 juin 2024,LUNOO,Belgique |,Conception de luminaires à destination des surfaces commerciales,6,2023.0,Produits & Services industriels,LIGHTING DÉVELOPPEMENT ...,MANAGER(S),0-20 M€,Retournement,0-20,,,,,,,,,,,,,
05 juin 2024,LDLC ARENA DECINES (OL VALLEE ARENA),France |,Salle polyvalente accueillant des événements sportifs,nan,nan,Services & Biens de consommation,HOLNEST,EAGLE FOOTBALL HOLDINGS,160 M€,Carve-out,nan,,,,,,,,,,,,,
05 juin 2024,DOWNTOWN PARIS,France |,Agence de publicité dans l'univers du luxe.,nan,nan,Média,PUBLICIS GROUPE,FONDATEUR(S),n.d.,M&A Corporate,n.d.,,,,,,,,,,,,,
05 juin 2024,BIEN'ICI,France |,Site d’annonces immobilières,nan,nan,Internet & ecommerce,EVORIEL,n.d.,n.d.,Minoritaire,n.d.,,,,,,,,,,,,,
05 juin 2024,REFOREST'ACTION,France |,Conception et développement de projets de restauration des écosystèmes terrestres grâce à la reforestation et l'agroforesterie,25,2023.0,Environnement & CleanTechs,BLISCE/,BUSINESS ANGEL(S),50-150 M€,Augmentation de capital,nan,,,,,,,,,,,,,
05 juin 2024,GREENUNIVERS,France |,Média à destination des professionnels de la transition énergétique,nan,nan,Média,2050 NOW,FONDATEUR(S),0-5 M€,M&A Corporate,0-5,,,,,,,,,,,,,
05 juin 2024,PLATEFORME DE 4 CAMPINGS EN ITALIE,Italie |,Campings : Europa Camping Village (Cavallino Treporti,nan,nan,Tourisme,SANDAYA,n.d.,n.d.,Build-up international,n.d.,,,,,,,,,,,,,
05 juin 2024,KMB LABS,France |,Éditeur de logiciel d'aide au recrutement pour les services de ressources humaines,nan,nan,Logiciel et services informatiques,CEGID,FONDATEUR(S),0-20 M€,Build-up,0-20,,,,,,,,,,,,,
05 juin 2024,SANOIA,France |,Société de services à la Recherche Clinique nativement digitale et tournée vers l’expérience patient (PROMs,1.40,2023.0,Logiciel et services informatiques,ASTEK,n.d.,0-20 M€,Build-up,0-20,,,,,,,,,,,,,
05 juin 2024,SFEL,France |,Conception et la fabrication de solutions d’éclairage professionnel pour le tertiaire,5.50,2023.0,Produits & Services industriels,LIGHTING DÉVELOPPEMENT ...,FONDATEUR(S),0-20 M€,Build-up,n.d.,,,,,,,,,,,,,
04 juin 2024,TAMAHRIS,Belgique |,Conseil en SIRH (systèmes d’information pour les ressources humaines),nan,nan,Services & Conseil aux entreprises,ACT-ON GROUP,FONDATEUR(S),0-5 M€,Build-up international,nan,,,,,,,,,,,,,
04 juin 2024,BANQUE DEGROOF PETERCAM,Belgique |,Banque d'affaires et de gestion belge,559,2022.0,nan,INDOSUEZ WEALTH MANAGEMENT,MANAGER(S),1 550 M€,M&A (Int'l),nan,,,,,,,,,,,,,
04 juin 2024,ACTIVITÉS DAPI DE SMABTP,France |,Activités de DAPI (Direction des Assurances des Professionnels de l’Immobilier),50,2023.0,nan,GALIAN-SMABTP,SMABTP (VOIR GALIAN-SMA...,50-150 M€,Fusion,n.d.,,,,,,,,,,,,,
04 juin 2024,ITESOFT,France |,Éditeur de logiciels de dématérialisation de documents,20.50,2023.0,Logiciel et services informatiques,SF2I,EURONEXT (BOURSE),20-50 M€,Retrait de cote,n.d.,,,,,,,,,,,,,
04 juin 2024,GROUPE DUGARDIN (DUGARDIN INVESTI...,France |,Distribution automobile dans les départements du Nord et du Pas de Calais,175,2023.0,nan,GRANDS GARAGES DU PAS D...,MANAGER(S),n.d.,M&A Corporate,n.d.,,,,,,,,,,,,,
04 juin 2024,SN ROXLOR (EX ROXLOR),France |,Fabrication de gélules en France à destination des laboratoires pharmaceutiques et diététiques.,nan,nan,Produits Pharmaceutiques & matériel médical,NEOPAR,ROXLOR LLC,0.25 M€,Retournement,nan,,,,,,,,,,,,,
04 juin 2024,WAX,France |,Éditeur d'un logiciel Saas de marketing conversationnel sur WhatsApp,nan,nan,Logiciel et services informatiques,50 PARTNERS CAPITAL,nan,0-20 M€,Amorçage (seed),nan,,,,,,,,,,,,,
04 juin 2024,AMBER PLASMA,République tchèque |,Spécialiste dans l'ouverture et la gestion de centres de collecte de plasma en République tchèque,nan,nan,Santé,LFB,MANAGER(S),n.d.,M&A (Int'l),n.d.,,,,,,,,,,,,,
04 juin 2024,BIGOT MECANIQUE SOPRAM,France |,Sous-traitance mécanique pour l'industrie aéronautique,nan,nan,Automobile,MONTEIRO (GROUPE M),n.d.,n.d.,M&A Corporate,n.d.,,,,,,,,,,,,,
04 juin 2024,ERAMET,France |,Extraction de métaux non ferreux,3 250,2023.0,Matières premières & industries de base (minerais,EURONEXT (BOURSE),n.d.,>1000 M€,Emission obligataire,nan,,,,,,,,,,,,,
04 juin 2024,PARAVOL (VOIR BICYCODE),France |,Opérateur de marquage des vélos,nan,nan,Logiciel et services informatiques,BICYCODE (DONT PARAVOL),n.d.,0-20 M€,M&A Corporate,0-20,,,,,,,,,,,,,
04 juin 2024,BESTIMAGE,France |,Agence photographique spécialisée dans la presse people,nan,nan,Média,NICE MATIN,FONDATEUR(S),0-20 M€,M&A Corporate,n.d.,,,,,,,,,,,,,
04 juin 2024,ENDEXAR,France |,ESN offrant des prestations de conseil,8.40,2023.0,Logiciel et services informatiques,CONSTELLATION,FONDATEUR(S),20-50 M€,Build-up,n.d.,,,,,,,,,,,,,
03 juin 2024,GROUPE GAY,France |,Boulangeries franchisées Ange,nan,nan,nan,BOULANGERIES ANGE,MANAGER(S),0-5 M€,MBO,0-5,,,,,,,,,,,,,
03 juin 2024,NEURAL CONCEPT,Suisse |,Plateforme d'ingénierie et de conception assistée par ordinateur et basée sur l’IA,nan,nan,Logiciel et services informatiques,DE SHAW  & CO LP,nan,n.d.,2e tour,nan,,,,,,,,,,,,,
03 juin 2024,L'EPOPEE FACTORY,France |,Société Civile Immobilière.,nan,nan,Immobilier & construction,AMUNDI FINANCE ET SOLID...,nan,n.d.,Augmentation de capital,n.d.,,,,,,,,,,,,,
03 juin 2024,QADVIS,Suède |,Gestion de la qualité,nan,nan,Services & Conseil aux entreprises,LABQUALITY,n.d.,0-20 M€,Build-up international,0-20,,,,,,,,,,,,,
03 juin 2024,AKTUEL,France |,Loueur de mobilier événementiel,nan,nan,Média,ALIVE GROUPE,MANAGER(S),n.d.,Build-up,n.d.,,,,,,,,,,,,,
03 juin 2024,INVEST CONSULTING,France |,Cabinet de conseil en gestion de patrimoine,nan,nan,nan,ASTORIA FINANCE,n.d.,n.d.,Build-up,n.d.,,,,,,,,,,,,,
03 juin 2024,KAHE NAUTIC,France |,Concepteur de moteurs électriques pour le secteur nautique,0.50,2023.0,Automobile,TUDIGO (EX BULB IN TOWN),nan,12.60 M€,Amorçage (seed),nan,,,,,,,,,,,,,
03 juin 2024,PLIOPS,Israël |,Créateur d'un moteur hardware d'amélioration de traitement de données,nan,nan,Electronique & Informatique,KALRAY,MANAGER(S),n.d.,Opération avortée,n.d.,,,,,,,,,,,,,
03 juin 2024,JV NOVAIR/AMERICAN OXYGEN (ROISSY...,France |,Fabrication des générateurs d’oxygène ionique,nan,nan,Matières premières & industries de base (minerais,NOVAIR,n.d.,0-20 M€,M&A (Joint Venture),0-20,,,,,,,,,,,,,
03 juin 2024,ALLEGO,Pays-Bas |,Solution de recharge des véhicules électriques européens,145.50,2023.0,Environnement & CleanTechs,MERIDIAM,BOURSE ETRANGERE,150-250 M€,OPA,nan,,,,,,,,,,,,,
03 juin 2024,JV NOVAIR/AMERICAN OXYGEN (BUFFAL...,États-Unis |,Fabrication des générateurs d’oxygène ionique,nan,nan,Matières premières & industries de base (minerais,NOVAIR,n.d.,0-20 M€,M&A (Joint Venture),0-20,,,,,,,,,,,,,
03 juin 2024,ORIENT EXPRESS,France |,Exploitation compagnie de trains de luxe (dont Orient Express et Venice Simplon-Orient-Express),nan,nan,Tourisme,LVMH,ACCOR,n.d.,Minoritaire,n.d.,,,,,,,,,,,,,
03 juin 2024,TDS ENTREPRISE (EX EASYLIFE),France |,Conciergerie d'entreprise,12,2023.0,Services & Conseil aux entreprises,CAPITEM PARTENAIRES,nan,0-20 M€,Augmentation de capital,0-5,,,,,,,,,,,,,
03 juin 2024,SYMBIOS ORTHOPEDIE,France |,Conception d'implants orthopédiques,nan,nan,Produits Pharmaceutiques & matériel médical,KARTESIA,nan,50-150 M€,Augmentation de capital,n.d.,,,,,,,,,,,,,
03 juin 2024,ACTIVITÉ TRAITEUR VÉGÉTAL D'OLGA,France |,Pôle traiteur végétal d'Olga,12,2023.0,nan,ARIV,OLGA (EX TRIBALLAT NOYAL),0-20 M€,Carve-out,0-20,,,,,,,,,,,,,
03 juin 2024,PRIX-POSE.COM (AMPIXIA),France |,Plateforme en ligne qui permet aux utilisateurs d'estimer le coût de leurs travaux et de se mettre en contact avec des professionnels.,n.d.,nan,Internet & ecommerce,LEADS.IO,MANAGER(S),0-20 M€,M&A (Int'l),0-20,,,,,,,,,,,,,
03 juin 2024,DINMO,France |,Éditeur d’une plateforme no-code de gestion des données clients pour les entreprises,nan,nan,Logiciel et services informatiques,468 CAPITAL,nan,15-20 M€,1er tour,nan,,,,,,,,,,,,,
03 juin 2024,MD ENERGIES,France |,Réparateur de robinetteries et machines tournantes.,nan,nan,Produits & Services industriels,BOCCARD,n.d.,n.d.,M&A Corporate,n.d.,,,,,,,,,,,,,
03 juin 2024,CINTOO,France |,Éditeur de logiciels de gestion des données 3D dans le cloud pour l'architecture,nan,nan,Logiciel et services informatiques,PARTECH,INVESTISSEURS HISTORIQUES,50-150 M€,3e tour,nan,,,,,,,,,,,,,
03 juin 2024,EXOSENS (EX PHOTONIS),France |,Fournisseur d'équipements électro-optiques (technologies d'amplification,318.80,2023.0,Electronique & Informatique,EURONEXT (BOURSE),GROUPE HLD,1 150 M€,IPO,nan,,,,,,,,,,,,,
03 juin 2024,LABELYS,France |,Fabricant d'étiquettes,170,2023.0,Produits & Services industriels,EMZ PARTNERS (EX EUROME...,n.d.,n.d.,Financement,n.d.,,,,,,,,,,,,,
03 juin 2024,MOVIVOLT,France |,Location de longue durée de voitures et de véhicules automobiles légers,nan,nan,nan,BANQUE DES TERRITOIRES,nan,n.d.,Augmentation de capital,nan,,,,,,,,,,,,,
03 juin 2024,NEOSILVER,France |,Plateforme de création et gestion d'activités pour les seniors.,5,2023.0,Internet & ecommerce,MIROVA,nan,0-20 M€,1er tour,nan,,,,,,,,,,,,,
03 juin 2024,ACTIVITÉS VOLVO DU GROUPE DUGARDIN,France |,Activités de distribution de la marque Volvo,30,2023.0,nan,GROUPE LEMPEREUR,GROUPE DUGARDIN (DUGARD...,n.d.,Carve-out,n.d.,,,,,,,,,,,,,
03 juin 2024,ACTIVITE ETATS DES LIEUX DE SPHER...,France |,Branche état des lieux de Spher Immobilier,nan,nan,Logiciel et services informatiques,FLATSY,SPHER IMMOBILIER,0-20 M€,Carve-out,0-20,,,,,,,,,,,,,
03 juin 2024,EDF,France |,Producteur d'électricité,139 700,2023.0,nan,BANQUE EUROPEENNE D'INV...,n.d.,n.d.,Emission obligataire,nan,,,,,,,,,,,,,
03 juin 2024,SCALINGO,France |,Service d’hébergement cloud et offre Paas (Platform as a Service) destinés aux développeurs d’applications,nan,nan,Logiciel et services informatiques,SIDE ANGELS,nan,0-5 M€,1er tour,0-5,,,,,,,,,,,,,
03 juin 2024,EMERSIO,France |,Plateforme de business intelligence prédictive pour les professionnels du secteur financier,nan,nan,Logiciel et services informatiques,MY UNISOFT,BUSINESS ANGEL(S),0-5 M€,M&A Corporate,0-5,,,,,,,,,,,,,
03 juin 2024,GREENSPOT,France |,Opérateur de bornes de recharge,nan,nan,Environnement & CleanTechs,OCCTE (AREC OCCITANIE),nan,n.d.,Augmentation de capital,nan,,,,,,,,,,,,,
03 juin 2024,PARAVOL (VOIR BICYCODE),France |,Opérateur de marquage des vélos,nan,nan,Logiciel et services informatiques,ROOLE (EX IDENTICAR),FONDATEUR(S),0-20 M€,M&A Corporate,0-20,,,,,,,,,,,,,
03 juin 2024,UBIKAP,France |,Éditeur d'un logiciel de numérisation du secrétariat juridique des entreprises,nan,nan,Logiciel et services informatiques,HUB612 PARTICIPATIONS (...,nan,0-20 M€,Amorçage (seed),nan,,,,,,,,,,,,,
03 juin 2024,MARCEL,France |,Plateforme de réservation de VTC,nan,nan,nan,LECAB (EX-SNAPCAR),BYMYCAR (COSMOBILIS),0-20 M€,M&A Corporate,n.d.,,,,,,,,,,,,,
03 juin 2024,PRO-FERMETURES,France |,Rénovation d’habitat et installation de fenêtres,16.50,2023.0,Immobilier & construction,GROUPE LORILLARD,MANAGER(S),0-20 M€,Build-up,0-5,,,,,,,,,,,,,
03 juin 2024,CAS EVENT,France |,Location de matériel audiovisuel pour enregistrer et retransmettre des d’évènements (salons,2,2023.0,Média,MATCHEVENT,FONDATEUR(S),0-5 M€,Build-up,0-5,,,,,,,,,,,,,
03 juin 2024,PALAZZI AGENCY,Italie |,Service de transport de luxe en voiture particulière avec chauffeur,20,2023.0,nan,CHABÉ (EX CHABÉ LIMOUSI...,MANAGER(S),n.d.,Build-up international,n.d.,,,,,,,,,,,,,
03 juin 2024,COM'ON,France |,Édition de solutions de développement web (sites internet,1.20,2023.0,Internet & ecommerce,GROUPE COHÉRENCE,FONDATEUR(S),0-20 M€,Build-up,0-20,,,,,,,,,,,,,
03 juin 2024,DELTA METAL,France |,"-Delta Métal : Fabrication d'éléments de fixations métallurgiques tels que la boulonnerie et la visserie. L'entreprise réalise 40% de son activité dans le secteur nucléaire.
- Effitech : Laboratoire spécialisé dans les tests qualité au sein de l'industrie.",15,2023.0,Produits & Services industriels,ALFEOR,MANAGER(S),0-20 M€,Build-up,0-20,,,,,,,,,,,,,
03 juin 2024,AMERICAN OXYGEN,États-Unis |,Conception et fabrication d'un générateur d’oxygène ionique,nan,nan,Matières premières & industries de base (minerais,NOVAIR,FONDATEUR(S),0-20 M€,Build-up international,0-20,,,,,,,,,,,,,
03 juin 2024,PRODWARE INNOVATION & DESIGN,France |,Développeur de logiciels Autodesk,20,2023.0,Logiciel et services informatiques,GRAITEC,PRODWARE,0-20 M€,Carve-out,n.d.,,,,,,,,,,,,,
03 juin 2024,LA MINUT'RIT,France |,Conciergerie à destination des plus petites entreprises,3,2023.0,Services & Conseil aux entreprises,TDS ENTREPRISE (EX EASY...,FONDATEUR(S),0-20 M€,Build-up,0-20,,,,,,,,,,,,,
03 juin 2024,DAVENHAM,Irlande |,Spécialiste des systèmes de distribution de puissance basse tension (protection,120,2023.0,Produits & Services industriels,LEGRAND,n.d.,n.d.,M&A (Int'l),n.d.,,,,,,,,,,,,,
01 juin 2024,LANTANA LOIRAT PAYSAGE,France |,Aménagement paysager,nan,nan,Services & Biens de consommation,DOMOCARE (EX LANTANA PA...,n.d.,0-20 M€,M&A Corporate,0-20,,,,,,,,,,,,,
01 juin 2024,FPSA,France |,Injection des thermoplastiques et de la fonderie sous-pression Zamak,20,2023.0,Produits & Services industriels,nan,ACTIONNAIRES FAMILIAUX,20-50 M€,M&A Corporate,20-50,,,,,,,,,,,,,
01 juin 2024,OPTIM TECHNOLOGIES,France |,Fabricant de machines spéciales adaptées aux environnements industriels contraints,nan,nan,Produits & Services industriels,BOCCARD,n.d.,n.d.,M&A Corporate,n.d.,,,,,,,,,,,,,
01 juin 2024,OTSERVICES,France |,Entreprise de nettoyage à destination des entreprises,1,2023.0,Services & Conseil aux entreprises,ECHOPROPRE (ECHO),MANAGER(S),0-20 M€,M&A Corporate,0-20,,,,,,,,,,,,,
01 juin 2024,PHI INVESTMENT MANAGERS (PHI IM),France |,Conseil en Gestion de patrimoine,nan,nan,nan,AURIS GESTION,MANAGER(S),0-5 M€,Build-up,0-5,,,,,,,,,,,,,
01 juin 2024,KPI GROUPE,France |,Groupe d'expertise en assurance automobile,29,2023.0,nan,CREATIV'EXPERTIZ,MANAGER(S),20-50 M€,Build-up,n.d.,,,,,,,,,,,,,
31 mai 2024,ORIS GROUP (HAIRDIS),Belgique |,Distribution de produits capillaires et d’esthétique,nan,nan,nan,YUMI BEAUTY FRANCE,MANAGER(S),5-10 M€,Build-up,n.d.,,,,,,,,,,,,,
31 mai 2024,SHOCKWAVE MEDICAL,États-Unis |,Instruments médicaux intravasculaire pour patients atteints calcification cardiovasculaire,680.90,2023.0,Produits Pharmaceutiques & matériel médical,JOHNSON & JOHNSON (J&J),SOFINNOVA PARTNERS,12 117 M€,OPA,nan,,,,,,,,,,,,,
31 mai 2024,APIDAY,France |,Solution logicielle visant à simplifier le suivi et l’analyse des données ESG des entreprises,nan,nan,Logiciel et services informatiques,DAPHNI,nan,20-50 M€,1er tour,nan,,,,,,,,,,,,,
31 mai 2024,AD HOMINEM,France |,Recrutement,nan,nan,Services & Conseil aux entreprises,ACTUA,n.d.,0-20 M€,M&A Corporate,0-20,,,,,,,,,,,,,
31 mai 2024,SPORTYTOTE (HONORE GAMING),France |,Éditeur de solutions Saas destinées aux opérateurs de jeux régulés et aux États voulant digitaliser leur économie,28,2023.0,Logiciel et services informatiques,AGILACAPITAL (EX AGILAG...,PERSONNE(S) PHYSIQUE(S),50-150 M€,Cession de titres,nan,,,,,,,,,,,,,
31 mai 2024,ACTIVITÉS NUCLÉAIRES DE GENERAL E...,France |,Activités de maintenance et de fabrication des turbines Arabelle,nan,nan,nan,EDF,GENERAL ELECTRIC,n.d.,M&A (Int'l),n.d.,,,,,,,,,,,,,
31 mai 2024,BIOPHTA (BIOADHESIVE OPHTALMICS),France |,Développement d'un patch hydrogel à base de biopolymères pour le traitement des maladies oculaires.,nan,nan,nan,UI INVESTISSEMENT,nan,10-15 M€,Amorçage (seed),nan,,,,,,,,,,,,,
31 mai 2024,ASCOMETAL FOS-SUR-MER,France |,Fabrication d’aciers spéciaux notamment à destination des marchés de l’automobile/forge,nan,nan,Produits & Services industriels,MARCEGAGLIA,ASCOMETAL (ASCO INDUSTR...,n.d.,Retournement,n.d.,,,,,,,,,,,,,
31 mai 2024,PICKAW,France |,Plateforme d'organisation de concours sur les réseaux sociaux.,nan,nan,Logiciel et services informatiques,IC GROUP,MANAGER(S),0-20 M€,M&A (Int'l),0-20,,,,,,,,,,,,,
31 mai 2024,UROMEMS,France |,Sphincter urinaire artificiel,nan,nan,Produits Pharmaceutiques & matériel médical,CREDIT MUTUEL INNOVATION,nan,150-250 M€,3e tour,nan,,,,,,,,,,,,,
31 mai 2024,CELLIFE,Finlande |,Diagnostics avancés,0.20,2023.0,Electronique & Informatique,VENTECH,nan,0-20 M€,1er tour,nan,,,,,,,,,,,,,
31 mai 2024,LUCKY CART,France |,Analyse et exploitation des données des tickets de caisse pour comprendre les habitudes de consommation,12,2023.0,Internet & ecommerce,THE MOON VENTURE,PARTECH,20-50 M€,Cession de titres,nan,,,,,,,,,,,,,
31 mai 2024,OPTIKAN,France |,Concepteur d'un scanner de contrôle qualité à destination des industriels,nan,nan,Electronique & Informatique,TECHNO'START,nan,0-20 M€,Amorçage (seed),nan,,,,,,,,,,,,,
31 mai 2024,SYNALABS,France |,Services d'infrastructures cloud et d'infogérance,1.50,2023.0,Logiciel et services informatiques,PADOK,FONDATEUR(S),1.20 M€,M&A Corporate,nan,,,,,,,,,,,,,
31 mai 2024,GROUPE HUNGRY (HUNGRY AND FOOLISH...,France |,Groupe de communication indépendant HUNGRY,18,2023.0,Média,LT CAPITAL,MANAGER(S),15-20 M€,OBO,nan,,,,,,,,,,,,,
31 mai 2024,TFMO (TRANSPORTS FRIGORIFIQUES DE...,France |,Transporteur de produits sanitaires et alimentaires sous température dirigée,33,2023.0,nan,H.ESSERS,MANAGER(S),n.d.,M&A (Int'l),n.d.,,,,,,,,,,,,,
31 mai 2024,MIDIPILE,France |,Véhicules utilitaires écologiques,nan,nan,Automobile,TEAM FOR THE PLANET (EX...,nan,0-20 M€,Amorçage (seed),nan,,,,,,,,,,,,,
31 mai 2024,GROUND TRANSPORTATION SYSTEMS (GT...,France |,Pôle de systèmes de transports terrestres de Thales : systèmes de signalisation ferroviaire et de contrôle des trains,1 800,2023.0,nan,HITACHI RAIL,THALES GROUP,1 660 M€,M&A (Int'l),nan,,,,,,,,,,,,,
31 mai 2024,KEOSYS,France |,Evaluation de l’efficacité de candidats médicaments à partir de données issues de l’imagerie dans le cadre d’essais cliniques en oncologie,nan,nan,Santé,BANOOK,JMC INVESTMENT,0-20 M€,Build-up,0-20,,,,,,,,,,,,,
31 mai 2024,B.RESEARCH,Australie |,Plateforme de services eCOA (traitement des données collectées auprès des patients via des questionnaires électroniques),nan,nan,Santé,BANOOK,ALIRA HEALTH,n.d.,Carve-out,n.d.,,,,,,,,,,,,,
31 mai 2024,WERECRUIT,France |,Développement de logiciels de recrutement (ATS) full web,2.80,2023.0,Logiciel et services informatiques,SEPTEO,MANAGER(S),0-20 M€,Build-up,n.d.,,,,,,,,,,,,,
30 mai 2024,ENOVATION,Pays-Bas |,Spécialiste des logiciels de la santé connectée et de l'assistance à l'autonomie,60,2023.0,Logiciel et services informatiques,LEGRAND,MAIN CAPITAL PARTNERS,n.d.,M&A (Int'l),n.d.,,,,,,,,,,,,,
30 mai 2024,VEDETTES DE PARIS,France |,Opérateur de croisières fluviales sur la Seine,12,2023.0,Tourisme,OUEST CROISSANCE,n.d.,20-50 M€,Financement,nan,,,,,,,,,,,,,
30 mai 2024,MAGAZINES TERRE SAUVAGE ET ALPES ...,France |,Fondé en 1986,nan,nan,Média,TERRE & FILS INVESTISSE...,BAYARD,0-20 M€,Cession de titres,n.d.,,,,,,,,,,,,,
30 mai 2024,RETIF,France |,Fournitures,121,2023.0,nan,VERDOSO INVESTMENTS SA,SPARRING CAPITAL,50-150 M€,Cession de titres,n.d.,,,,,,,,,,,,,
30 mai 2024,LYOPHITECH,France |,Fabrication de lyophilisateurs dynamiques pour l’industrie pharmaceutique,nan,nan,Produits Pharmaceutiques & matériel médical,MBCI INDUSTRIES,FONDATEUR(S),5-10 M€,1er tour,nan,,,,,,,,,,,,,
30 mai 2024,YOLA FRESH,Maroc |,Agritech cherchant optimiser l’efficacité de la chaîne d’approvisionnement des produits frais en supprimant les intermédiaires,nan,nan,nan,AL MADA,nan,0-20 M€,Amorçage (seed),nan,,,,,,,,,,,,,
30 mai 2024,STARKAGE THERAPEUTICS,France |,Biotech visant à contrer les cellules sénescentes induites par les traitements anticancéreux et d'autres maladies liées au vieillissement,nan,nan,nan,nan,nan,0-20 M€,Amorçage (seed),nan,,,,,,,,,,,,,
30 mai 2024,LOCALLYPAY,France |,Solution de paiement mobile et de dématérialisation de chèques cadeaux utilisables dans les commerces locaux,nan,nan,Internet & ecommerce,LA CARTE FRANÇAISE,FONDATEUR(S),0-20 M€,M&A Corporate,0-20,,,,,,,,,,,,,
30 mai 2024,PHEN'X TECHNOLOGIES,France |,Usinage,6.90,2023.0,Produits Pharmaceutiques & matériel médical,CICLAD,FONDATEUR(S),15-20 M€,LBO Primaire,0-20,,,,,,,,,,,,,
30 mai 2024,ÉLITE LIMOUSINE,Suisse |,Services personnalisés de mobilité (dont location de voitures de luxe sans chauffeur),5.20,2023.0,nan,CHABÉ (EX CHABÉ LIMOUSI...,MANAGER(S),0-20 M€,Build-up international,0-20,,,,,,,,,,,,,
30 mai 2024,BPA,France |,Production et commercialisation de produits de boulangerie-pâtisserie à destination des professionnels,19,2023.0,nan,GOLOCAL (SOPRAUVERGNE/P...,MANAGER(S),0-20 M€,Build-up,n.d.,,,,,,,,,,,,,
29 mai 2024,ALBA INFRA PARTNERS,France |,Ancienne activité « financement de projets » de 3I,nan,nan,nan,nan,3I,n.d.,Spin Off,n.d.,,,,,,,,,,,,,
29 mai 2024,PHARMADIEM,France |,Ingénierie spécialisée dans l'industrie pharmaceutique.,1.40,2022.0,Produits & Services industriels,SGI GROUPE,n.d.,0-20 M€,M&A (Int'l),0-20,,,,,,,,,,,,,
29 mai 2024,GULLI PARC (LA BOÎTE AUX ENFANTS),France |,Parc de loisirs en intérieur,nan,nan,Tourisme,GROUPE M6,TURENNE GROUPE,20-50 M€,Sortie M&A Corporate,n.d.,,,,,,,,,,,,,
29 mai 2024,NATURAL CYCLES,Suède |,Développement d’applications basées sur l’IA pour accompagner les femmes dans leur parcours de fertilité (contrôle/planification des naissances,nan,nan,Internet & ecommerce,LAUXERA CAPITAL PARTNERS,nan,n.d.,3e tour,nan,,,,,,,,,,,,,
29 mai 2024,NEXANS,France |,Câbles et systèmes de câblage,6 500,2023.0,Produits & Services industriels,EURONEXT (BOURSE),n.d.,n.d.,Emission obligataire,nan,,,,,,,,,,,,,
29 mai 2024,JARED,France |,Gestion des finances personnelles,nan,nan,Logiciel et services informatiques,nan,nan,0-20 M€,Amorçage (seed),nan,,,,,,,,,,,,,
29 mai 2024,LAFRICAMOBILE,Sénégal |,Plateforme de communication digitale cloud multi-canale,nan,nan,Logiciel et services informatiques,JANNGO CAPITAL,nan,0-20 M€,1er tour,nan,,,,,,,,,,,,,
29 mai 2024,ACELEC,France |,Spécialiste en systèmes d’autoconsommation via l’installation et la maintenance de solutions solaires sur les parkings et bâtiments tertiaires (panneaux et ombrières),8,2023.0,nan,AGRIWATT (ENRTEC),MANAGER(S),0-20 M€,Build-up,n.d.,,,,,,,,,,,,,
29 mai 2024,BIOBANK,France |,Banque de tissus humains dont la spécialité est la préparation et la distribution d'allogreffes osseuses pour les chirurgies du rachis,21,2023.0,Produits Pharmaceutiques & matériel médical,IK PARTNERS (EX-IK INVE...,VERTO (EX NEWALPHA VERTO),50-150 M€,LBO Ter,n.d.,,,,,,,,,,,,,
29 mai 2024,SPT MARITIME ET INDUSTRIEL (SPTMI),France |,Travaux de menuiserie et de serrurerie/métallerie.,30,2024.0,Immobilier & construction,IXO PRIVATE EQUITY,MANAGER(S),20-50 M€,OBO,10-15,,,,,,,,,,,,,
29 mai 2024,EYEBIO (EYEBIOTECH),Royaume-Uni |,Médicaments ophtalmologiques,nan,nan,nan,MERCK & CO (MSD),BAIN CAPITAL,2 774.60 M€,M&A (à l'étranger),nan,,,,,,,,,,,,,
29 mai 2024,FAUCHON,France |,Epicerie fine,nan,nan,nan,GALAPAGOS,ACTIONNAIRES FAMILIAUX,n.d.,M&A Corporate,n.d.,,,,,,,,,,,,,
29 mai 2024,KOMPOSITE,France |,Intégrateur de solutions de stockage de données et d’architecture du cloud,28.20,2022.0,Logiciel et services informatiques,AREV PARTNERS,NAXICAP PARTNERS,20-50 M€,LBO Ter,n.d.,,,,,,,,,,,,,
29 mai 2024,OMNILOG,France |,ESN spécialisée dans le développement d'applications cloud-natives pour les secteurs de l'e-commerce et des médias,31,2023.0,Logiciel et services informatiques,AUDENSIEL,MALTEM CONSULTING GROUP,n.d.,Build-up,n.d.,,,,,,,,,,,,,
29 mai 2024,(RE)SET,France |,Spécialiste de la stratégie économique et environnementale,7,2023.0,Services & Conseil aux entreprises,JULHIET STERWEN,FONDATEUR(S),n.d.,Build-up,n.d.,,,,,,,,,,,,,
28 mai 2024,ESTATE PRESTIGE I KNIGHT FRANK,France |,Agence immobilière de luxe spécialisée dans les résidences haut de gamme,8,2022.0,Immobilier & construction,GLOBALITY,FONDATEUR(S),5-10 M€,M&A Corporate,0-20,,,,,,,,,,,,,
28 mai 2024,FACON CUIR,France |,Atelier de fabrication de maroquinerie et sellerie,nan,nan,Textile,ARION SELLIER,n.d.,n.d.,M&A Corporate,n.d.,,,,,,,,,,,,,
28 mai 2024,GREENYELLOW,France |,Solutions B2B de réduction des dépenses énergétiques (production d'énergie photovoltaïques,300,2023.0,nan,ARDIAN (INFRASTRUCTURE),GROUPE CASINO,>1000 M€,Cession de titres,150-250,,,,,,,,,,,,,
28 mai 2024,RIVRS,France |,Studio de jeux vidéos spécialisé dans l'UGC (User Generated Content),nan,nan,Logiciel et services informatiques,PLEIADE VENTURE,nan,7.90 M€,1er tour,nan,,,,,,,,,,,,,
28 mai 2024,TAFALGIE THERAPEUTICS,France |,Biotech spécialisée dans la recherche d'un médicament non opioïde contre la douleur,nan,nan,nan,nan,nan,n.d.,Amorçage (seed),nan,,,,,,,,,,,,,
28 mai 2024,SUPERVIZOR,France |,Éditeur d'un logiciel de détection d'erreurs dans les fichiers d'écritures comptables à destination des directions financières,nan,nan,Logiciel et services informatiques,ORANGE VENTURES,ODYSSEE VENTURE,20-50 M€,2e tour,nan,,,,,,,,,,,,,
28 mai 2024,ACTIVITÉS B2C DE SIMPLYCURE (COMP...,Belgique |,Compléments alimentaires personnalisés,nan,nan,Internet & ecommerce,CUURE,SIMPLYCURE,0-20 M€,Carve-out,0-20,,,,,,,,,,,,,
28 mai 2024,ALVAREZ SOLAIRE,France |,Pose et maintenance de panneaux photovoltaïques,nan,nan,nan,TSG,MANAGER(S),n.d.,Build-up,n.d.,,,,,,,,,,,,,
28 mai 2024,SUPERVIZOR,France |,Éditeur d'un logiciel de détection d'erreurs dans les fichiers d'écritures comptables à destination des directions financières,nan,nan,Logiciel et services informatiques,ORANGE VENTURES,ODYSSEE VENTURE,20-50 M€,2e tour,nan,,,,,,,,,,,,,
28 mai 2024,ALVAREZ SOLAIRE,France |,Pose et maintenance de panneaux photovoltaïques,nan,nan,nan,TSG,MANAGER(S),n.d.,Build-up,n.d.,,,,,,,,,,,,,
28 mai 2024,RIVRS,France |,Studio de jeux vidéos spécialisé dans l'UGC (User Generated Content),nan,nan,Logiciel et services informatiques,PLEIADE VENTURE,nan,7.90 M€,1er tour,nan,,,,,,,,,,,,,
28 mai 2024,PREWAVE,Autriche |,Plateforme d'intelligence artificielle dédiée à la supply chain,nan,nan,Logiciel et services informatiques,HEDOSOPHIA,nan,150-250 M€,2e tour,nan,,,,,,,,,,,,,
28 mai 2024,FULLWHERE,France |,Logiciel permettant d'optimiser les interactions avec les clients,nan,nan,Logiciel et services informatiques,KIMA VENTURES,nan,n.d.,Amorçage (seed),nan,,,,,,,,,,,,,
28 mai 2024,RIALLIN,France |,Travaux d’équipements thermiques et de climatisation,nan,nan,Immobilier & construction,CEME,FONDATEUR(S),n.d.,Build-up,n.d.,,,,,,,,,,,,,
28 mai 2024,TAFALGIE THERAPEUTICS,France |,Biotech spécialisée dans la recherche d'un médicament non opioïde contre la douleur,nan,nan,nan,nan,nan,n.d.,Amorçage (seed),nan,,,,,,,,,,,,,
28 mai 2024,UTSIT,France |,Cabinet de conseil spécialisé dans les systèmes d’information de trésorerie.,3.39,2023.0,Services & Conseil aux entreprises,OAKLEN CONSULTING (EX P...,MANAGER(S),0-20 M€,Build-up,n.d.,,,,,,,,,,,,,
28 mai 2024,ALSTOM,France |,Conception et fabrication de de matériel roulant et d'infrastructures ferroviaires (locomotives,16 500,2024.0,nan,EURONEXT (BOURSE),n.d.,>1000 M€,Emission obligataire,nan,,,,,,,,,,,,,
28 mai 2024,ESTATE PRESTIGE I KNIGHT FRANK,France |,Agence immobilière de luxe spécialisée dans les résidences haut de gamme,8,2022.0,Immobilier & construction,GLOBALITY,FONDATEUR(S),5-10 M€,M&A Corporate,0-20,,,,,,,,,,,,,
28 mai 2024,ACTIVITÉS B2C DE SIMPLYCURE (COMP...,Belgique |,Compléments alimentaires personnalisés,nan,nan,Internet & ecommerce,CUURE,SIMPLYCURE,0-20 M€,Carve-out,0-20,,,,,,,,,,,,,
28 mai 2024,GREENYELLOW,France |,Solutions B2B de réduction des dépenses énergétiques (production d'énergie photovoltaïques,300,2023.0,nan,ARDIAN (INFRASTRUCTURE),GROUPE CASINO,>1000 M€,Cession de titres,150-250,,,,,,,,,,,,,
28 mai 2024,ORUS ENERGY,France |,Plateforme de flexibilité énergétique,nan,nan,Logiciel et services informatiques,B2 VENTURE (EX B-TO-V P...,nan,5-10 M€,Amorçage (seed),nan,,,,,,,,,,,,,
28 mai 2024,FACON CUIR,France |,Atelier de fabrication de maroquinerie et sellerie,nan,nan,Textile,ARION SELLIER,n.d.,n.d.,M&A Corporate,n.d.,,,,,,,,,,,,,
27 mai 2024,SPIRII,Danemark |,Solutions de recharge pour véhicules électriques,nan,nan,Logiciel et services informatiques,EDENRED,NORDIC CAPITAL,50-150 M€,M&A (Int'l),n.d.,,,,,,,,,,,,,
27 mai 2024,LUMAPPS,France |,Portail collaboratif de centralisation de Google apps et d'applications internes,nan,nan,Logiciel et services informatiques,BRIDGEPOINT,EURAZEO GROWTH,500-1000 M€,LBO Primaire,nan,,,,,,,,,,,,,
27 mai 2024,ELECTRA,France |,"Stations de recharge ""ultra rapide"" pour véhicules électriques",nan,nan,nan,nan,n.d.,n.d.,Financement,nan,,,,,,,,,,,,,
27 mai 2024,LOCA PARC,France |,Loueur de camions pour le transport de marchandises,18.50,2023.0,nan,MAUFFREY,FONDATEUR(S),20-50 M€,Build-up,20-50,,,,,,,,,,,,,
27 mai 2024,RUBEL & MENASCHE,France |,Diamantaire : bijoux haut de gamme pour l'industrie de la joaillerie et pièces d'horlogerie,138,2023.0,Textile,PERWYN,AXIO CAPITAL,50-150 M€,MBO Ter,20-50,,,,,,,,,,,,,
27 mai 2024,UBLO,France |,Conception et commercialisation de machines d’emballages à haute cadence pour l’agroalimentaire et la cosmétique,nan,nan,Produits & Services industriels,SODERO (EX SODERO GESTION),nan,0-20 M€,Amorçage (seed),0-20,,,,,,,,,,,,,
27 mai 2024,CONSOTRUST,France |,Éditeur de logiciels Saas à destination des industriels et distributeurs pour automatiser l’acquisition,2.20,2023.0,Logiciel et services informatiques,AGENA3000 (AGENA 3000),FONDATEUR(S),0-5 M€,M&A Corporate,0-5,,,,,,,,,,,,,
27 mai 2024,FRANCOISE SAGET,France |,Vente à distance de linge de maison,80,2023.0,nan,ATLAS FOR MEN,ROSA (EX-MK DIRECT (ENV...,20-50 M€,Build-up,20-50,,,,,,,,,,,,,
27 mai 2024,GRAND NORD AUTOMOBILE,France |,Vente de voitures neuves,60,2023.0,Automobile,VERBAERE (DEX FRANCE),MANAGER(S),0-20 M€,M&A Corporate,n.d.,,,,,,,,,,,,,
26 mai 2024,ONAFIS (MY BACCHUS),France |,Solutions numériques pour garantir le meilleur suivi des vins,nan,nan,Electronique & Informatique,DEMETER (VOIR DEMA INVEST),nan,0-20 M€,2e tour,nan,,,,,,,,,,,,,
24 mai 2024,INHIBRX,États-Unis |,Développement du traitement INBRX-101 pour le traitement du déficit en alpha-1-antitrypsine (maladie héréditaire rare qui touche principalement les poumons),nan,nan,nan,SANOFI,NEW INHIBRX,>1000 M€,OPA,>1000,,,,,,,,,,,,,
24 mai 2024,CORFLEX,États-Unis |,Fabrication et distribution des solutions orthopédiques,11,2023.0,Produits Pharmaceutiques & matériel médical,THUASNE,FONDATEUR(S),0-5 M€,M&A (Int'l),0-5,,,,,,,,,,,,,
24 mai 2024,LES 3 COLONNES DU MAINTIEN AU DOM...,France |,Coopérative proposant une solution de viagers mutualisés accompagnée de services pour le maintien à domicile des personnes âgées,2.50,2023.0,nan,BANQUE DES TERRITOIRES,nan,n.d.,Augmentation de capital,nan,,,,,,,,,,,,,
24 mai 2024,STEEL ELECTRONIQUE (DIADEM INDUST...,France |,Équipementier spatial (systèmes électroniques),7,2022.0,Electronique & Informatique,ACTIA GROUP,FONDATEUR(S),n.d.,M&A Corporate,n.d.,,,,,,,,,,,,,
24 mai 2024,LONSDALE GROUPE,France |,Agence de design,40,2023.0,Média,BNP PARIBAS DEVELOPPEMENT,nan,50-150 M€,Augmentation de capital,5-10,,,,,,,,,,,,,
24 mai 2024,FORCEMAJEURE DESIGN,États-Unis |,Agence de création,9,2023.0,Média,LONSDALE GROUPE,FONDATEUR(S),15-20 M€,Build-up international,15-20,,,,,,,,,,,,,
24 mai 2024,HEINKEL DRYING AND SEPARATION GROUP,Allemagne |,Conception,70,2023.0,Produits & Services industriels,DE DIETRICH PROCESS SYS...,ACTIONNAIRES HISTORIQUES,50-150 M€,M&A (Int'l),0-20,,,,,,,,,,,,,
24 mai 2024,VERKOR,France |,Construction de batteries bas carbone,nan,nan,Environnement & CleanTechs,BANQUE EUROPEENNE D'INV...,n.d.,n.d.,Financement,nan,,,,,,,,,,,,,
23 mai 2024,QUALIRETRAITE,France |,Réseau d’agences d’accompagnement et de contrôle des retraites obligatoires pour salariés et retraités,3,2023.0,Services & Biens de consommation,IMPACT PARTNERS,nan,0-20 M€,Augmentation de capital,n.d.,,,,,,,,,,,,,
23 mai 2024,VORTEX-IO,France |,Fournisseur de données hydrométriques,0.70,2023.0,Electronique & Informatique,BANQUE DES TERRITOIRES,nan,10-15 M€,Amorçage (seed),nan,,,,,mesure en temps réel des paramètres hydrologiques clés des rivières et fleuves (hauteur d’eau,,,,,,,,
23 mai 2024,KEYNEO,France |,Éditeur d’un logiciel Saas de gestion des commandes,2.10,2023.0,Logiciel et services informatiques,GENERIX,FONDATEUR(S),0-20 M€,Build-up,0-20,,,,,,,,,,,,,
23 mai 2024,ABILITY HANDLING,Royaume-Uni |,Vente,nan,nan,Produits & Services industriels,GRANT HANDLING (GHL LIF...,MANAGER(S),n.d.,M&A (à l'étranger),n.d.,,,,,,,,,,,,,
23 mai 2024,CLINIQUE LES TROIS SOLEILS,France |,Établissement de soins médicaux et de réadaptation spécialisé en médecine physique,nan,nan,Santé,GROUPE VYV,n.d.,n.d.,M&A Corporate,n.d.,,,,,,,,,,,,,
23 mai 2024,PRODUCTLIFE CONSULTING (PLG),France |,Gestion externalisée affaires réglementaires et pharmacovigilance pour les acteurs de la santé (laboratoires,167,2023.0,Santé,21 INVEST,21 INVEST,500 M€,Cession secondaire,n.d.,,,,,,,,,,,,,
23 mai 2024,MILLICOM INTERNATIONAL CELLULAR,Luxembourg |,Société télécommunication et de téléphonie mobile.,nan,nan,Média,NJJ CAPITAL,n.d.,>1000 M€,Cession de titres,nan,,,,,,,,,,,,,
23 mai 2024,EFECTIS,France |,Mise en place de tests sur la résistance au feu de produits et d'évaluation des risques d’incendie et d’explosion de produits ou de sites (notamment dans le nucléaire),40,2023.0,Services & Conseil aux entreprises,CTICM (CENTRE TECHNIQUE...,FIRST DUTCH INNOVATION ...,20-50 M€,LBO Primaire,20-50,,,,,,,,,,,,,
23 mai 2024,MYCOMPANYFILES,France |,Plateforme digitale pour les cabinets d'expertise comptable,3.50,2023.0,Logiciel et services informatiques,VISMA,FONDATEUR(S),0-20 M€,Build-up international,0-5,,,,,,,,,,,,,
23 mai 2024,PROPOLIS DEVELOPPEMENT,France |,Holding d'investissement dans la distribution.,277,2023.0,nan,GRINTA (RELAIS VERT,MANAGER(S),150-250 M€,Fusion,150-250,,,,,,,,,,,,,
23 mai 2024,VINS ETONNANTS,France |,Distribution directe de vin,2,2023.0,Internet & ecommerce,LES GRAPPES,FONDATEUR(S),0-20 M€,M&A Corporate,n.d.,,,,,,,,,,,,,
23 mai 2024,SKWHEEL,France |,Producteur de skis électriques à roues,nan,nan,Electronique & Informatique,BPIFRANCE INVESTISSEMENT,nan,0-20 M€,Amorçage (seed),nan,,,,,,,,,,,,,
23 mai 2024,MATIS ART CLUB DEALS,France |,Investissement dans l'art contemporain,2,2023.0,nan,ALPHASTAR,nan,15 M€,Augmentation de capital,nan,,,,,,,,,,,,,
22 mai 2024,TWISE,France |,Concepteur de solutions logicielles pour la télévision payante (clés USB miniaturisant les décodeurs actuels,nan,nan,Logiciel et services informatiques,PROVENCE BUSINESS ANGELS,nan,0-5 M€,1er tour,nan,,,,,,,,,,,,,
22 mai 2024,AARON,Allemagne |,Service en ligne d'assistance téléphonique alimenté par l'IA et de prise de rendez-vous chez des professionnels de santé,12.50,2023.0,Internet & ecommerce,DOCTOLIB,FONDATEUR(S),23 M€,M&A (Int'l),nan,,,,,,,,,,,,,
22 mai 2024,IKO&NOTT (CYBELE),France |,La société conçoit des baskets certifiées 100 % en cuir recyclé et recyclables.,nan,nan,Services & Biens de consommation,nan,nan,0-5 M€,Amorçage (seed),nan,,,,,,,,,,,,,
22 mai 2024,SERAPID,France |,Fabrication de vérins industriels,nan,nan,Produits & Services industriels,nan,n.d.,n.d.,Refinancement,nan,,,,,,,,,,,,,
22 mai 2024,AXIALEASE,France |,Leaseur financier d’équipements d'informatique et télécommunication,80,2023.0,nan,MANULOC,FONDATEUR(S),50-150 M€,Build-up,n.d.,,,,,,,,,,,,,
22 mai 2024,HIBIO (HI BIO),États-Unis |,Développement de thérapies de précision à base d'anticorps pour les patients souffrant de maladies auto-immunes,nan,nan,nan,BIOGEN,JEITO CAPITAL,1 150 M€,M&A (Int'l),nan,,,,,,,,,,,,,
22 mai 2024,TRINITY STREET ASSET MANAGEMENT,Royaume-Uni |,Société de gestion qui gère des portefeuilles investis en actions mondiales et internationales (mondiales hors Etats Unis,nan,nan,nan,IM GLOBAL PARTNER (EX I...,n.d.,n.d.,Minoritaire,n.d.,,,,,,,,,,,,,
22 mai 2024,BEEBS,France |,Place de marché communautaire de produits de seconde main liés à l'univers de l'enfance (textiles,nan,nan,Internet & ecommerce,KIABI,FONDATEUR(S),0-20 M€,Retournement,0-20,,,,,,,,,,,,,
22 mai 2024,DECORS ET COMPAGNIE,France |,Concepteur,2,2023.0,Textile,MATCHEVENT,FONDATEUR(S),0-5 M€,Build-up,0-5,,,,,,,,,,,,,
22 mai 2024,HAUTLINE,France |,expert de l’industrie,2,2023.0,Immobilier & construction,GROUPE JARNIAS,n.d.,0-20 M€,Build-up,0-20,,,,,,,,,,,,,
22 mai 2024,THERMO 2 S,France |,Spécialiste des solutions en films thermorétractables pour la réalisation de chantiers partout en France,0.13,2023.0,Immobilier & construction,GROUPE JARNIAS,n.d.,n.d.,Build-up,n.d.,,,,,,,,,,,,,
22 mai 2024,EALIS,France |,Service après vente et extension garantie d'appareils électroniques,nan,nan,Services & Conseil aux entreprises,nan,n.d.,n.d.,Sponsorless,n.d.,,,,,,,,,,,,,
21 mai 2024,HARVEST,France |,Éditeur de logiciels pour les professionnels du patrimoine,70,2023.0,Logiciel et services informatiques,TA ASSOCIATES,FIVE ARROWS (ROTHSCHILD...,500 M€,LBO Bis,n.d.,,,,,,,,,,,,,
21 mai 2024,ONESTOCK,France |,Logiciel d’unification des stocks et d’orchestration de commandes (Order Management System) à destination professionnels de la vente,nan,nan,Logiciel et services informatiques,SUMMIT PARTNERS,SILVERFLEET CAPITAL,50-150 M€,Augmentation de capital,nan,,,,,,,,,,,,,
21 mai 2024,TSM (TRAITEMENTS DE SURFACE ET ME...,France |,Traitements de surface et des opérations mécaniques associées,5,2023.0,Produits & Services industriels,ALFEOR,MANAGER(S),0-20 M€,Build-up,0-20,,,,,,,,,,,,,
21 mai 2024,INSTITUT SUPERIEUR DE COMMERCE DE...,France |,École de management,5,2023.0,Services & Biens de consommation,OMNES EDUCATION (EX-INS...,MANAGER(S),0-20 M€,Build-up,n.d.,,,,,,,,,,,,,
21 mai 2024,TRONICO,France |,Concepteurs et fabricants de produits et de cartes électroniques,82,2022.0,Electronique & Informatique,AGÔN ELECTRONICS (FEDD,ALCEN,n.d.,Build-up,n.d.,,,,,,,,,,,,,
21 mai 2024,DEEMEA,France |,Plateforme d'imagerie médicale,1.10,2023.0,nan,KARISTA (EX CAPDECISIF ...,nan,0-20 M€,Amorçage (seed),nan,,,,,,,,,,,,,
21 mai 2024,ALPHA GROUP (ALPHA SERVICES),France |,Travaux d’étanchéité de toitures,70,2023.0,Immobilier & construction,RAISE,IXO PRIVATE EQUITY,50-150 M€,LBO Bis,n.d.,,,,,,,,,,,,,
21 mai 2024,BELLEDONNE,France |,Marque française de sneakers d'exception,nan,nan,Textile,CUIR INVEST (CUIRINVEST...,nan,n.d.,1er tour,nan,,,,,,,,,,,,,
21 mai 2024,H COMPANY (HCOMPANY.AI),France |,Développement IA générative qui ambitionne d'être la base de futurs outils d'IA autonomes en entreprise,nan,nan,Logiciel et services informatiques,ACCEL PARTNERS,nan,n.d.,Amorçage (seed),nan,,,,,,,,,,,,,
21 mai 2024,LES ATELIERS DE LA MEUSE,Belgique |,Chaudronnerie et usinage de grande dimensions destinés à la fabrication d’emballages de combustible nucléaire usagé.,10,2023.0,Produits & Services industriels,ALFEOR,MANAGER(S),0-20 M€,Build-up international,0-20,,,,,,,,,,,,,
21 mai 2024,DA&T (DÉBITMETRIE AÉRONAUTIQUE & ...,France |,Société spécialisée dans la débitmétrie liquide à destination de l’industrie aéronautique et des transports.,2,2023.0,Services & Conseil aux entreprises,TRESCAL,MANAGER(S),0-20 M€,Build-up,0-20,,,,,,,,,,,,,
21 mai 2024,RM CONSEIL,France |,Cabinet de conseil à impact positif,1.80,2022.0,Services & Conseil aux entreprises,FORWARD GLOBAL,MANAGER(S),n.d.,Build-up,n.d.,,,,,,,,,,,,,
21 mai 2024,L'AGENCE DE FAB,France |,Imprimeur numérique grand format,4.20,2023.0,Services & Biens de consommation,LEADER PRINT GROUP,MANAGER(S),n.d.,Build-up,n.d.,,,,,,,,,,,,,
21 mai 2024,KOEZIO (INQUEST),France |,Organisations d'évènements festifs pour particuliers et entreprises.,17,2023.0,Tourisme,HADRENA (EX OTIUM LEISURE),GENAIRGY,20-50 M€,Build-up,20-50,,,,,,,,,,,,,
21 mai 2024,4J CHAUDRONNERIE,France |,Conception et réalisation d'appareils chaudronnés,2,2023.0,Produits & Services industriels,FACOMIA,MANAGER(S),0-5 M€,Retournement,nan,,,,,,,,,,,,,
21 mai 2024,ACTIVITÉ VRAC D'ABCD NUTRITION (M...,France |,Activité de vente en vrac d'ABCD Nutrition dont ligne d’enrobage de céréales,3.50,2023.0,nan,COMPAGNIE LÉA NATURE (L...,ABCD NUTRITION (BIOTHEN...,0-20 M€,Build-up,0-20,,,,,,,,,,,,,
21 mai 2024,AIREX ÉNERGIE,Canada |,Producteur de Biochar,nan,nan,nan,SUEZ,MANAGER(S),n.d.,Augmentation de capital,n.d.,,,,,,,,,,,,,
21 mai 2024,OST-DEVELOPPEMENT,France |,Laboratoire spécialiste régénération osseuse,nan,nan,Santé,GEISTLICH PHARMA,MANAGER(S),20-50 M€,M&A (Int'l),0-20,,,,,,,,,,,,,
21 mai 2024,SUBECA,États-Unis |,Développement de solutions pour les compteurs d’eau intelligents,nan,nan,Internet & ecommerce,SUEZ,nan,n.d.,1er tour,0-20,,,,,,,,,,,,,
21 mai 2024,LIVEARTS,France |,Plateforme de référence des établissements seniors pour la réservation de spectacles,nan,nan,Internet & ecommerce,nan,nan,0-5 M€,Amorçage (seed),nan,,,,,,,,,,,,,
18 mai 2024,PHYTEMA,France |,Soins cosmétiques bio et naturels.,0.73,2023.0,Santé,EMALEXANCE,MANAGER(S),0-5 M€,Build-up,0-5,,,,,,,,,,,,,
17 mai 2024,PROCORI,Suède |,Cabinet de conseil ServiceNow,5,2023.0,Logiciel et services informatiques,DEVOTEAM,FONDATEUR(S),0-20 M€,Build-up international,0-20,,,,,,,,,,,,,
17 mai 2024,FLORMAR,Turquie |,Produits cosmétiques,100,2023.0,Santé,ESAS HOLDING,GROUPE ROCHER,n.d.,Augmentation de capital,n.d.,,,,,,,,,,,,,
17 mai 2024,CONTINUITY,France |,Logiciel Saas d’intelligence artificielle analysant l'adéquation entre un contrat d'assurance et les PME couvertes,nan,nan,Logiciel et services informatiques,115 K,nan,20-50 M€,1er tour,nan,,,,,,,,,,,,,
17 mai 2024,SIRONA TECHNOLOGIES,Belgique |,Élimination du CO 2 de l'air et lutte contre le changement climatique,nan,nan,Environnement & CleanTechs,LOCAL GLOBE,nan,20-50 M€,Amorçage (seed),nan,,,,,,,,,,,,,
17 mai 2024,EPSILON COMPOSITE,France |,Production de joncs en fibre de carbone,30,2023.0,Produits & Services industriels,SUMITOMO CORPORATION,FONDATEUR(S),n.d.,Minoritaire,n.d.,,,,,,,,,,,,,
17 mai 2024,HECQUET JOSE,France |,Services funéraires,nan,nan,Services & Biens de consommation,FUNECAP,n.d.,0-20 M€,Build-up,0-20,,,,,,,,,,,,,
17 mai 2024,GROUPE SODEPOL (SODEPOL,France |,Désamiantage,9,2023.0,Immobilier & construction,POLYGON GROUP,MANAGER(S),0-20 M€,Build-up international,0-20,,,,,,,,,,,,,
17 mai 2024,CLARIANE (EX KORIAN),France |,Exploitant privé d'établissements médico-sociaux et sanitaires,5 047,2023.0,Santé,GROUPE HLD,nan,4 000 M€,Augmentation de capital,250-500,,,,,,,,,,,,,
17 mai 2024,APPLITECH,France |,Bureau d’études dans l’efficacité énergétique des bâtiments pour le secteur tertiaire et l’industrie : conception et réalisation d'installations de génie climatique et électrique,7,2023.0,nan,M-ENERGIES,FONDATEUR(S),5-10 M€,Build-up,n.d.,,,,,,,,,,,,,
17 mai 2024,EYCO,France |,Production de microcircuits imprimés.,nan,nan,Electronique & Informatique,BPIFRANCE INVESTISSEMENT,nan,20-50 M€,Amorçage (seed),nan,,,,,,,,,,,,,
16 mai 2024,TLW,Luxembourg |,Transport et logistique,60,2023.0,nan,MALHERBE,MANAGER(S),n.d.,Build-up international,n.d.,,,,,,,,,,,,,
16 mai 2024,TEAM FOR THE PLANET (EX TIME FOR ...,France |,Fonds d'investissement citoyen,nan,nan,nan,ADEME INVESTISSEMENT,nan,n.d.,Augmentation de capital,nan,,,,,,,,,,,,,
16 mai 2024,SPLE,France |,Prestataire logistique : services de stockage,3.20,2023.0,nan,LOG'S (EX LOGISTIQUE GR...,GROUPE PATOUX,0-5 M€,M&A Corporate,0-5,,,,,,,,,,,,,
16 mai 2024,ENERDIGIT,France |,Fournisseur de solutions d’effacement électrique (optimisation de la consommation d'électricité),20,2023.0,nan,CAISSE D'EPARGNE BRETAG...,n.d.,n.d.,Financement,nan,,,,,,,,,,,,,
16 mai 2024,VERALI,France |,Entretien de la végétation pour le compte de gestionnaires d’infrastructures,19,2023.0,Environnement & CleanTechs,CAP VERT DEVELOPPEMENT,MANAGER(S),0-20 M€,Build-up,0-20,,,,,,,,,,,,,
16 mai 2024,ELYSIS CONSULTING,France |,Conseil en pilotage et en maîtrise de projets d'ingénierie et de développement produit pour l’industrie,17.60,2023.0,Services & Conseil aux entreprises,ASTEK,IRD INVEST,15-20 M€,Build-up,15-20,,,,,,,,,,,,,
16 mai 2024,YES WE HACK (YESWEHACK),France |,Plateforme de cybersécurité et Bug Bounty,nan,nan,Logiciel et services informatiques,WENDEL,nan,50-150 M€,3e tour,nan,,,,,,,,,,,,,
16 mai 2024,ENERDIGIT,France |,Fournisseur de solutions d’effacement électrique (optimisation de la consommation d'électricité),20,2023.0,nan,RING CAPITAL,FONDATEUR(S),50-150 M€,Augmentation de capital,nan,,,,,,,,,,,,,
16 mai 2024,OSMOZIS,France |,Fournisseur d'accès Internet pour les vacanciers en campings et centres de vacances,12.70,2023.0,Média,PASSMAN,EIFFEL INVESTMENT GROUP,n.d.,OPA,n.d.,,,,,,,,,,,,,
16 mai 2024,ZELIQ,France |,Solution logicielle et commerciale tout-en-un permettant aux équipes commerciales d’identifier les prospects et de les transformer en clients,nan,nan,Logiciel et services informatiques,EXOR,nan,20-50 M€,1er tour,nan,,,,,,,,,,,,,
16 mai 2024,THE FRENCH BASTARDS,France |,Boulangerie premium,10,2023.0,nan,EXPERIENCED CAPITAL PAR...,nan,0-20 M€,Augmentation de capital,5-10,,,,,,,,,,,,,
16 mai 2024,MON PETIT PLACEMENT,France |,Plateforme démocratisant l'accès aux placements financiers,1.40,2023.0,nan,SOWEFUND,nan,20-50 M€,4e tour,nan,,,,,,,,,,,,,
16 mai 2024,CARMAT,France |,Concepteur de cœurs artificiels,2.80,2023.0,Produits Pharmaceutiques & matériel médical,nan,nan,50-150 M€,Augmentation de capital,nan,,,,,,,,,,,,,
16 mai 2024,HEPHAISTOS-PHARMA,France |,Recherche et développement d’une nouvelle génération d’immunostimulants ciblant l’immunité innée,nan,nan,nan,ELAIA PARTNERS,nan,n.d.,Amorçage (seed),nan,,,,,,,,,,,,,
16 mai 2024,MY VELO,France |,Enseigne de magasins de vélos,nan,nan,Services & Biens de consommation,ZERIDE (FRIZY),MANAGER(S),n.d.,M&A Corporate,n.d.,,,,,,,,,,,,,
16 mai 2024,GENERALE ENERGIE,France |,Travaux de rénovation énergétique du bâtiment,75,2023.0,Immobilier & construction,SOCADIF,VERTIGO,50-150 M€,LBO Primaire,n.d.,,,,,,,,,,,,,
16 mai 2024,ENERGO,France |,Conception et développement d'un réacteur catalytique à plasma froid permettant de transformer du CO₂,nan,nan,nan,CREDIT MUTUEL IMPACT (E...,nan,20-50 M€,1er tour,nan,,,,,,,,,,,,,
15 mai 2024,TENGO,France |,Identification,nan,nan,Logiciel et services informatiques,POINT NINE CAPITAL (POI...,nan,10-15 M€,Amorçage (seed),nan,,,,,,,,,,,,,
15 mai 2024,CARACTERE IMPRIMEURS,France |,Imprimerie spécialisée dans les magazines,11.50,2023.0,Produits & Services industriels,CONNECT PRO,CONNECT PRO,15-20 M€,MBO Bis,0-20,,,,,,,,,,,,,
15 mai 2024,OSS VENTURES,France |,Startup studio spécialisé dans le lancement d'éditeurs de solutions technologiques destinées aux industriels,nan,nan,nan,ETABLISSEMENTS PEUGEOT ...,nan,20-50 M€,2e tour,nan,,,,,,,,,,,,,
15 mai 2024,COGNITIVE ENGINES,France |,Spécialiste de la cobotique,nan,nan,Electronique & Informatique,BUSINESS ANGELS DES GRA...,nan,1.80 M€,Amorçage (seed),nan,,,,,,,,,,,,,
15 mai 2024,DIRECTOSANTE,France |,"Solutions de e-santé permettant de fluidifier le ""parcours patient""",nan,nan,Logiciel et services informatiques,CALMEDICA,FONDATEUR(S),0-5 M€,Retournement,nan,,,,,,,,,,,,,
15 mai 2024,OPTIMIZERS,Pays-Bas |,Éditeur de logiciels proposant des solutions e-commerce B2B et B2C,25,2023.0,Logiciel et services informatiques,ORISHA,MANAGER(S),50-150 M€,Build-up international,n.d.,,,,,,,,,,,,,
15 mai 2024,HIPLI,France |,Conception et commercialisation de colis réutilisables pour l’expédition des acteurs de l'e-commerce (enseignes omnicanales et sites marchands),nan,nan,nan,INVESTISSEUR(S) CORPORATE,nan,5-10 M€,Amorçage (seed),nan,,,,,,,,,,,,,
15 mai 2024,LE SOULOR 1925,France |,Fabricant de chaussures,0.90,2023.0,Services & Biens de consommation,nan,MANAGER(S),0-5 M€,M&A Corporate,0-5,,,,,,,,,,,,,
15 mai 2024,CROSS THE AGES,France |,Jeu de carte en ligne free to play,nan,nan,Logiciel et services informatiques,ANIMOCA BRANDS,nan,80 M€,1er tour,nan,,,,,,,,,,,,,
15 mai 2024,IFEEL,Espagne |,Édition d'une plateforme de prise en charge de la santé mentale des salariés,nan,nan,Internet & ecommerce,FINTLV VENTURES,nan,50-150 M€,2e tour,nan,,,,,,,,,,,,,
15 mai 2024,MAAT PHARMA,France |,Transplantation de microbiome intestinal humain (microbiothérapie),nan,nan,nan,BPIFRANCE INVESTISSEMENT,SEVENTURE PARTNERS,n.d.,Augmentation de capital,nan,,,,,,,,,,,,,
15 mai 2024,QINOMIC,France |,Solutions de rétrofit électrique et hydrogène pour la mobilité durable.,nan,nan,Automobile,DE WILLERMIN,nan,0-20 M€,1er tour,nan,,,,,,,,,,,,,
15 mai 2024,PRINT CONCEPT,France |,Imprimerie offset,6.50,2023.0,Produits & Services industriels,CARACTERE IMPRIMEURS,MANAGER(S),0-20 M€,Build-up,0-20,,,,,,,,,,,,,
15 mai 2024,WAGRAM FOOD SERVICE (COLUMBUS CAFE),France |,Restauration multi-enseignes (Columbus Café & Co,153,2023.0,Tourisme,BPIFRANCE INVESTISSEMENT,nan,20-50 M€,Augmentation de capital,0-20,,,,,,,,,,,,,
15 mai 2024,ETHIK-IA,France |,Initiative citoyenne et académique de régulation positive de l'intelligence artificielle en santé,nan,nan,Santé,XANGE,nan,n.d.,Augmentation de capital,n.d.,,,,,,,,,,,,,
15 mai 2024,OTAMI,France |,Éditeur d'un logiciel de gestion des achats,nan,nan,Logiciel et services informatiques,THE MOON VENTURE,nan,0-5 M€,Amorçage (seed),nan,,,,,,,,,,,,,
15 mai 2024,EKIP (EKIP.APP),France |,Gestionnaire de titres-restaurant privilégiant les commerces engagés et solidaires,0.20,2024.0,Services & Biens de consommation,SHARE INVEST,nan,3.18 M€,1er tour,nan,,,,,,,,,,,,,
15 mai 2024,MICROPEP TECHNOLOGIES,France |,Agro biotech développant des micropeptides pour créer de nouveaux fongicides,nan,nan,nan,BPIFRANCE INVESTISSEMENT,nan,50-150 M€,2e tour,nan,,,,,,,,,,,,,
15 mai 2024,PLANTIN,France |,Commercialisation de truffes fraîches et de champignons séchés,40,2023.0,nan,FRENCHFOOD CAPITAL (FFC),MANAGER(S),50-150 M€,LBO Primaire,50-150,,,,,,,,,,,,,
15 mai 2024,OSMOS X,France |,Véhicules spatiaux à fortes poussées et ISP,nan,nan,Automobile,AUDACIA,nan,0-5 M€,Amorçage (seed),nan,,,,,,,,,,,,,
15 mai 2024,HUGUENIN,France |,Distribution de produits carnés pour la restauration haut de gamme,28,2023.0,nan,FRENCHFOOD CAPITAL (FFC),FONDATEUR(S),20-50 M€,MBI,20-50,,,,,,,,,,,,,
15 mai 2024,CONSTELLATION TECHNOLOGIES & OPER...,France |,Start-up du newspace BtoBtoC visant à offrir une connexion Internet satellitaire aux particuliers,nan,nan,Média,AUDACIA,nan,15-20 M€,Amorçage (seed),nan,,,,,,,,,,,,,
15 mai 2024,PACT (PACT.EARTH),Royaume-Uni |,Concepteur d'une technologie de fabrication d'un cuir alternatif à base de collagène naturel,nan,nan,Environnement & CleanTechs,HOXTON VENTURES,nan,n.d.,1er tour,nan,,,,,,,,,,,,,
14 mai 2024,EUROCOMPLIANCE,France |,Organisme de certification et de formation,1,2023.0,Services & Conseil aux entreprises,CERTIGROUP,FONDATEUR(S),0-5 M€,Build-up,0-5,,,,,,,,,,,,,
14 mai 2024,ECO IN PACK,France |,Activité de conseil et de formation,nan,nan,Environnement & CleanTechs,NOUVELLE-AQUITAINE CO-I...,nan,0-20 M€,Amorçage (seed),nan,,,,,,,,,,,,,
14 mai 2024,AMELIS (EX SYMPHONIE SERVICES),France |,Accompagnement à domicile des personnes âgées et dépendantes,30,2023.0,Services & Biens de consommation,KINOUGARDE (GROUPE EPIK...,THE HALIFAX GROUP,0-20 M€,Build-up,n.d.,,,,,,,,,,,,,
14 mai 2024,DPK FUNERAIRE,France |,Services funéraires,nan,nan,Services & Biens de consommation,FUNECAP,MANAGER(S),0-20 M€,Build-up,0-20,,,,,,,,,,,,,
14 mai 2024,ELECTRICITE D'AZUR,France |,Développeur de projets photovoltaïques et agrivoltaïques responsables qui visent à devenir également producteurs.,nan,nan,nan,CREDIT MUTUEL EQUITY,nan,n.d.,1er tour,nan,,,,,,,,,,,,,
14 mai 2024,TERRES DE RAVEL,France |,Vignoble,nan,nan,nan,CHÂTEAU SAINTE MARGUERITE,n.d.,n.d.,M&A Corporate,n.d.,,,,,,,,,,,,,
14 mai 2024,GREENFIELD MANUFACTURING INCORPOR...,États-Unis |,Fabrication de produits chimiques,nan,nan,Matières premières & industries de base (minerais,PROTEX INTERNATIONAL,FONDATEUR(S),n.d.,M&A (Int'l),n.d.,,,,,,,,,,,,,
14 mai 2024,FLÛTE DU PALAIS,France |,Boulangerie-pâtisserie,nan,nan,nan,MAISON NADAL,ACTIONNAIRES,n.d.,M&A Corporate,n.d.,,,,,,,,,,,,,
14 mai 2024,COM&CO GROUP,France |,Organisation de congrès scientifiques et projets digitaux,nan,nan,Santé,GROUPE PEGASE HEALTHCAR...,FONDATEUR(S),0-20 M€,Build-up,0-20,,,,,,,,,,,,,
14 mai 2024,IK PARTNERS (EX-IK INVESTMENT PAR...,Royaume-Uni |,Société européenne de capital-investissement,nan,nan,nan,WENDEL,MANAGER(S),750 M€,M&A (Int'l),nan,,,,,,,,,,,,,
14 mai 2024,ADRIAANSEN,Belgique |,Distribution d’emballages industriels,11,2023.0,Produits & Services industriels,SC PACK (SACCOF PACKAGI...,FONDATEUR(S),n.d.,M&A (Int'l),n.d.,,,,,,,,,,,,,
14 mai 2024,ATCORE TECHNOLOGY,Royaume-Uni |,Éditeur de logiciels de réservation de voyage,40,2024.0,Logiciel et services informatiques,TRAVELSOFT (EX ORCHESTRA),MANAGER(S),n.d.,Build-up international,n.d.,,,,,,,,,,,,,
14 mai 2024,KEGLER KÄELTE-KLIMATECHNIK & SERVICE,Allemagne |,Installation et maintenance de systèmes de climatisation et d’air conditionné,nan,nan,Produits & Services industriels,TSG,ACTIONNAIRES FAMILIAUX,n.d.,Build-up international,n.d.,,,,,,,,,,,,,
14 mai 2024,MARIANNE,France |,Magazine d'actualité hebdomadaire,12,2023.0,Média,OTIUM CAPITAL,CZECH MEDIA INVEST,0-20 M€,M&A Corporate,0-20,,,,,,,,,,,,,
14 mai 2024,TRAVELGATEX,Espagne |,Plateforme de connectivité B2B pour l'hébergement et les voyages,20,2024.0,Logiciel et services informatiques,TRAVELSOFT (EX ORCHESTRA),FONDATEUR(S),n.d.,Build-up international,n.d.,,,,,,,,,,,,,
14 mai 2024,MOREPHOTONICS,France |,Distributeur et intégrateur de solutions photoniques,nan,nan,Produits & Services industriels,OPTOPRIM GROUP,MANAGER(S),0-5 M€,Build-up,n.d.,,,,,,,,,,,,,
14 mai 2024,TRAVEL CONNECTION TECHNOLOGY (TCT),Roumanie |,Solutions logicielles pour le domaine du voyage (notamment pour la réservation d'hôtels),1,2024.0,Logiciel et services informatiques,TRAVELSOFT (EX ORCHESTRA),FONDATEUR(S),0-20 M€,Build-up international,0-20,,,,,,,,,,,,,
14 mai 2024,UPANDCHARGE,France |,Solutions de recharge par induction des véhicules électriques pour les entreprises et les collectivités,nan,nan,Automobile,PARIS BUSINESS ANGELS (...,nan,5-10 M€,Amorçage (seed),nan,,,,,,,,,,,,,
14 mai 2024,NEUFLIZE VIE,France |,Assurance vie,524,2023.0,nan,BNP PARIBAS CARDIF,ABN AMRO,250-500 M€,M&A Corporate,n.d.,,,,,,,,,,,,,
14 mai 2024,THERASONIC,France |,Dispositif médical robotisé conçu pour traiter les maladies neurologiques et notamment les cancers cérébraux.,nan,nan,Produits Pharmaceutiques & matériel médical,M2CARE,nan,n.d.,Amorçage (seed),nan,,,,,,,,,,,,,
14 mai 2024,SERVICES VOLTIGE,France |,Travaux sur corde,nan,nan,Produits & Services industriels,GROUPE NA (EX NA INVEST...,MANAGER(S),5-10 M€,Build-up,5-10,,,,,,,,,,,,,
13 mai 2024,OSMEA,France |,Spécialiste de la caisserie bois et de l’emballage industriel,5,2023.0,nan,AXIOM (ALT + MAINCO + A...,FONDATEUR(S),0-5 M€,M&A Corporate,0-5,,,,,,,,,,,,,
13 mai 2024,DISTILLERIE DU GORVELLO,France |,Distillerie,nan,nan,nan,MAISON FISSELIER,n.d.,0-5 M€,Majoritaire,0-5,,,,,,,,,,,,,
13 mai 2024,SCASSI CONSEIL,France |,Expert en cybersécurité des systèmes critiques,nan,nan,Logiciel et services informatiques,SQUAD,FONDATEUR(S),0-20 M€,Build-up,0-20,,,,,,,,,,,,,
13 mai 2024,TRAVELSOFT (EX ORCHESTRA),France |,Éditeur de logiciels de réservation de voyage pour professionnels,35,2023.0,Logiciel et services informatiques,CAPITAL CROISSANCE,nan,n.d.,Augmentation de capital,20-50,,,,,,,,,,,,,
13 mai 2024,SATELLIFACTS,France |,Quotidien de l’audiovisuel et du cinéma,nan,nan,Média,CFNEWS,FONDATEUR(S),0-5 M€,Majoritaire,0-5,,,,,,,,,,,,,
13 mai 2024,DIVISION BEAUTÉ ET BIOMÉDICALE DE...,États-Unis |,Collagène recombinant humain pour les applications beauté et biomédicales,nan,nan,Santé,HTL,MODERN MEADOW,n.d.,Build-up international,n.d.,,,,,,,,,,,,,
13 mai 2024,AS SAINT ETIENNE,France |,Club de football professionnel,53.50,2023.0,Tourisme,KILMER SPORTS VENTURES,ACTIONNAIRES,25 M€,Augmentation de capital,20-50,,,,,,,,,,,,,
13 mai 2024,ACTIVITÉS D'HOSPITALISATION À DOM...,France |,Huit établissements d'hospitalisation à domicile et trois agences de service de soins infirmiers et d'aide à domicile de Clariane,46.50,2023.0,Santé,FONDATION SANTE SERVICE,CLARIANE (EX KORIAN),50-150 M€,Carve-out,50-150,,,,,,,,,,,,,
13 mai 2024,CONSTELLATION,France |,ESN spécialisée en infogérance d’environnements cloud et de cybersécurité,200,2023.0,Logiciel et services informatiques,3I,QUALIUM INVESTISSEMENT,250-500 M€,LBO Bis,n.d.,,,,,,,,,,,,,
13 mai 2024,FUTURE FRENCH CHAMPIONS (FFC),France |,Fonds d'investissement,nan,nan,nan,BPIFRANCE INVESTISSEMENT,nan,n.d.,Augmentation de capital,nan,,,,,,,,,,,,,
13 mai 2024,MAY HEALTH (EX ABLACARE),France |,Instrumentation médicale spécialisée dans la santé et la fertilité féminine,nan,nan,Produits Pharmaceutiques & matériel médical,BPIFRANCE INVESTISSEMENT,nan,n.d.,2e tour,nan,,,,,,,,,,,,,
10 mai 2024,ELECTRICAL SAFETY,Royaume-Uni |,Fournisseur de services tels que la formation,nan,nan,Produits & Services industriels,SICAME,MANAGER(S),0-20 M€,Build-up international,0-20,,,,,,,,,,,,,
10 mai 2024,DESCARTES & MAUSS,France |,Éditeur d'un logiciel Saas alimenté par l'IA d'aide à la stratégie prospective pour les entreprises,nan,nan,Logiciel et services informatiques,ELAIA PARTNERS,nan,20-50 M€,1er tour,nan,,,,,,,,,,,,,
10 mai 2024,TRAACE,France |,Plateforme de pilotage de l’empreinte carbone pour le PME et ETI,nan,nan,Environnement & CleanTechs,TENNAXIA,ORANGE VENTURES,0-20 M€,Build-up,0-20,,,,,,,,,,,,,
08 mai 2024,SONIO,France |,Logiciel d'intelligence artificielle guidant les praticiens lors des échographies prénatales pour sécuriser et optimiser le dépistage et diagnostic prénatal,nan,nan,Logiciel et services informatiques,SAMSUNG MEDISON,FONDATEUR(S),100 M€,M&A (Int'l),nan,,,,,,,,,,,,,
07 mai 2024,USIMECA PROD,France |,Spécialisée dans l'usinage de précision.,1,2023.0,Produits & Services industriels,nan,ACTIONNAIRES HISTORIQUES,n.d.,Sponsorless,n.d.,,,,,,,,,,,,,
07 mai 2024,TALLEY,États-Unis |,Distributeurs de produits et de solutions d’infrastructure sans fil,333,2023.0,Produits & Services industriels,REXEL,ACTIONNAIRES FAMILIAUX,431 M€,M&A (Int'l),nan,,,,,,,,,,,,,
07 mai 2024,NUTRIEARTH,France |,Production d'ingrédients particulièrement riches en vitamine D3 à base d'insectes à destination du marché de l'alimentation animale,0.30,2023.0,nan,DEMETER (VOIR DEMA INVEST),nan,10 M€,2e tour,nan,,,,,,,,,,,,,
07 mai 2024,KESTRA,France |,Éditeur d'une technologie open source d'orchestration des flux de données critiques pour entreprises,nan,nan,Logiciel et services informatiques,ALVEN,nan,20-50 M€,1er tour,nan,,,,,,,,,,,,,
07 mai 2024,HYLE,France |,Société de projet de lancement de réseau blockchain,nan,nan,Logiciel et services informatiques,FRAMEWORK VENTURES,nan,0-20 M€,1er tour,nan,,,,,,,,,,,,,
07 mai 2024,SI TECH INDUSTRIE,France |,Conception de pergolas sur mesure,7,2023.0,Immobilier & construction,BOUYER LEROUX,n.d.,n.d.,M&A Corporate,n.d.,,,,,,,,,,,,,
07 mai 2024,GENSIGHT BIOLOGICS,France |,Biopharma développant des thérapies géniques pour maladies dégénératives de la rétine et troubles du système nerveux central,3,2023.0,nan,SOFINNOVA PARTNERS,nan,20-50 M€,Augmentation de capital,nan,,,,,,,,,,,,,
07 mai 2024,PRESTALIM'S,France |,Services de restauration collective,13,2023.0,Tourisme,SODERO (EX SODERO GESTION),MANAGER(S),0-20 M€,MBI,0-5,,,,,,,,,,,,,
07 mai 2024,MB PARIS (MERCEDES-BENZ PARIS),France |,Concessionnaire automobile,335,2022.0,nan,GROUPE COMO,MERCEDES BENZ GROUP,100 M€,M&A (Int'l),nan,,,,,,,,,,,,,
07 mai 2024,ACTIVITÉ DE CONDITIONNEMENT À FAÇ...,France |,Activité de conditionnement à façon de Filpack,nan,nan,Produits & Services industriels,GESTRA,FILPACK,0-5 M€,Carve-out,0-5,,,,,,,,,,,,,
07 mai 2024,IMAGINO,France |,Éditeur d’un logiciel de gestion des données clients et d'automatisation de campagnes marketing,nan,nan,Logiciel et services informatiques,CATHAY INNOVATION,nan,50-150 M€,2e tour,nan,,,,,,,,,,,,,
07 mai 2024,FACTORIELLES,France |,"- Factorielles : Logiciels et formations en protection sociale.
- Previssima : Plateforme d’information et de conseil en protection sociale.",4,2023.0,Logiciel et services informatiques,QUALIRETRAITE,MANAGER(S),5-10 M€,Build-up,5-10,,,,,,,,,,,,,
07 mai 2024,MAISON LEJABY,France |,Fabrication et commercialisation de lingerie et sous-vêtements premium en boutique,7.50,2023.0,Textile,MIRAE,TERENCE CAPITAL,0-5 M€,Retournement,nan,,,,,,,,,,,,,
07 mai 2024,FUTURA,Italie |,Plateforme éducative alimentée par l'IA,nan,nan,Logiciel et services informatiques,EURAZEO GLOBAL INVESTOR,nan,0-20 M€,1er tour,nan,,,,,,,,,,,,,
07 mai 2024,MEMO THERAPEUTICS,Suisse |,Société de biotechnologie en phase avancée qui développe un anticorps neutralisant le BKV de premier ordre pour l'infection par le BKV dans la transplantation rénale,nan,nan,nan,KURMA PARTNERS,nan,n.d.,3e tour,nan,,,,,,,,,,,,,
07 mai 2024,ASENIUM,France |,ESN spécialisée dans la mise à disposition de consultants CRM et ERP Salesforce,27,2023.0,Logiciel et services informatiques,FREELAND GROUP,FONDATEUR(S),30 M€,Build-up,n.d.,,,,,,,,,,,,,
06 mai 2024,CELLECTIS,France |,Ingénierie des génomes,17.90,2022.0,nan,ASTRAZENECA,nan,n.d.,Augmentation de capital,nan,,,,,,,,,,,,,
06 mai 2024,GROUPE ENTREPRENDRE (EX ENTREPREN...,France |,Groupe de presse distribuant notamment les magazines Entreprendre,10.10,2023.0,Média,DANAE GROUP,FONDATEUR(S),0-5 M€,OPA,nan,,,,,,,,,,,,,
06 mai 2024,EPRESSPACK,France |,Éditeur d'un logiciel Saas pour les professionnels de la communication,5,2023.0,Logiciel et services informatiques,ENTREPRENEUR INVEST,BUSINESS ANGEL(S),n.d.,Augmentation de capital,nan,,,,,,,,,,,,,
06 mai 2024,BICYCODE (DONT PARAVOL),France |,Opérateur agréé d’identification des deux-roues (marquage et identification des vélos),1.50,2023.0,Logiciel et services informatiques,ROOLE (EX IDENTICAR),MANAGER(S),0-20 M€,M&A Corporate,0-20,,,,,,,,,,,,,
06 mai 2024,STRUBE,Allemagne |,Semences de betterave à sucre,nan,nan,nan,GROUPE DELEPLANQUE,SUET,n.d.,Build-up international,n.d.,,,,,,,,,,,,,
06 mai 2024,POMPES FUNEBRES LECHEVALLIER,France |,Pompes Funèbres,nan,nan,Services & Biens de consommation,FUNECAP,n.d.,0-20 M€,Build-up,0-20,,,,,,,,,,,,,
06 mai 2024,STONAL,France |,Plateforme Saas de données immobilières,17,2023.0,Logiciel et services informatiques,AAREON,MANAGER(S),n.d.,Minoritaire,nan,,,,,,,,,,,,,
06 mai 2024,BYSTAMP,France |,Fournisseur de technologies,0.11,2023.0,Electronique & Informatique,nan,nan,11.60 M€,1er tour,nan,,,,,,,,,,,,,
06 mai 2024,STAN SOFT (GOSTAN),France |,Éditeur de logiciels de gestion de cave pour restaurateurs,nan,nan,Logiciel et services informatiques,nan,nan,0-20 M€,Amorçage (seed),nan,,,,,,,,,,,,,
05 mai 2024,SCOP3,France |,Prestataire d'aménagement de locaux professionnels par du mobilier reconditionné ou écoconçu,1,2023.0,Internet & ecommerce,AGENCE REGIONALE DES IN...,nan,0-20 M€,2e tour,nan,,,,,,,,,,,,,
03 mai 2024,PRESTICLIM,France |,Le traitement d’air,nan,nan,Produits & Services industriels,SYCLEF,MANAGER(S),n.d.,Build-up,n.d.,,,,,,,,,,,,,
03 mai 2024,DAUREMA,France |,Solution d’emballages en cellulose moulée,nan,nan,Produits & Services industriels,IRD INVEST,nan,3.15 M€,1er tour,nan,,,,,,,,,,,,,
03 mai 2024,INHEART,France |,Éditeur d'une solution logicielle de modélisation cardiaque pour le traitement d’images médicales préopératoires (cœur numérique 3D du patient),nan,nan,Logiciel et services informatiques,VESALIUS BIOCAPITAL,nan,20-50 M€,2e tour,nan,,,,,,,,,,,,,
03 mai 2024,OCCTE (AREC OCCITANIE),France |,Société de gestion axée sur la transition énergétique,nan,nan,nan,MAGELLIM,MANAGER(S),n.d.,Minoritaire,n.d.,,,,,,,,,,,,,
03 mai 2024,PROLED,Allemagne |,Éclairage LED,30,2023.0,Produits & Services industriels,GROUPE GALAED (MIIDEX L...,PERUSA,20-50 M€,Build-up international,20-50,,,,,,,,,,,,,
03 mai 2024,ILIAD,France |,Opérateur télécom,9 240,2023.0,Média,BOURSE ETRANGERE,n.d.,>1000 M€,Emission obligataire,nan,,,,,,,,,,,,,
03 mai 2024,CARGO,France |,Location courte et moyenne durée de voitures,40,2023.0,Services & Biens de consommation,JEAN LAIN MOBILITÉS,ACTIONNAIRES FAMILIAUX,20-50 M€,Sortie M&A Corporate,n.d.,,,,,,,,,,,,,
03 mai 2024,ARESMMA (ARES FIGHTING CHAMPIONSH...,France |,Formation et gestion de combattants et combattantes de MMA,nan,nan,Tourisme,TRAIL (TRAIL CAPITAL),FONDATEUR(S),0-20 M€,Cession de titres,0-20,,,,,,,,,,,,,
02 mai 2024,SERVICE TOUS TRANSPORTS (S.T.T),France |,Transport de bois ronds,3,2023.0,nan,MAUFFREY,FONDATEUR(S),0-20 M€,Build-up,0-20,,,,,,,,,,,,,
02 mai 2024,SPLIIIT,France |,Service de mise en relation entre particuliers pour le partage d’abonnements numériques autorisant plusieurs accès simultanés,2,2024.0,Internet & ecommerce,SUPERPROF,PERSONNE(S) PHYSIQUE(S),2 M€,Minoritaire,nan,,,,,,,,,,,,,
02 mai 2024,RAMIFY,France |,Éditeur d'un site de gestion de patrimoine et de conseil financier,nan,nan,nan,13BOOKS CAPITAL,nan,0-20 M€,1er tour,nan,,,,,,,,,,,,,
02 mai 2024,WEBYN,France |,Plateforme d'intelligence artificielle pour optimiser les interactions sur les sites B2B et B2C,nan,nan,Logiciel et services informatiques,TOMCAT CAPITAL,nan,0-20 M€,Amorçage (seed),nan,,,,,,,,,,,,,
02 mai 2024,RESILIENCE CARE,France |,Plateforme de télésurveillance de maladies chroniques : accompagnement des patients,nan,nan,Logiciel et services informatiques,PICUS CAPITAL,nan,n.d.,1er tour,nan,,,,,,,,,,,,,
02 mai 2024,GROUPE SAINT-AUBIN,France |,Produits surgelés et frais,30,2023.0,nan,ANTILLES-GLACES,CAPZA,n.d.,Sortie M&A Corporate,20-50,,,,,,,,,,,,,
02 mai 2024,ACTIVITÉS ADHÉSIFS DE LAMINATION ...,États-Unis |,Activité adhésifs de lamination pour emballages flexibles,nan,nan,Matières premières & industries de base (minerais,ARKEMA,DOW CHEMICAL,n.d.,M&A (Int'l),n.d.,,,,,,,,,,,,,
02 mai 2024,ACTIVITÉ DE DISTRIBUTION DE FERTI...,France |,Distribution de fertilisants solides et liquides fabriqués à partir de co-produits (comme mélasse et vinasse,15,2023.0,nan,VEOLIA AGRICULTURE (SED...,GROUPE DELEPLANQUE,5-10 M€,Carve-out,5-10,,,,,,,,,,,,,
02 mai 2024,SAPHELEC,France |,Services télécom aux entreprises.,26,2023.0,Média,SOFIPACA,BPIFRANCE INVESTISSEMENT,20-50 M€,LBO Bis,0-20,,,,,,,,,,,,,
02 mai 2024,EXELIOM BIOSCIENCES (EX NEXTBIOTIX),France |,Biotech misant sur une bactérie intestinale pour  lutter contre le cancer,nan,nan,nan,FOREPONT CAPITAL PARTNERS,nan,n.d.,1er tour,nan,,,,,,,,,,,,,
02 mai 2024,VOO,Belgique |,Opérateur télécom,nan,nan,Média,ORANGE BELGIUM (ORANGE ...,NETHYS,153 M€,M&A (à l'étranger),nan,,,,,,,,,,,,,
02 mai 2024,EUROFEU,France |,Fabrication,200,2023.0,Services & Biens de consommation,IK PARTNERS (EX-IK INVE...,CAPZA,250-500 M€,LBO V,n.d.,,,,,,,,,,,,,
21 janv. 2025,ACTIVITES DE GESTION D’ACTIFS DE ...,France |,Activités de gestion d’actifs de Generali Investments et de Natixis Investment Managers,4 100,2023.0,nan,GENERALI,n.d.,9 500 M€,M&A (Joint Venture),n.d.,,,,,,,,,,,,,
21 janv. 2025,DUCASSE PARIS,France |,Restauration,nan,nan,Tourisme,TREVISE PARTICIPATIONS,nan,n.d.,Augmentation de capital,n.d.,,,,,,,,,,,,,
21 janv. 2025,BOTANIC,France |,Enseigne de jardineries,400,2024.0,Services & Biens de consommation,CREDIT MUTUEL EQUITY,nan,250-500 M€,Augmentation de capital,50-150,,,,,,,,,,,,,
02 mai 2024,RAMIFY,France |,Éditeur d'un site de gestion de patrimoine et de conseil financier,nan,nan,nan,13BOOKS CAPITAL,nan,0-20 M€,1er tour,nan,,,,,,,,,,,,,
02 mai 2024,WEBYN,France |,Plateforme d'intelligence artificielle pour optimiser les interactions sur les sites B2B et B2C,nan,nan,Logiciel et services informatiques,TOMCAT CAPITAL,nan,0-20 M€,Amorçage (seed),nan,,,,,,,,,,,,,
02 mai 2024,RESILIENCE CARE,France |,Plateforme de télésurveillance de maladies chroniques : accompagnement des patients,nan,nan,Logiciel et services informatiques,PICUS CAPITAL,nan,n.d.,1er tour,nan,,,,,,,,,,,,,
02 mai 2024,GROUPE SAINT-AUBIN,France |,Produits surgelés et frais,30,2023.0,nan,ANTILLES-GLACES,CAPZA,n.d.,Sortie M&A Corporate,20-50,,,,,,,,,,,,,
02 mai 2024,ACTIVITÉS ADHÉSIFS DE LAMINATION ...,États-Unis |,Activité adhésifs de lamination pour emballages flexibles,nan,nan,Matières premières & industries de base (minerais,ARKEMA,DOW CHEMICAL,n.d.,M&A (Int'l),n.d.,,,,,,,,,,,,,
02 mai 2024,ACTIVITÉ DE DISTRIBUTION DE FERTI...,France |,Distribution de fertilisants solides et liquides fabriqués à partir de co-produits (comme mélasse et vinasse,15,2023.0,nan,VEOLIA AGRICULTURE (SED...,GROUPE DELEPLANQUE,5-10 M€,Carve-out,5-10,,,,,,,,,,,,,
02 mai 2024,SAPHELEC,France |,Services télécom aux entreprises.,26,2023.0,Média,SOFIPACA,BPIFRANCE INVESTISSEMENT,20-50 M€,LBO Bis,0-20,,,,,,,,,,,,,
02 mai 2024,EXELIOM BIOSCIENCES (EX NEXTBIOTIX),France |,Biotech misant sur une bactérie intestinale pour  lutter contre le cancer,nan,nan,nan,FOREPONT CAPITAL PARTNERS,nan,n.d.,1er tour,nan,,,,,,,,,,,,,
02 mai 2024,VOO,Belgique |,Opérateur télécom,nan,nan,Média,ORANGE BELGIUM (ORANGE ...,NETHYS,153 M€,M&A (à l'étranger),nan,,,,,,,,,,,,,
02 mai 2024,EUROFEU,France |,Fabrication,200,2023.0,Services & Biens de consommation,IK PARTNERS (EX-IK INVE...,CAPZA,250-500 M€,LBO V,n.d.,,,,,,,,,,,,,
02 mai 2024,CREAPHARM BIO&PHARMA (EX CREAPHAR...,France |,Conditionnement,30,2023.0,Produits Pharmaceutiques & matériel médical,MYONEX,CREAPHARM GROUP (SODIA),50-150 M€,Carve-out,n.d.,,,,,,,,,,,,,
02 mai 2024,INVENIS,France |,Éditeur d'un logiciel no code de collecte et de gestion des données pour administrations publiques et secteurs de la défense et de la sécurité,nan,nan,Logiciel et services informatiques,ADVANTHINK,CREDIT MUTUEL INNOVATION,0-20 M€,Retournement,0-20,,,,,,,,,,,,,
02 mai 2024,8SEC,France |,Studio de création et de développement de jeux vidéos ultra grand public (hyper casual),nan,nan,Logiciel et services informatiques,KWALEE,nan,1.50 M€,1er tour,nan,,,,,,,,,,,,,
02 mai 2024,ABAQUES,France |,Solutions globales en audiovisuel pour entreprises,12,2023.0,Média,INCEPT GROUP,FONDATEUR(S),0-20 M€,Build-up,0-20,,,,,,,,,,,,,
02 mai 2024,ELIIS,France |,Éditeur de logiciels d’interprétation sismique à destination des compagnies du secteur de l’énergie,10.50,2023.0,Logiciel et services informatiques,ARLANE (EX VESPA CAPITAL),FONDATEUR(S),0-20 M€,LBO Primaire,n.d.,,,,,,,,,,,,,
02 mai 2024,VOGO,France |,Solution technologique live de contenus audiovisuels,nan,nan,Média,ABEO,nan,20-50 M€,Augmentation de capital,nan,,,,,,,,,,,,,
02 mai 2024,SEALK,France |,Solution d'intelligence artificielle dédiée à faciliter la recherche de transactions pour les secteurs du M&A,0.80,2023.0,Logiciel et services informatiques,DATASITE,MANAGER(S),0-20 M€,Build-up international,0-20,,,,,,,,,,,,,
02 mai 2024,INDIENOV (HIPPY),France |,Concepteur de dispositifs médicaux permettant de protéger les personnes à risque contre la fracture du col du fémur (ceinture airbag),nan,nan,Produits Pharmaceutiques & matériel médical,nan,nan,9 M€,Amorçage (seed),nan,,,,,,,,,,,,,
02 mai 2024,FREE MANAGEMENT ET WKM INVEST,France |,Réseau franchisé de salles de sport,nan,nan,Santé,LC FITNESS,MANAGER(S),14 M€,M&A Corporate,nan,,,,,,,,,,,,,
01 mai 2024,SPORTIW,France |,Plateforme “intelligente” de recrutement de sportifs,nan,nan,Internet & ecommerce,nan,nan,0-20 M€,1er tour,nan,,,,,,,,,,,,,
01 mai 2024,MONEYOAK,Belgique |,Conseil spécialisé dans les incitants fiscaux à l’innovation et l’IP Box,10,2024.0,Services & Conseil aux entreprises,EPSA,MANAGER(S),n.d.,Build-up international,n.d.,,,,,,,,,,,,,
01 mai 2024,AIKIDO SECURITY,Belgique |,Solutions de sécurité des applications à destination des PME.,nan,nan,Logiciel et services informatiques,SINGULAR CAPITAL PARTNE...,nan,20-50 M€,2e tour,nan,,,,,,,,,,,,,
01 mai 2024,FUNCTIONAL FORMULARIES,États-Unis |,Spécialiste de l'alimentation par sonde à base d'aliments complets,nan,nan,nan,DANONE,n.d.,n.d.,M&A (Int'l),n.d.,,,,,,,,,,,,,
30 avr. 2024,ERIANE,France |,Spécialiste de l'étanchéité des enveloppes extérieures des bâtiments,nan,nan,Immobilier & construction,TOIT ET PATRIMOINE,MANAGER(S),n.d.,M&A Corporate,n.d.,,,,,,,,,,,,,
30 avr. 2024,BSM (BATIMENT SERRURERIE METALLERIE),France |,Constructions métalliques,3,2023.0,Immobilier & construction,BREIZH INVEST PME,n.d.,0-5 M€,MBI,0-5,,,,,,,,,,,,,
30 avr. 2024,ARBOL,États-Unis |,Logiciel pour les assurances contre les risques climatiques,nan,nan,Logiciel et services informatiques,GIANT VENTURES,nan,250-500 M€,2e tour,nan,,,,,,,,,,,,,
30 avr. 2024,FREQENS,France |,Éditeur d’un logiciel Saas,nan,nan,Logiciel et services informatiques,SEEDCAMP,nan,10-15 M€,Amorçage (seed),nan,,,,,,,,,,,,,
30 avr. 2024,APREX SOLUTIONS,France |,Analyse d’images dédiées aux contrôles Qualité & Process des entreprises,2,2023.0,Logiciel et services informatiques,YEAST,nan,6.50 M€,Augmentation de capital,nan,,,,,,,,,,,,,
30 avr. 2024,QUOTELO,France |,Éditeur d’un logiciel Saas de réservation et de gestion des devis hôteliers pour l’organisation d’événements,nan,nan,Logiciel et services informatiques,MEWS,FONDATEUR(S),0-20 M€,M&A (Int'l),0-20,,,,,,,,,,,,,
30 avr. 2024,VIMS SYSTEM,France |,Développement et commercialisation de solutions de vidéoscopie pour procédures laparoscopiques et arthroscopiques,17,2024.0,Produits Pharmaceutiques & matériel médical,ZIMMER BIOMET,M CAPITAL PARTNERS,20-50 M€,M&A (Int'l),20-50,,,,,,,,,,,,,
30 avr. 2024,CHOUETTEIMMO,France |,Plateforme de gestion de la relation client,0.52,2023.0,Logiciel et services informatiques,PARIS BUSINESS ANGELS (...,nan,0-20 M€,2e tour,nan,,,,,,,,,,,,,
30 avr. 2024,ACTIVITÉ SIGNALISATION ROUTIÈRE D...,France |,Business Unit de l'activité City de Lacroix spécialisée dans la signalisation routière,59,2023.0,Produits & Services industriels,AMERICAN INDUSTRIAL ACQ...,LACROIX GROUP,n.d.,Carve-out,n.d.,,,,,,,,,,,,,
30 avr. 2024,OPTEE,France |,Plateforme de pilotage de projets énergétiques,nan,nan,Internet & ecommerce,BLAST.CLUB (BLAST CLUB),nan,0-20 M€,Amorçage (seed),nan,,,,,,,,,,,,,
30 avr. 2024,EVENTIZ,France |,Agence événementielle et média du Tourisme digital,2,2023.0,Média,TRAVELSOFT (EX ORCHESTRA),FONDATEUR(S),0-20 M€,Retournement,n.d.,,,,,,,,,,,,,
30 avr. 2024,INSIDE THERAPEUTICS (INSIDE TX),France |,Développement d'instruments permettant d'encapsuler des molécules thérapeutiques telles que l'ARN,nan,nan,nan,NEWFUND,nan,0-20 M€,Amorçage (seed),nan,,,,,,,,,,,,,
30 avr. 2024,GIREVE,France |,Éditeur d'une plateforme d'intermédiation connectant les acteurs de la mobilité électrique aux différentes bornes de recharge,nan,nan,Logiciel et services informatiques,PARTECH,nan,20-50 M€,3e tour,nan,,,,,,,,,,,,,
30 avr. 2024,SPINEM ROBOTICS,France |,Création d'une technologie pour la chirurgie de la colonne vertébrale assistée par robot,nan,nan,Produits Pharmaceutiques & matériel médical,SPINEART,nan,20-50 M€,1er tour,nan,,,,,,,,,,,,,
30 avr. 2024,TRIANON HOMES (TRIANON GROUP),Gabon |,Constructeur et promoteur immobilier,38,2023.0,Immobilier & construction,INVESTISSEURS & PARTENA...,nan,n.d.,Augmentation de capital,nan,,,,,,,,,,,,,
30 avr. 2024,KOLUS,France |,Solution logicielle d'assistance interactive,nan,nan,Logiciel et services informatiques,EVOLEM,nan,3 M€,Amorçage (seed),nan,,,,,,,,,,,,,
30 avr. 2024,FLUIDES PETROLE SERVICES (FPS),France |,Conception,9,2023.0,nan,MESURE PROCESS HOLDING ...,FONDATEUR(S),5-10 M€,Build-up,5-10,,,,,,,,,,,,,
30 avr. 2024,FIME,France |,Fintech fournissant prestations de conseil ainsi solutions et services de tests de moyens de paiement,100,2023.0,nan,GALLANT CAPITAL,CHEQUERS CAPITAL,150-250 M€,LBO Bis,n.d.,,,,,,,,,,,,,
30 avr. 2024,MORFO,France |,Solution complète de reforestation par drones conjuguant encapsulation de semences,nan,nan,Environnement & CleanTechs,TEAMPACT.VENTURES,nan,20-50 M€,Amorçage (seed),nan,,,,,,,,,,,,,
30 avr. 2024,TRAITEUR DE PARIS,France |,Créateur et fabricant de produits surgelés (pâtisseries,80,2024.0,nan,NOE INDUSTRIES,FONDATEUR(S),20-50 M€,Augmentation de capital,nan,,,,,,,,,,,,,
30 avr. 2024,YUMGO,France |,Gamme de remplacement des œufs pour les professionnels de la pâtisserie,nan,nan,nan,BLAST.CLUB (BLAST CLUB),nan,5-10 M€,1er tour,nan,,,,,,,,,,,,,
30 avr. 2024,GROUPE PAROT,France |,Concessionnaire automobile,360.30,2022.0,Automobile,TRESSOL-CHABRIER,ACTIONNAIRES FAMILIAUX,50-150 M€,OPA,nan,,,,,,,,,,,,,
30 avr. 2024,ACTIVITE PAIEMENT D’UL SOLUTIONS,États-Unis |,Activité paiement d’UL Solutions,nan,nan,nan,FIME,UL SOLUTIONS,50-150 M€,Build-up international,n.d.,,,,,,,,,,,,,
30 avr. 2024,VIVADOUR,France |,Coopérative agricole,600,2023.0,nan,SOFIPROTEOL,nan,n.d.,Augmentation de capital,n.d.,,,,,,,,,,,,,
30 avr. 2024,GROUPE LE NORMAND,France |,Concessionnaire de Massey Fergusson et commerce de gros de matériel agricole,80,2023.0,nan,UNEXO,PERSONNE(S) PHYSIQUE(S),n.d.,MBO,n.d.,,,,,,,,,,,,,
30 avr. 2024,NOVATRA,France |,Conception,11,2023.0,Produits & Services industriels,UI INVESTISSEMENT,MANAGER(S),5-10 M€,MBO,n.d.,,,,,,,,,,,,,
30 avr. 2024,TURNK,France |,Intégrateur d'outils outils-métier (HubSpot,nan,nan,Logiciel et services informatiques,IRDI CAPITAL INVESTISSE...,nan,6 M€,1er tour,nan,,,,,,,,,,,,,
30 avr. 2024,TECHNAMM,France |,Fabrication de véhicules tout-terrain civils et militaires,26,2023.0,Automobile,BNP PARIBAS DEVELOPPEMENT,FONDATEUR(S),20-50 M€,LBO Primaire,20-50,,,,,,,,,,,,,
30 avr. 2024,LIONEL OSMIN ET CIE,France |,Viticulteur,10,2023.0,nan,CALAO FINANCE,nan,0-20 M€,Augmentation de capital,nan,,,,,,,,,,,,,
29 avr. 2024,LUNIWAVE,France |,Concepteur d’un système réduisant la consommation d’eau de douche dans les hôtels dans les hôtels par la stimulation du client final,0.20,2023.0,Logiciel et services informatiques,INOVEXUS,nan,0-5 M€,Amorçage (seed),nan,,,,,,,,,,,,,
29 avr. 2024,ESTELEC INDUSTRIE,France |,Fabrication de cartes electroniques assemblées,17,2023.0,Electronique & Informatique,VERDOSO INVESTMENTS SA,MANAGER(S),5-10 M€,Augmentation de capital,nan,,,,,,,,,,,,,
29 avr. 2024,APM INTERNATIONAL,France |,Agence de presse santé,9,2023.0,Média,EUROPA GROUP,WILMINGTON,26 M€,Build-up,nan,,,,,,,,,,,,,
29 avr. 2024,BOSPHORE SENSE,France |,Agence conseil en communication spécialisée en santé,3,2023.0,Média,EUROPA GROUP,FONDATEUR(S),0-20 M€,Build-up,0-20,,,,,,,,,,,,,
29 avr. 2024,ASTEK,France |,Conseil en NTIC,600,2023.0,Logiciel et services informatiques,INTERMEDIATE CAPITAL GR...,MANAGER(S),n.d.,Sponsorless,50-150,,,,,,,,,,,,,
29 avr. 2024,ACTIVITE 5VIEW,France |,Logiciels gestion performances systèmes et infrastructures informatiques,41.30,2023.0,Electronique & Informatique,EKINOPS,INFOVISTA,0-20 M€,Retournement,0-20,,,,,,,,,,,,,
29 avr. 2024,HARVY,France |,Plateforme permettant aux producteurs agricoles de mutualiser leurs livraisons auprès des distributeurs et restaurateurs,nan,nan,Logiciel et services informatiques,FBFC,nan,0-20 M€,Amorçage (seed),nan,,,,,,,,,,,,,
29 avr. 2024,LES SUCRERIES DU GABON (EX SUCRER...,Gabon |,Culture de la canne à sucre,nan,nan,nan,ETAT (SAUF FRANCE),GROUPE CASTEL,0-5 M€,Retournement,0-5,,,,,,,,,,,,,
29 avr. 2024,EUROPA GROUP,France |,Organisation de congrès médicaux et éditeur de presse spécialisé dans le secteur de la santé,160,2023.0,Média,ABENEX,FONDATEUR(S),250-500 M€,Cession secondaire,n.d.,,,,,,,,,,,,,
29 avr. 2024,SMART DATA POWER (DONT SMART DATA...,France |,Conseil et acquisition en datamarketing,nan,nan,Média,EUROPA GROUP,FONDATEUR(S),0-20 M€,Build-up,0-20,,,,,,,,,,,,,
29 avr. 2024,DOMOSCIO,France |,Edtech développant une application de personnalisation de contenus pédagogiques via l’intelligence artificielle,nan,nan,Internet & ecommerce,RISE UP,MYSKILLCAMP,0-20 M€,M&A Corporate,n.d.,,,,,,,,,,,,,
29 avr. 2024,TOP TOIT,France |,Spécialiste de l'étanchéité et de la maintenance des toitures plates,2,2024.0,Immobilier & construction,GROUPE VOLTA,PLEBAC,0-5 M€,Build-up,0-5,,,,,,,,,,,,,
29 avr. 2024,KREAXI,France |,Fonds d'investissement,nan,nan,nan,UI INVESTISSEMENT,MANAGER(S),n.d.,M&A Corporate,n.d.,,,,,,,,,,,,,
29 avr. 2024,LEONINE STUDIOS,Allemagne |,Production audiovisuelle,nan,nan,Média,MEDIAWAN,KKR,500 M€,M&A (Int'l),500-1000,,,,,,,,,,,,,
27 avr. 2024,PETIT FORESTIER,France |,Location de transport frigorifique,1 000,2023.0,nan,WREN HOUSE INFRASTRUCTURE,MANAGER(S),>1000 M€,Augmentation de capital,n.d.,,,,,,,,,,,,,
26 avr. 2024,WINOA GROUP,France |,Fabrication d’abrasifs,140,2021.0,Produits & Services industriels,SINTO GROUP,GSO CAPITAL PARTNERS,260 M€,Sortie M&A Corporate,nan,,,,,,,,,,,,,
26 avr. 2024,AMAYA AG,France |,Agritech spécialisée dans l'utilisation de l'Intelligence Artificielle pour la transformation de l'agriculture,nan,nan,Logiciel et services informatiques,REGION GRAND EST,nan,n.d.,Amorçage (seed),nan,,,,,,,,,,,,,
26 avr. 2024,REYOUZZ (TOMORROW TECH),France |,Spécialiste de la collecte,nan,nan,Environnement & CleanTechs,nan,nan,6 M€,1er tour,nan,,,,,,,,,,,,,
26 avr. 2024,OLIGOFEED,France |,Recherche et développement de macronutriments pour les abeilles,nan,nan,nan,THE YIELD LAB,nan,0-20 M€,Amorçage (seed),nan,,,,,,,,,,,,,
26 avr. 2024,CFCE,France |,Cabinet de conseil et audit financière,3,2023.0,Services & Conseil aux entreprises,NEXIA S&A (EX ACA NEXIA),MANAGER(S),0-5 M€,M&A Corporate,0-5,,,,,,,,,,,,,
26 avr. 2024,BEG INGENIERIE,France |,Bureau d'étude et d'ingénierie spécialisé en immobilier d’entreprise : architecture et conception-réalisation de centres commerciaux,148,2023.0,Immobilier & construction,BPIFRANCE INVESTISSEMENT,ACTIONNAIRES HISTORIQUES,50-150 M€,MBO IV,n.d.,,,,,,,,,,,,,
26 avr. 2024,GAÏANA (EX ID SYSTEMES SA),France |,Editeur de logiciels verticaux dédiés au secteur Agrifood (vins et spiritueux,40,2023.0,Logiciel et services informatiques,ORISHA,MEANINGS CAPITAL PARTNERS,50-150 M€,Build-up,n.d.,,,,,,,,,,,,,
26 avr. 2024,CARBONFACT (KANSO),France |,Plateforme de mesure de l’empreinte carbone des marques de vêtements et de chaussure,nan,nan,Logiciel et services informatiques,ALVEN,nan,50-150 M€,1er tour,nan,,,,,,,,,,,,,
26 avr. 2024,CVC CAPITAL PARTNERS (CVC),Jersey |,Société de gestion paneuropéenne,1 260,2023.0,nan,BOURSE ETRANGERE,FONDATEUR(S),18 000 M€,IPO,nan,,,,,,,,,,,,,
26 avr. 2024,SEELAB.AI,France |,Plateforme d’IA générative “tout-en-un” dédiée aux équipes créatives,nan,nan,Internet & ecommerce,SIDE ANGELS,nan,0-20 M€,Amorçage (seed),nan,,,,,,,,,,,,,
26 avr. 2024,DIRECTSKILLS,France |,Éditeur de logiciels de gestion des travailleurs intérimaires pour les entreprises,7.60,2023.0,Logiciel et services informatiques,ZVOOVE,FONDATEUR(S),0-20 M€,M&A (Int'l),0-20,,,,,,,,,,,,,
26 avr. 2024,SOCOTEC,France |,Inspection,1 350,2023.0,Services & Conseil aux entreprises,BPIFRANCE INVESTISSEMENT,COBEPA,3 200 M€,LBO IV,n.d.,,,,,,,,,,,,,
26 avr. 2024,NX NEURO (EX NEXT NEUROTECH),France |,Medtech concevant et développant des solutions pour le traitement chirurgical des épilepsies pharmaco-résistantes,nan,nan,Santé,SOCIÉTÉ FINANCIÈRE DU L...,FONDATEUR(S),0-20 M€,Amorçage (seed),nan,,,,,,,,,,,,,
26 avr. 2024,ADVENTYS,France |,Matériel de cuisson par induction pour professionnels,7,2023.0,Produits & Services industriels,ELECTROLUX PROFESSIONAL AB,ACTIONNAIRES FAMILIAUX,n.d.,Sortie M&A Corporate,nan,,,,,,,,,,,,,
25 avr. 2024,NEXEYE,Pays-Bas |,Fournisseurs de soins ophtalmologique sous les marques : eyes + more,nan,nan,Santé,KKR,3I,n.d.,LBO Bis,n.d.,,,,,,,,,,,,,
25 avr. 2024,PIXACARE,France |,Plateforme de suivi des pathologies cutanées,nan,nan,Logiciel et services informatiques,ELAIA PARTNERS,nan,5-10 M€,1er tour,nan,,,,,,,,,,,,,
25 avr. 2024,TARIAN PHARMA,France |,Prévention des effets indésirables cutanés des traitements des cancers,nan,nan,Produits Pharmaceutiques & matériel médical,nan,nan,0-20 M€,1er tour,nan,,,,,,,,,,,,,
25 avr. 2024,VELYVELO,France |,Fabrication,4.05,2023.0,nan,NCI,nan,0-20 M€,2e tour,nan,,,,,,,,,,,,,
25 avr. 2024,TERNEL (EX MAIF AVENIR),France |,Activité de capital-innovation de l'assureur mutualiste Maif,nan,nan,nan,CAPITAL CROISSANCE,MAIF,n.d.,M&A Corporate,n.d.,,,,,,,,,,,,,
25 avr. 2024,CNP CYPRUS INSURANCE HOLDINGS,Chypre |,Solutions d'assurance vie et non-vie,236,2023.0,nan,HELLENIC BANK,CNP ASSURANCES,182 M€,M&A (Int'l),nan,,,,,,,,,,,,,
25 avr. 2024,INCC PARFUMS (INTERNATION NEW CRE...,France |,Conception et distribution de parfums sous licence,30,2023.0,Textile,GIVE BACK BEAUTY,MANAGER(S),15-20 M€,M&A (Int'l),15-20,,,,,,,,,,,,,
25 avr. 2024,TRANSARC,France |,Transport de voyageurs par autocars,83,2023.0,nan,INFRANITY,MANAGER(S),n.d.,Majoritaire,n.d.,,,,,,,,,,,,,
25 avr. 2024,SMAC,France |,Opérateur d'enveloppe des bâtiments,496,2023.0,Immobilier & construction,COMPAGNIE FINANCIÈRE JO...,OPENGATE CAPITAL,n.d.,LBO Bis,nan,,,,,,,,,,,,,
25 avr. 2024,ALTER EGO OCEAN INDIEN,France |,Agence d'intérim,30,2023.0,Services & Conseil aux entreprises,ACTUAL LEADER GROUP,FONDATEUR(S),20-50 M€,Build-up,20-50,,,,,,,,,,,,,
25 avr. 2024,HRA PHARMA RARE DISEASES,France |,Laboratoire pharmaceutique spécialisé dans les maladies rares et ultra-rares,50,2023.0,Produits Pharmaceutiques & matériel médical,ESTEVE PHARMACEUTICALS,PERRIGO,275 M€,Build-up international,nan,,,,,,,,,,,,,
25 avr. 2024,INFORUM,France |,Editeur de logiciels conçus et développés pour l'activité pressing et blanchisserie,0.90,2023.0,Logiciel et services informatiques,EVERFIELD SOFTWARE,MANAGER(S),0-20 M€,Build-up international,0-20,,,,,,,,,,,,,
24 avr. 2024,MONSIEUR PEINTURE (CARAVAGGIO),France |,Plateforme digitale de mise en relation entre particuliers et artisans dans le domaine de la peinture et de la rénovation,4,2023.0,Internet & ecommerce,GROUPE ACTEO (THÉOLAUR ...,FONDATEUR(S),0-20 M€,Build-up,n.d.,,,,,,,,,,,,,
24 avr. 2024,AGOSTINELLI PEINTURES INDUSTRIELLES,France |,Peintures industrielles,nan,nan,Produits & Services industriels,ACI GROUPE,MANAGER(S),n.d.,Build-up,n.d.,,,,,,,,,,,,,
24 avr. 2024,METAL TECHNOLOGIES MANUFACTURING ...,France |,Mécanosoudure pour constructeurs ferroviaires.,24,2024.0,Produits & Services industriels,GROUPE COCHEZ,n.d.,n.d.,M&A Corporate,n.d.,,,,,,,,,,,,,
24 avr. 2024,SOCIETE FINANCIERE DE LACANCHE SO...,France |,Fabrication d'équipements de cuisine haut de gamme (dont marques de pianos de cuisine Lacanche,62,2023.0,Services & Biens de consommation,GROUPE SEB,ACTIONNAIRES FAMILIAUX,50-150 M€,Majoritaire,50-150,,,,,,,,,,,,,
24 avr. 2024,DIPEEO,France |,Rationalisation et automatisation des processus de conformité RGPD,1,2023.0,Logiciel et services informatiques,HI INOV - DENTRESSANGLE,nan,0-20 M€,Amorçage (seed),nan,,,,,,,,,,,,,
24 avr. 2024,IDEATE SOFTWARE,États-Unis |,Éditeur de logiciels développant une gamme d'outils pour Revit pour lesentreprises des secteurs de l'architecture,nan,nan,Logiciel et services informatiques,GRAITEC,IDEATE INC.,0-20 M€,Build-up international,n.d.,,,,,,,,,,,,,
24 avr. 2024,JEAN LAIN MOBILITÉS,France |,Concessionnaire et réparateur automobile : le groupe,1 206,2023.0,nan,CREDIT AGRICOLE SUD RHO...,nan,n.d.,Augmentation de capital,n.d.,,,,,,Audi,Ligier Pro,Jean Lain Occasions,,,,,
24 avr. 2024,10LINES,Estonie |,Technologie autonome de marquage des chaussées utilisant la robotique et l'IA,nan,nan,Electronique & Informatique,KARISTA (EX CAPDECISIF ...,nan,0-20 M€,1er tour,nan,,,,,,,,,,,,,
24 avr. 2024,WB AFRICA,Maroc |,Réseau d’agences de communication et de création d’espaces médias,nan,nan,Média,H&S INVEST HOLDING,AMETHIS,n.d.,Cession de titres,n.d.,,,,,,,,,,,,,
24 avr. 2024,SRC SYSTEM INTEGRATOR,Pays-Bas |,Éditeur de logiciels dans les domaines du PIM (Product Information Management),3.40,2023.0,Logiciel et services informatiques,AGENA3000 (AGENA 3000),MANAGER(S),0-5 M€,M&A (Int'l),0-5,,,,,,,,,,,,,
23 avr. 2024,SLOW VILLAGE,France |,Hôtellerie de plein air,nan,nan,Tourisme,GROUPE INSPIRE,FONDATEUR(S),0-20 M€,Build-up,0-20,,,,,,,,,,,,,
23 avr. 2024,RATTO PERE ET FILS,France |,Pro-totypage et réparation d’ensembles mécaniques,1,2023.0,Produits & Services industriels,ATELIERS MECANIQUES DE ...,MANAGER(S),n.d.,M&A Corporate,n.d.,,,,,,,,,,,,,
23 avr. 2024,TCHAOMEGOT,France |,Collecte,nan,nan,Environnement & CleanTechs,RIVES CROISSANCE,nan,n.d.,1er tour,nan,,,,,,,,,,,,,
23 avr. 2024,CONSEIL MEDIA SANTE,France |,Agence de conseil média et communication digitale à destination des professionnels de la santé,nan,nan,Média,SERVICEPLAN,INVESTISSEUR(S) PRIVÉ(S),0-20 M€,M&A (Int'l),n.d.,,,,,,,,,,,,,
23 avr. 2024,ROSSARD CONSEIL,France |,Courtage en assurances conseils aux entreprises,nan,nan,nan,LAPI GROUPE,MANAGER(S),0-5 M€,M&A Corporate,0-5,,,,,,,,,,,,,
23 avr. 2024,EKYLIS,France |,Cabinet d'expertise comptable,nan,nan,Services & Conseil aux entreprises,NUMANS (EX SAFIGEC),n.d.,n.d.,M&A Corporate,n.d.,,,,,,,,,,,,,
22 avr. 2024,SPACESENSE,France |,Plateforme d’intelligence artificielle pour utilisation image satellite dans l'agriculture,nan,nan,Logiciel et services informatiques,XFARM TECHNOLOGIES,FONDATEUR(S),n.d.,M&A (Int'l),n.d.,,,,,,,,,,,,,
22 avr. 2024,GROUPEX SOLUTIONS,Canada |,Éditeur d'un logiciel d’accompagnement RH (solutions de gestion du capital humain ou HCM),nan,nan,Logiciel et services informatiques,HR PATH,FONDATEUR(S),n.d.,Build-up international,n.d.,,,,,,,,,,,,,
22 avr. 2024,FINANCIERE ET IMMOBILIERE DE L'ET...,France |,"Groupe de loisirs organisé autour de 3 pôles d'activités :
- location de maisons mobiles et d'emplacements de caravaning ;
- exploitation d'un parking sur la Canebière à Marseille ;
- exploitation d'un bar-restaurant.",1.50,2023.0,Tourisme,TITUS FINANCE,EURONEXT (BOURSE),n.d.,Retrait de cote,n.d.,,,,,,,,,,,,,
22 avr. 2024,LA PHOCEENNE D'INVESTISSEMENT,France |,Cabinet en gestion du patrimoie,nan,nan,nan,GROUPE PREMIUM,MANAGER(S),0-5 M€,Build-up,0-5,,,,,,,,,,,,,
22 avr. 2024,NDC ASSOCIES,France |,Cabinet de conseil en patrimoine,nan,nan,nan,GROUPE PREMIUM,MANAGER(S),0-5 M€,Build-up,0-5,,,,,,,,,,,,,
22 avr. 2024,DDC GESTION DE PATRIMOINE,France |,Cabinet de gestion en patrimoine,nan,nan,nan,GROUPE PREMIUM,MANAGER(S),0-5 M€,Build-up,0-5,,,,,,,,,,,,,
22 avr. 2024,MCI GROUP,Suisse |,Conseil en marketing et communication évènementielle pour les entreprises,nan,nan,Média,L-GAM,INDIGO CAPITAL,250-500 M€,MBO,n.d.,,,,,,,,,,,,,
19 avr. 2024,OPÉRA MAGAZINE,France |,Magazine de référence des amateurs d’art lyrique,4,2023.0,Média,VENDÔME PUBLICATION (DR...,I/O MEDIA (EX TÊTU VENT...,0-5 M€,Retournement,nan,,,,,,,,,,,,,
19 avr. 2024,ATLANTIQUE INDUSTRIE,France |,Traitement et de l’épuration des eaux industrielles usées,12,2023.0,Environnement & CleanTechs,TRESCH TRAITEMENT DES EAUX,MANAGER(S),0-20 M€,Build-up,n.d.,,,,,,,,,,,,,
19 avr. 2024,TÊTU MEDIA,France |,Presse défendant les droits et la dignité des personnes LGBT+.,3,2023.0,Média,GROUPE SOS,I/O MEDIA (EX TÊTU VENT...,0-5 M€,Retournement,0-5,,,,,,,,,,,,,
19 avr. 2024,IDEAT EDITIONS (IDEAT ET THE GOOD...,France |,- Ideat (fondé en 1999) : magazine bimestriel spécialisé dans le design,5,2023.0,Média,PRISMA MEDIA,I/O MEDIA (EX TÊTU VENT...,0-5 M€,Retournement,nan,,,,,,,,,magazine bimestriel masculin spécialisé dans le lifestyle,,,,
19 avr. 2024,ACTIVITE DE SIGNALISATION CONVENT...,États-Unis |,Activité de signalisation conventionnelle nord-américaine d'Alstom,300,2023.0,nan,KNORR-BREMSE,ALSTOM,n.d.,Carve-out,nan,,,,,,,,,,,,,
18 avr. 2024,VALEO,France |,Équipementier automobile,22 044,2023.0,Automobile,nan,n.d.,>1000 M€,Emission obligataire,nan,,,,,,,,,,,,,
18 avr. 2024,UPPER-LINK,France |,ESN pure player de l'intégration et de la distribution de solutions Microsoft.,20,2023.0,Logiciel et services informatiques,INHERENT,MANAGER(S),15-20 M€,Build-up,15-20,,,,,,,,,,,,,
18 avr. 2024,BIOMERIEUX SA,France |,Fabrication de systèmes de diagnostic in vitro,3 680,2023.0,Produits Pharmaceutiques & matériel médical,nan,GROUPE INDUSTRIEL MARCE...,n.d.,Cession de titres,nan,,,,,,,,,,,,,
18 avr. 2024,TERRIFLUX,France |,Éditeur d'un logiciel de collecte et de visualisation des données des flux de matières,nan,nan,Logiciel et services informatiques,COOPVENTURE,nan,0-5 M€,Amorçage (seed),nan,,,,,,,,,,,,,
18 avr. 2024,USUAL LABS,France |,Développement d'un protocole de stablecoin décentralisé pour déployer une cryptomonnaie offrant des rendements générés par des actifs réels,nan,nan,nan,IOSG VENTURES,nan,94 M€,Amorçage (seed),nan,,,,,,,,,,,,,
18 avr. 2024,PLANISWARE,France |,Éditeur de logiciels de gestion de portefeuille de projets,156,2023.0,Logiciel et services informatiques,CDC CROISSANCE,ARDIAN GROWTH,1 100 M€,IPO,nan,,,,,,,,,,,,,
18 avr. 2024,MONNET,France |,Fabrication de chaussettes françaises,3,2023.0,Textile,nan,MANAGER(S),0-5 M€,M&A Corporate,0-5,,,,,,,,,,,,,
18 avr. 2024,FINOVOX,France |,Éditeur d’un logiciel de lutte contre les falsifications documentaires,nan,nan,Logiciel et services informatiques,BLAST.CLUB (BLAST CLUB),nan,10-15 M€,2e tour,nan,,,,,,,,,,,,,
17 avr. 2024,STORK UK,Royaume-Uni |,Services techniques d'entretien et maintenance de sites et d’équipements industriels,242,2023.0,Produits & Services industriels,ALTRAD,STORK,n.d.,M&A (Int'l),n.d.,,,,,,,,,,,,,
17 avr. 2024,SOLOCAL (EX PAGESJAUNES GROUPE),France |,Communication locale digitale,359.70,2023.0,Média,YCOR,MANAGER(S),n.d.,Retournement,nan,,,,,,,,,,,,,
17 avr. 2024,CIBLER,France |,Solution de coupons digitaux de réduction à destination des résidents ou des touristes.,nan,nan,Logiciel et services informatiques,LA FABRIQUE BY CA,nan,n.d.,Augmentation de capital,n.d.,,,,,,,,,,,,,
17 avr. 2024,SOLVARES GROUP,Allemagne |,Editeur de logiciels permettant aux clients de planifier,nan,nan,Logiciel et services informatiques,FIVE ARROWS (ROTHSCHILD...,DEUTSCHE BETEILIGUNGS (...,n.d.,LBO Bis,n.d.,,,,,,,,,,,,,
17 avr. 2024,CYNAPPS (ARAÏKO),France |,Intégration de l’intelligence artificielle au sein des entreprises,nan,nan,Logiciel et services informatiques,OKTEO,nan,n.d.,1er tour,nan,,,,,,,,,,,,,
16 avr. 2024,4NRJ,France |,Spécialiste infrastructure ferroviaire,5.56,2023.0,Produits & Services industriels,NOVARC (EX SIBILLE INDU...,MANAGER(S),n.d.,Build-up,n.d.,,,,,,,,,,,,,
16 avr. 2024,DUFRASNE,France |,Aménagement paysager d'extérieur,nan,nan,Immobilier & construction,nan,ACTIONNAIRES,n.d.,M&A Corporate,n.d.,,,,,,,,,,,,,
16 avr. 2024,LES OPTICIENS À DOMICILE,France |,Réseau national d'opticiens intervenant sur le lieu de travail ou de vie,2,2023.0,Services & Biens de consommation,LES OPTICIENS MOBILES,FONDATEUR(S),0-5 M€,Build-up,0-5,,,,,,,,,,,,,
16 avr. 2024,RETROFLEET,France |,Solutions digitales pour la mobilité électrique (gestion des batteries,3,2023.0,Environnement & CleanTechs,CBM,MANAGER(S),0-20 M€,Majoritaire,n.d.,,,,,,,,,,,,,
16 avr. 2024,RETRAITE.COM (KOVITZ INTERACTIVE),France |,Simulateur d'épargne en ligne dédié à la retraite,1,2023.0,Internet & ecommerce,ERES,FONDATEUR(S),0-5 M€,Build-up,0-5,,,,,,,,,,,,,
16 avr. 2024,AVENIR SANTE FORMATION,France |,Formation continue pour professionnels de santé,18,2023.0,Services & Biens de consommation,ALTUR INVESTISSEMENT,nan,5-10 M€,Augmentation de capital,nan,,,,,,,,,,,,,
16 avr. 2024,WALTER GORMAN JR FIRE ALARM CONSU...,États-Unis |,Société de conseil qui s'occupe principalement des systèmes d'alarme incendie,nan,nan,Services & Conseil aux entreprises,SOCOTEC,n.d.,20-50 M€,Build-up international,n.d.,,,,,,,,,,,,,
16 avr. 2024,FUTURE TECH CONSULTANTS OF NEW YO...,États-Unis |,Inspection et tests,nan,nan,Services & Conseil aux entreprises,SOCOTEC,n.d.,20-50 M€,Build-up international,n.d.,,,,,,,,,,,,,
16 avr. 2024,LA CONCIERGERIE SOLIDAIRE,France |,Service de conciergerie aux entreprises : services du quotidien,2.70,2023.0,Services & Conseil aux entreprises,PHITRUST PARTENAIRES,FONDATEUR(S),0-5 M€,Augmentation de capital,nan,,,,,,,,,,,,,
16 avr. 2024,MÉCANIQUE GÉNÉRALE DE L'ORVIN (M....,France |,Mécanique générale et la construction de machines à destination des donneurs d’ordre industriels du secteur de l’emballage,nan,nan,Produits & Services industriels,NEED ROBOTICS,MANAGER(S),n.d.,M&A Corporate,n.d.,,,,,,,,,,,,,
16 avr. 2024,MAISON BLANC,France |,Distribution des produits de la mer,nan,nan,nan,MERICQ,MAISON GILLARDEAU,n.d.,M&A Corporate,n.d.,,,,,,,,,,,,,
16 avr. 2024,BRETAGNE CHIMIE FINE (BCF LIFE SC...,France |,Extraction d'acides aminés (déchets de production alimentaire) pour l’industrie pharmaceutique,53.50,2023.0,Matières premières & industries de base (minerais,SONAE (SONAE INDUSTRIA),MBO+,175 M€,Sortie M&A Corporate,nan,,,,,,,,,,,,,
16 avr. 2024,ITAL EXPRESS,France |,Approvisionnement pièces de rechange pour poids lourds,65,2023.0,nan,NAXICAP PARTNERS,CAPZA,50-150 M€,LBO VI,n.d.,,,,,,,,,,,,,
16 avr. 2024,PAKELLA,Lettonie |,Fabrication et distribution d'emballages industriels et alimentaires à divers clients professionnels,15,2023.0,Produits & Services industriels,ANTALIS,n.d.,10-15 M€,M&A (Int'l),10-15,,,,,,,,,,,,,
16 avr. 2024,PLAYSE,France |,Éditeur d'un site de réservation d'entraînements de football pour les moins de 16 ans,nan,nan,Internet & ecommerce,nan,nan,5-10 M€,Amorçage (seed),nan,,,,,,,,,,,,,
16 avr. 2024,THOMAS & ADAMSON,Royaume-Uni |,Activités de conseil face aux défis liés à l'acquisition,14,2023.0,Immobilier & construction,EGIS,MANAGER(S),15-20 M€,Build-up international,n.d.,,,,,,,,,,,,,
16 avr. 2024,ADICE INTERIM,France |,Travail temporaire spécialisée dans les domaines de la construction et des services.,4.22,2023.0,Services & Conseil aux entreprises,NETWORK INTERIM,MANAGER(S),0-5 M€,M&A Corporate,n.d.,,,,,,,,,,,,,
16 avr. 2024,STIM GROUP,France |,Collectif d’inventeurs,nan,nan,Services & Conseil aux entreprises,DELOITTE,MANAGER(S),n.d.,M&A (Int'l),n.d.,,,,,,,,,,,,,
16 avr. 2024,AIRESS,France |,Installation et maintenance de systèmes de protection incendie par extinction automatique à eau,45,2023.0,Produits & Services industriels,TRAJAN,ACTIONNAIRES HISTORIQUES,20-50 M€,BIMBO,0-20,,,,,,,,,,,,,
15 avr. 2024,EDEN AI (DATAGENIUS),France |,Éditeur d'une plateforme facilitant l'intégration des modèles d'intelligence artificielle pour toutes les entreprises,nan,nan,Logiciel et services informatiques,GALION.EXE,nan,10-15 M€,Amorçage (seed),nan,,,,,,,,,,,,,
15 avr. 2024,ACCES INDUSTRIE,France |,Location de nacelles élévatrices et de chariots téléscopiques,140,2023.0,Produits & Services industriels,DELMAS INVESTISSEMENTS ...,EQUISTONE PARTNERS,400 M€,LBO Ter,n.d.,,,,,,,,,,,,,
15 avr. 2024,BERNSTEIN (GROUPE SOCIETE GENERALE),États-Unis |,Franchise de recherche et de cash actions,nan,nan,nan,GROUPE SOCIETE GENERALE,n.d.,n.d.,M&A (Joint Venture),n.d.,,,,,,,,,,,,,
15 avr. 2024,PANDRIKS BAKE OFF,Pays-Bas |,Fabrication de produits de boulangerie,150,2023.0,nan,BRIDOR,MANAGER(S),n.d.,M&A (Int'l),n.d.,,,,,,,,,,,,,
15 avr. 2024,ECOD'AIR (ECODAIR),France |,ESS  spécialisée dans le reconditionnement informatique à vocation sociale,5.30,2023.0,Electronique & Informatique,GROUPE BNP PARIBAS,nan,n.d.,Augmentation de capital,nan,,,,,,,,,,,,,
15 avr. 2024,VOYAGES GOUJEAU,France |,Services de transports pour collectivités locales,6.20,2023.0,nan,GROUPE FAST,MANAGER(S),0-20 M€,Build-up,0-20,,,,,,,,,,,,,
15 avr. 2024,AVNOS,États-Unis |,Captage de CO2  dans l’air ambiant (« Direct Air Capture »,nan,nan,nan,SAFRAN CORPORATE VENTURES,nan,n.d.,1er tour,nan,,,,,,,,,,,,,
15 avr. 2024,AUDIOTONIX,Royaume-Uni |,Consoles de mixage audio,350,2023.0,Electronique & Informatique,PAI PARTNERS,ARDIAN BUYOUT,2 300 M€,LBO IV,n.d.,,,,,,,,,,,,,
15 avr. 2024,VIZCAB,France |,Solutions basées sur les data sciences pour catalyser la transition carbone du bâtiment,nan,nan,Logiciel et services informatiques,A/O PROPTECH,nan,0-20 M€,1er tour,nan,,,,,,,,,,,,,
15 avr. 2024,ENTROVIEW,France |,Édition d'un logiciel de diagnostic des batteries électriques,nan,nan,Logiciel et services informatiques,VENTECH,nan,5-10 M€,Amorçage (seed),nan,,,,,,,,,,,,,
15 avr. 2024,NECTARGO,France |,Solution digitale qui facilite la logistique alimentaire locale en connectant agriculteurs et commerçants,nan,nan,Logiciel et services informatiques,EVOLEM,nan,0-20 M€,1er tour,nan,,,,,,,,,,,,,
15 avr. 2024,POLYPROCESS,France |,Fournisseur de gelcoats pour l’industrie des composites.,25,2023.0,Matières premières & industries de base (minerais,POLYNT,FONDATEUR(S),20-50 M€,Build-up international,20-50,,,,,,,,,,,,,
15 avr. 2024,QOMMUTE,France |,Éditeur d'un logiciel Saas permettant aux opérateurs de transports de diffuser des informations aux usagers en temps réel,2,2023.0,Logiciel et services informatiques,RE-SOURCES CAPITAL,nan,0-20 M€,Augmentation de capital,nan,,,,,,,,,,,,,
15 avr. 2024,MEMORIZER,France |,Éditeur d'une application mobile de sauvegarde et recommandation de références culturelles,nan,nan,Logiciel et services informatiques,KIMA VENTURES,nan,5-10 M€,Amorçage (seed),nan,,,,,,,,,,,,,
15 avr. 2024,NOVA CARBON,France |,Recyclage de la fibre carbone,nan,nan,Environnement & CleanTechs,VENTECH,nan,0-20 M€,Amorçage (seed),nan,,,,,,,,,,,,,
15 avr. 2024,BRIDGE.AUDIO (BRIDGE AUDIO),France |,Éditeur d'un logiciel Saas de partage de fichiers et de collaboration dédié aux professionnels de l'audio,nan,nan,Logiciel et services informatiques,BPIFRANCE INVESTISSEMENT,nan,5-10 M€,1er tour,nan,,,,,,,,,,,,,
15 avr. 2024,HUG ENGINEERING,Suisse |,Systèmes de purification des gaz d'échappement pour moteurs,nan,nan,Environnement & CleanTechs,OGEPAR,FORVIA (EX FAURECIA),55 M€,M&A (Int'l),nan,,,,,,,,,,,,,
15 avr. 2024,DBT,France |,Fabricant spécialiste des bornes de recharge pour véhicule électrique et des solutions de distribution d'énergie,nan,nan,Environnement & CleanTechs,NORD CAPITAL PARTENAIRES,EURONEXT GROWTH (EX ALT...,n.d.,Augmentation de capital,nan,,,,,,,,,,,,,
15 avr. 2024,DEEPBLOO,France |,Éditeur d'une plateforme recourant à l'IA pour centraliser les appels d’offres dans le secteur de l'énergie (projets d'installation de panneaux photovoltaïques,nan,nan,Logiciel et services informatiques,nan,nan,0-5 M€,1er tour,nan,,,,,,,,,,,,,
15 avr. 2024,BABCOCK WANSON,France |,Conception et fabrication de chaudières industrielles,300,2023.0,Produits & Services industriels,CREDIT AGRICOLE (FINANC...,n.d.,250-500 M€,Refinancement,n.d.,,,,,,,,,,,,,
15 avr. 2024,ZESTMEUP,France |,Logiciel de mesure du taux d'engagement des salariés,nan,nan,Logiciel et services informatiques,REFLEXION CAPITAL,nan,0-20 M€,1er tour,nan,,,,,,,,,,,,,
15 avr. 2024,FIGHTART,France |,Équipements pour arts martiaux et sports de combat,nan,nan,Textile,SPHÈRE BRANDS GROUP (RA...,FONDATEUR(S),0-5 M€,Build-up,0-5,,,,,,,,,,,,,
15 avr. 2024,CYBERS,Estonie |,Solutions de cybersécurité de bout en bout,5.30,2022.0,Logiciel et services informatiques,NEVERHACK (EX PR0PH3CY),MANAGER(S),n.d.,Build-up international,n.d.,,,,,,,,,,,,,
15 avr. 2024,SEQUENTIA BIOTECH,Espagne |,Solutions technologiques dans les domaines de la biomédecine,nan,nan,Logiciel et services informatiques,SEVENTURE PARTNERS,nan,20-50 M€,1er tour,nan,,,,,,,,,,,,,
12 avr. 2024,PAUMELLES LIEGEOISES,Belgique |,Conception,1.20,2022.0,Produits & Services industriels,ESTEVE & COMPAGNIE,MANAGER(S),0-5 M€,Build-up international,0-5,,,,,,,,,,,,,
12 avr. 2024,AUTO FRANCE PARTS,France |,Distributeur de pièces de rechange constructeurs et équipementiers,53,2023.0,nan,nan,ACTIONNAIRES,0-20 M€,MBO,0-20,,,,,,,,,,,,,
12 avr. 2024,GLEEPH (F-451),France |,Solution de gestion de bibliothèque personnelle,nan,nan,Internet & ecommerce,BANQUE DES TERRITOIRES,nan,0-5 M€,2e tour,nan,,,,,,,,,,,,,
12 avr. 2024,COLOR GROUP EXPERIENCE,France |,Opérateur de cars touristiques,3,2023.0,Tourisme,nan,EUROSUD SWATON ASSURANCES,2 M€,MBO,0-5,,,,,,,,,,,,,
12 avr. 2024,API PROVENCE,France |,Association dédiée au logement,nan,nan,Immobilier & construction,BATIGÈRE,MANAGER(S),0-20 M€,Majoritaire,0-20,,,,,,,,,,,,,
12 avr. 2024,AGEAS,Belgique |,Compagnie d'assurance,17 100,2023.0,nan,BNP PARIBAS CARDIF,FOSUN GROUP,8 000 M€,Cession de titres,nan,,,,,,,,,,,,,
12 avr. 2024,MULTICHOICE,Afrique du Sud |,Opérateur de télévision payante,nan,nan,Média,CANAL+ GROUPE,n.d.,>1000 M€,OPA,n.d.,,,,,,,,,,,,,
11 avr. 2024,SHARINGCLOUD (SHARING CLOUD),France |,Éditeur d'un logiciel de réservation des salles de réunion,7,2023.0,Logiciel et services informatiques,WITCO (EX MONBUILDING),FONDATEUR(S),0-20 M€,Retournement,nan,,,,,,,,,,,,,
11 avr. 2024,COFIDIS,France |,Crédit à la consommation,nan,nan,nan,BANQUE FEDERATIVE DU CR...,ARGOSYN,n.d.,Majoritaire,n.d.,,,,,,,,,,,,,
11 avr. 2024,KERMEL,France |,Fabricant de fibres textiles de haute technologie pour équipements de protection individuelle contre le feu et les courants électriques,50,2023.0,Textile,FCDE,QUALIUM INVESTISSEMENT,50-150 M€,LBO IV,n.d.,,,,,,,,,,,,,
11 avr. 2024,CHANNELPORTS,Royaume-Uni |,Spécialiste des formalités douanières et gérant d'une aire de stationnement pour camions prenant la navette Eurotunnel,11.70,2023.0,nan,GETLINK,MANAGER(S),n.d.,M&A (Int'l),n.d.,,,,,,,,,,,,,
11 avr. 2024,COMET SOFTWARE,France |,Groupe d’acquisition et accompagnement d'éditeurs de logiciel métier.,14,2023.0,Logiciel et services informatiques,OTIUM CAPITAL,nan,50-150 M€,Augmentation de capital,nan,,,,,,,,,,,,,
11 avr. 2024,TOTAL ENERGIES (TOTALENERGIES),France |,Producteur de pétrole et de gaz,254 000,2022.0,Matières premières & industries de base (minerais,nan,n.d.,n.d.,Emission obligataire,nan,,,,,,,,,,,,,
11 avr. 2024,SOCIETE GENERALE (SG EQUIPMENT FI...,France |,Solutions de financement et de crédit-bail,nan,nan,nan,GROUPE BPCE,GROUPE SOCIETE GENERALE,>1000 M€,M&A Corporate,nan,,,,,,,,,,,,,
11 avr. 2024,APOCA,France |,Solutions logicielles d'aide au pilotage des activités pour les acteurs du monde immobilier,nan,nan,Logiciel et services informatiques,LORÉ,FONDATEUR(S),0-5 M€,M&A Corporate,0-5,,,,,,,,,,,,,
10 avr. 2024,ISS FRANCE,France |,Propreté,362,2022.0,Services & Conseil aux entreprises,GROUPE ONET,ISS WORLD,50-150 M€,M&A Corporate,n.d.,,,,,,,,,,,,,
10 avr. 2024,ETS PIERRE PEROT,France |,Installation,2.20,2023.0,nan,nan,MANAGER(S),0-20 M€,M&A Corporate,0-20,,,,,,,,,,,,,
10 avr. 2024,HYSETCO,France |,Réseau de stations de distribution d’hydrogène en France et offre intégrée de location de véhicules hydrogène incluant tous les services utiles.,nan,nan,nan,HY24,nan,n.d.,Augmentation de capital,nan,,,,,,,,,,,,,
10 avr. 2024,DEEP COMPANY,France |,Fabrication et vente d’aligneurs orthodontiques invisibles.,nan,nan,Santé,ASTEM DIGITAL,FONDATEUR(S),0-20 M€,M&A Corporate,0-20,,,,,,,,,,,,,
10 avr. 2024,PYXO,France |,Contenants alimentaires réutilisables et éco-conçus,0.50,2023.0,Logiciel et services informatiques,UBI SOLUTIONS,FONDATEUR(S),0-5 M€,Retournement,0-5,,,,,,,,,,,,,
10 avr. 2024,BFORE.AI,France |,Solutions logicielles de cybersécurité prédictives,nan,nan,Logiciel et services informatiques,SYN VENTURES,nan,20-50 M€,2e tour,nan,,,,,,,,,,,,,
10 avr. 2024,REMY COINTREAU,France |,Groupe de spiritueux: cognac et liqueur,nan,nan,nan,nan,n.d.,n.d.,Refinancement,nan,,,,,,,,,,,,,
10 avr. 2024,MANDARINE L'ATELIER,France |,Conception et fabrication de décors événementiels pour des événements,1.30,2020.0,Média,JIZ MARKETING GROUP,n.d.,0-20 M€,Majoritaire,0-20,,,,,,,,,,,,,
10 avr. 2024,ORIXHA,France |,Développement d'une technologie de ventilation liquidienne totale,nan,nan,Produits Pharmaceutiques & matériel médical,EUROPEAN INNOVATION COU...,nan,n.d.,1er tour,nan,,,,,,,,,,,,,
09 avr. 2024,PATRIMOINE ET GESTION,France |,Cabinet de conseil en gestion de patrimoine,nan,nan,nan,PATRIMMOFI,MANAGER(S),20-50 M€,Build-up,n.d.,,,,,,,,,,,,,
09 avr. 2024,MINO & LORENZINI,Suisse |,Fourniture de roulettes,nan,nan,nan,PROVOST DISTRIBUTION,n.d.,n.d.,M&A Corporate,n.d.,,,,,,,,,,,,,
09 avr. 2024,HARDIS ITALIA,Italie |,Distribution et intégration des solutions logicielles Reflex,2,2023.0,Logiciel et services informatiques,HARDIS GROUP,FONDATEUR(S),n.d.,Build-up international,n.d.,,,,,,,,,,,,,
09 avr. 2024,BLACKBIRD AGENCY,France |,Agence web et société de conseil en e-commerce,2.30,2023.0,Internet & ecommerce,SYNOLIA,FONDATEUR(S),5-10 M€,Build-up,5-10,,,,,,,,,,,,,
09 avr. 2024,STABLES,France |,Jeu de Fantasy Sport dédié au monde hippique,nan,nan,Logiciel et services informatiques,TEZOS FOUNDATION,nan,n.d.,Amorçage (seed),n.d.,,,,,,,,,,,,,
09 avr. 2024,SOLUTIONS INFORMATIQUES ET BUREAU...,France |,Achat de matériel informatique à destination des professionnels,13,2023.0,Services & Conseil aux entreprises,GROUPE PANDORA,FONDATEUR(S),0-20 M€,M&A Corporate,0-5,,,,,,,,,,,,,
09 avr. 2024,CELLESE (ANTEAGE),États-Unis |,Spécialiste des traitements dermatologiques à base de facteurs de croissance et d’exosomes pour les peaux marquées par l’âge,nan,nan,Santé,ARCHIMED GROUP,FONDATEUR(S),50-150 M€,LBO Primaire,n.d.,,,,,,,,,,,,,
09 avr. 2024,PROTHEA TECHNOLOGIES,Royaume-Uni |,Développement d’un endoscope combiné avec un système de traitement d’images pour la réalisation de biopsie (et à terme de résection de lésion) dans les poumons,nan,nan,Produits Pharmaceutiques & matériel médical,EARLYBIRD VENTURE CAPITAL,nan,n.d.,1er tour,nan,,,,,,,,,,,,,
09 avr. 2024,ADEUNIS,France |,Digitalisation par l’IoT d'équipements et services des entreprises,5.50,2023.0,Electronique & Informatique,WEBDYN,nan,1.15 M€,Augmentation de capital,nan,,,,,,,,,,,,,
09 avr. 2024,PATRIMOINE ET GESTION,France |,Cabinet de conseil en gestion de patrimoine,nan,nan,nan,PATRIMMOFI,MANAGER(S),20-50 M€,Build-up,n.d.,,,,,,,,,,,,,
09 avr. 2024,MINO & LORENZINI,Suisse |,Fourniture de roulettes,nan,nan,nan,PROVOST DISTRIBUTION,n.d.,n.d.,M&A Corporate,n.d.,,,,,,,,,,,,,
09 avr. 2024,HARDIS ITALIA,Italie |,Distribution et intégration des solutions logicielles Reflex,2,2023.0,Logiciel et services informatiques,HARDIS GROUP,FONDATEUR(S),n.d.,Build-up international,n.d.,,,,,,,,,,,,,
09 avr. 2024,BLACKBIRD AGENCY,France |,Agence web et société de conseil en e-commerce,2.30,2023.0,Internet & ecommerce,SYNOLIA,FONDATEUR(S),5-10 M€,Build-up,5-10,,,,,,,,,,,,,
09 avr. 2024,STABLES,France |,Jeu de Fantasy Sport dédié au monde hippique,nan,nan,Logiciel et services informatiques,TEZOS FOUNDATION,nan,n.d.,Amorçage (seed),n.d.,,,,,,,,,,,,,
09 avr. 2024,SOLUTIONS INFORMATIQUES ET BUREAU...,France |,Achat de matériel informatique à destination des professionnels,13,2023.0,Services & Conseil aux entreprises,GROUPE PANDORA,FONDATEUR(S),0-20 M€,M&A Corporate,0-5,,,,,,,,,,,,,
09 avr. 2024,CELLESE (ANTEAGE),États-Unis |,Spécialiste des traitements dermatologiques à base de facteurs de croissance et d’exosomes pour les peaux marquées par l’âge,nan,nan,Santé,ARCHIMED GROUP,FONDATEUR(S),50-150 M€,LBO Primaire,n.d.,,,,,,,,,,,,,
09 avr. 2024,PROTHEA TECHNOLOGIES,Royaume-Uni |,Développement d’un endoscope combiné avec un système de traitement d’images pour la réalisation de biopsie (et à terme de résection de lésion) dans les poumons,nan,nan,Produits Pharmaceutiques & matériel médical,EARLYBIRD VENTURE CAPITAL,nan,n.d.,1er tour,nan,,,,,,,,,,,,,
09 avr. 2024,ADEUNIS,France |,Digitalisation par l’IoT d'équipements et services des entreprises,5.50,2023.0,Electronique & Informatique,WEBDYN,nan,1.15 M€,Augmentation de capital,nan,,,,,,,,,,,,,
09 avr. 2024,TESSELLATION STUDIO,France |,Studio de création 3D et mise en œuvre de dispositifs de production virtuelle,nan,nan,Média,TESSELLATION STUDIO,MANAGER(S),0-20 M€,M&A Corporate,0-20,,,,,,,,,,,,,
09 avr. 2024,AIONEERS-EFESO,Allemagne |,Ex département de conseil en supply chain du cabinet Aioneers,nan,nan,Services & Conseil aux entreprises,EFESO MANAGEMENT CONSUL...,AIONEERS,0-20 M€,Build-up international,0-20,,,,,,,,,,,,,
08 avr. 2024,ACCEO,France |,Bureau d'études et d'ingénierie en bâtiment,37,2023.0,Services & Conseil aux entreprises,SAGARD,GIMV,50-150 M€,LBO Ter,nan,,,,,,,,,,,,,
08 avr. 2024,CHAPLAIN,France |,Maintenance industrielle multi-activités,30,2023.0,Produits & Services industriels,SODERO (EX SODERO GESTION),MANAGER(S),0-20 M€,OBO,nan,,,,,,,,,,,,,
08 avr. 2024,ACTIFS DE MYVITALSKIN (MARQUE BIO...,Allemagne |,Produits cosmétiques anti-âge,3,2023.0,Santé,LORIENCE,FONDATEUR(S),0-5 M€,M&A (Int'l),0-5,,,,,,,,,,,,,
08 avr. 2024,STUDIO 352,Luxembourg |,Producteur de films et séries d’animation,nan,nan,Média,GROUPE SUPERPROD,FONDATEUR(S),0-20 M€,Build-up international,0-20,,,,,,,,,,,,,
08 avr. 2024,POLYGONE (HOLDING DE GL EVENTS),France |,Holding de tête de GL Events,1 427,2023.0,Services & Conseil aux entreprises,CRÉDIT AGRICOLE RÉGIONS...,n.d.,>1000 M€,Cession de titres,n.d.,,,,,,,,,,,,,
08 avr. 2024,SIMIO,France |,Éditeur d'une solution de marketing sur WhatsApp pour les petits et moyens e-commerçants,nan,nan,Logiciel et services informatiques,ALCMEON,FONDATEUR(S),0-5 M€,M&A Corporate,0-5,,,,,,,,,,,,,
08 avr. 2024,OKKO,France |,Solution visant à aider les entreprises à informatiser l'intégralité de leur processus d'achat et à faciliter la gestion de leurs fournisseurs,nan,nan,Logiciel et services informatiques,SPENDESK,FONDATEUR(S),0-20 M€,M&A Corporate,0-20,,,,,,,,,,,,,
05 avr. 2024,ALPHA MOS,France |,Fabricant de dispositifs d'analyse sensorielle (nez,5.80,2022.0,Electronique & Informatique,JOLT CAPITAL,nan,0-20 M€,Augmentation de capital,nan,,,,,,,,,,,,,
05 avr. 2024,STACI,France |,Logisticien multi-canal,770,2023.0,nan,BPOST GROUP (BPOSTGROUP),ARDIAN BUYOUT,1 300 M€,Sortie M&A Corporate,nan,,,,,,,,,,,,,
05 avr. 2024,KENNEDY,Royaume-Uni |,Agence de conseil stratégique et de production d'événements culturels et de divertissement,nan,nan,Média,THE INDEPENDENTS,MANAGER(S),n.d.,Build-up international,n.d.,,,,,,,,,,,,,
05 avr. 2024,RUE DU COMMERCE,France |,Vente en ligne de produits informatiques,nan,nan,Internet & ecommerce,GROUPE LDLC,SHOPINVEST,n.d.,M&A Corporate,n.d.,,,,,,,,,,,,,
05 avr. 2024,SUNSHINE,Royaume-Uni |,Agence de conseil et de création,nan,nan,Services & Conseil aux entreprises,THE INDEPENDENTS,MANAGER(S),n.d.,Build-up international,n.d.,,,,,,,,,,,,,
05 avr. 2024,CIFE (COMPAGNIE INDUSTRIELLE ET F...,France |,Travaux spéciaux,200,2022.0,Immobilier & construction,SPIE BATIGNOLLES,EMBREGOUR,117 M€,OPA,nan,,,,,,,,,,,,,
05 avr. 2024,ST HUBERT,France |,Fabricant de margarine (matière grasse à tartiner et cuisiner),120,2023.0,nan,nan,n.d.,n.d.,Refinancement,nan,,,,,,,,,,,,,
05 avr. 2024,BOYDSENSE,France |,Développement d'un dispositif médical de mesure de la glycémie par l’haleine à destination des diabétiques,nan,nan,Produits Pharmaceutiques & matériel médical,SWISS DIABETES VENTURE ...,ALPHA MOS,18 M€,2e tour,nan,,,,,,,,,,,,,
05 avr. 2024,SPACETEC PARTNERS (VOIR NOVASPACE),Allemagne |,Conseil en management dédié au domaine spatial,10,2023.0,Services & Conseil aux entreprises,NOVASPACE (EX EUROCONSU...,FONDATEUR(S),10-15 M€,Fusion,10-15,,,,,,,,,,,,,
05 avr. 2024,OFCOURSEME,Italie |,Plateforme de formation,nan,nan,Internet & ecommerce,EDFLEX (EX MY MOOC),FONDATEUR(S),0-20 M€,M&A (Int'l),0-20,,,,,,,,,,,,,
04 avr. 2024,GMH IDENTIFICATION,France |,Identification industrielle et du contrôle d’accès de personnes,3.20,2023.0,Logiciel et services informatiques,SOLUTYS GROUP,MANAGER(S),0-5 M€,Build-up,0-5,,,,,,,,,,,,,
04 avr. 2024,SPC GROUP,France |,Fabrication de pompes de remplissage sur mesure pour l'industrie pharmaceutique,12,2023.0,Produits & Services industriels,CRÉDIT AGRICOLE RÉGIONS...,nan,26 M€,Augmentation de capital,0-5,,,,,,,,,,,,,
04 avr. 2024,EKKIA,France |,Grossiste d'articles d'équitation,100,2023.0,nan,BPIFRANCE INVESTISSEMENT,MANAGER(S),115 M€,Cession de titres,nan,,,,,,,,,,,,,
04 avr. 2024,EKKIA,France |,Grossiste d'articles d'équitation,100,2023.0,nan,BANQUE POPULAIRE ALSACE...,n.d.,n.d.,Refinancement,n.d.,,,,,,,,,,,,,
04 avr. 2024,GROUPE OCEA,France |,Déploiement et exploitation des outils de mesure et de collecte de données d'énergie,75,2023.0,nan,EQT,INTERMEDIATE CAPITAL GR...,600 M€,Augmentation de capital,n.d.,,,,,,,,,,,,,
04 avr. 2024,MAISON NOËL,France |,Linge de maison brodé,nan,nan,Textile,nan,MANAGER(S),0-20 M€,M&A Corporate,0-20,,,,,,,,,,,,,
04 avr. 2024,CYRUS HEREZ WEALTH MANAGEMENT,France |,Gestion de patrimoine : expertises en ingénierie patrimoniale,150,2023.0,nan,CYRUS CONSEIL (VOIR CYR...,FLORAC,500-1000 M€,Fusion,n.d.,,,,,,,,,,,,,
04 avr. 2024,SAVE STORE,France |,Réparation d'appareils électroniques (smartphones,35,2023.0,Electronique & Informatique,nan,SPB,n.d.,Reprise Management,n.d.,,,,,,,,,,,,,
04 avr. 2024,TECADIS,France |,Conception,nan,nan,Produits & Services industriels,SPC GROUP,MANAGER(S),0-20 M€,Build-up,0-20,,,,,,,,,,,,,
04 avr. 2024,ZEEPAY COMPANY,Ghana |,Services financiers mobiles,nan,nan,nan,AFRICA50,nan,n.d.,2e tour,n.d.,,,,,,,,,,,,,
04 avr. 2024,MECA SUD,France |,Conception,nan,nan,Produits & Services industriels,SPC GROUP,MANAGER(S),0-20 M€,Build-up,0-20,,,,,,,,,,,,,
04 avr. 2024,BUREAU VERITAS,France |,Inspection,5 900,2023.0,Services & Conseil aux entreprises,BPIFRANCE INVESTISSEMENT,WENDEL,13 200 M€,Cession de titres,nan,,,,,,,,,,,,,
04 avr. 2024,ECRITEL GROUP,France |,Groupe d’hébergement cloud et d’infogérance,34,2023.0,Média,nan,LBO FRANCE,50 M€,Sponsorless,n.d.,,,,,,,,,,,,,
04 avr. 2024,GROUPE VALLIER,France |,3 entités dédiées aux services d’assainissement (Vallier assainissement,3,2023.0,Services & Conseil aux entreprises,SAPIAN (EX ISS HYGIENE ...,MANAGER(S),0-5 M€,Build-up,n.d.,,,,,,,,,,,,,
03 avr. 2024,BALLAND CARRELAGE,France |,Spécialiste de la distribution et la pose de carrelage,nan,nan,Immobilier & construction,LAGARDE ET MEREGNANI,ACTIONNAIRES FAMILIAUX,0-5 M€,M&A Corporate,0-5,,,,,,,,,,,,,
03 avr. 2024,W CAPITAL PARTNERS (WCP),États-Unis |,Société de capital-investissement qui fournit des liquidités secondaires aux actionnaires d'entreprises privées et du capital de croissance pour ces entreprises.,nan,nan,nan,AXA INVESTMENT MANAGERS...,FONDATEUR(S),n.d.,M&A (Int'l),n.d.,,,,,,,,,,,,,
03 avr. 2024,VER CAPITAL,Italie |,Gérant d'actifs spécialisé dans la dette d'entreprise,nan,nan,nan,SIENNA INVESTMENT MANAGERS,FONDATEUR(S),0-20 M€,M&A (Int'l),0-20,,,,,,,,,,,,,
03 avr. 2024,OFRACAR,France |,Courtage en assurance des risques d’entreprise,10,2023.0,nan,HOWDEN GROUP,MANAGER(S),n.d.,M&A (Int'l),n.d.,,,,,,,,,,,,,
03 avr. 2024,BAILEY METAL PRODUCTS,Canada |,Production d'ossatures métalliques pour la construction légère,361.01,2023.0,Immobilier & construction,SAINT-GOBAIN,MANAGER(S),600 M€,M&A (Int'l),nan,,,,,,,,,,,,,
03 avr. 2024,ACTIVITÉ D’OBLIGATIONS CONVERTIBL...,France |,nan,nan,nan,nan,ELLIPSIS AM,EDMOND DE ROTHSCHILD AS...,0-20 M€,M&A Corporate,0-20,,,,,,,,,,,,,
03 avr. 2024,DORC (DUTCH OPHTHALMIC RESEARCH C...,Pays-Bas |,Equipements,200,2023.0,Santé,CARL ZEISS,EURAZEO,985 M€,M&A (Int'l),n.d.,,,,,,,,,,,,,
03 avr. 2024,CMULTISERV,France |,Facility management : services de maintenance,16,2023.0,Services & Conseil aux entreprises,GROUPE BATISANTE,FONDATEUR(S),0-20 M€,Build-up,0-20,,,,,,,,,,,,,
03 avr. 2024,ENERFLUX (EX ACTIVITÉ POMPES HYDR...,France |,Fabrication de pompes électro-hydrauliques pour constructeurs et équipementiers automobiles,40,2023.0,Automobile,ACI GROUPE,JTEKT (EX KOYO SEIKO ET...,n.d.,Build-up,n.d.,,,,,,,,,,,,,
03 avr. 2024,KOR,France |,Plateforme de santé proactive permettant la réalisation d'un check-up de santé complet des employés,nan,nan,Santé,RAISE VENTURES,nan,0-20 M€,Amorçage (seed),nan,,,,,,,,,,,,,
03 avr. 2024,MFT (MARIETTON FORMATION TRANSPORTS),France |,Formation à la conduite et aux métiers du transport,9,2023.0,Services & Conseil aux entreprises,COQUELLE,MANAGER(S),20-50 M€,Build-up,20-50,,,,,,,,,,,,,
03 avr. 2024,PORTFOLIO DE MARQUES DE GYNECOLOG...,France |,Portfolio de marques de gynécologie et gastroenterologie,nan,nan,Produits Pharmaceutiques & matériel médical,FIDIA FARMACEUTICI,n.d.,n.d.,M&A (Int'l),n.d.,,,,,,,,,,,,,
02 avr. 2024,FLEXAI,France |,Calcul d’IA universel fourni sous forme de service cloud à la demande pour développeurs.,nan,nan,Logiciel et services informatiques,ALPHA INTELLIGENCE CAPITAL,nan,50-150 M€,1er tour,nan,,,,,,,,,,,,,
02 avr. 2024,GROUPE CASINO,France |,Réseau de grande distribution,9 000,2023.0,nan,EP GLOBAL COMMERCE AS,n.d.,>1000 M€,Retournement,nan,,,,,,,,,,,,,
02 avr. 2024,ONFIDO,Royaume-Uni |,Éditeur d'une solution de vérification d'identité basée sur l'intelligence artificielle,131.50,2023.0,Logiciel et services informatiques,ENTRUST,CRANE VENTURE PARTNERS,610 M€,M&A (Int'l),nan,,,,,,,,,,,,,
02 avr. 2024,3 LABORATOIRES D'AC ENVIRONNEMENT,France |,Groupe de trois capacités de laboratoires d'analyses d'amiante,nan,nan,Services & Conseil aux entreprises,CARSO,AC ENVIRONNEMENT,0-20 M€,Carve-out,0-20,,,,,,,,,,,,,
02 avr. 2024,MAGIC ONLINE,France |,Fourniture d’accès à Internet et solutions d’hébergement,18,2023.0,Internet & ecommerce,CELESTE,MANAGER(S),n.d.,Build-up,nan,,,,,,,,,,,,,
02 avr. 2024,UP AND GO,France |,Agence digitale spécialisée dans la sensibilisation ludique et le digital learning,nan,nan,Services & Conseil aux entreprises,SYMY,FONDATEUR(S),0-20 M€,M&A Corporate,n.d.,,,,,,,,,,,,,
02 avr. 2024,4P PHARMA,France |,Repositionnement de médicaments existants (régénération de molécules) pour soigner des maladies graves et non traitées,nan,nan,nan,IRIS FINANCE INTERNATIONAL,nan,n.d.,1er tour,nan,,,,,,,,,,,,,
02 avr. 2024,AIRCALO,France |,Fabrication de systèmes de climatisation pour bâtiments industriels,25,2023.0,Produits & Services industriels,MITSUBISHI ELECTRIC,MANAGER(S),25 M€,M&A (Int'l),nan,,,,,,,,,,,,,
02 avr. 2024,ADEMEURE,France |,Constructeur de maisons individuelles bois,nan,nan,Immobilier & construction,TELOS IMPACT INVESTING,FONDATEUR(S),n.d.,Augmentation de capital,nan,,,,,,,,,,,,,
02 avr. 2024,PACTE NOVATION,France |,Conseil et ingénierie informatique en Hautes Technologies,9,2023.0,Logiciel et services informatiques,HIGHNORMA,FONDATEUR(S),0-20 M€,M&A Corporate,nan,,,,,,,,,,,,,
02 avr. 2024,MG-TECH,France |,Solutions de fins de ligne de conditionnement et machines d’emballage,37,2023.0,Produits & Services industriels,PREMIER TECH SYSTÈMES A...,FONDATEUR(S),n.d.,M&A (Int'l),n.d.,,,,,,,,,,,,,
02 avr. 2024,EVORIEL,France |,Activités d’administration de biens de Nexity dont syndic de copropriété,nan,nan,Immobilier & construction,BRIDGEPOINT,NEXITY,440 M€,Carve-out,n.d.,,,,,,,,,,,,,
02 avr. 2024,JRV,France |,Compléments alimentaires naturels,nan,nan,Santé,LABORATOIRES HERBOLISTIQUE,ACTIONNAIRES FAMILIAUX,0-5 M€,Build-up,0-5,,,,,,,,,,,,,
02 avr. 2024,ARACE LABORATORI,Italie |,Tests d'environnement et de sécurité alimentaire,nan,nan,Santé,CARSO,MANAGER(S),0-20 M€,Build-up international,0-20,,,,,,,,,,,,,
02 avr. 2024,GRAVITE.IO,France |,Solution logicielle permettant d'analyser toutes leurs données qualitatives non sollicitées,nan,nan,Logiciel et services informatiques,SEED4SOFT,nan,0-5 M€,Amorçage (seed),nan,,,,,,,,,,,,,
02 avr. 2024,SOGEXPERT,France |,Logiciels de diagnostic immobilier,nan,nan,Logiciel et services informatiques,ENERSWEET,FONDATEUR(S),0-20 M€,M&A Corporate,0-20,,,,,,,,,,,,,
02 avr. 2024,AQCF (AGRO QUALITY CONSULTING FRA...,France |,Expertise,6,2023.0,Services & Conseil aux entreprises,CARSO,MANAGER(S),0-20 M€,Build-up,0-20,,,,,,,,,,,,,
02 avr. 2024,VOLATYS,France |,Production et commercialisation de produits élaborés à base de volaille,80,2023.0,nan,GALLIANCE,FONDATEUR(S),20-50 M€,M&A Corporate,20-50,,,,,,,,,,,,,
02 avr. 2024,AROBIZ (DONT QUOTIDIAG),France |,Éditeur de sites internet spécialisé dans l'accompagnement marketing et la communication des professionnels du contrôle immobilier,nan,nan,Logiciel et services informatiques,ENERSWEET,FONDATEUR(S),0-20 M€,M&A Corporate,0-20,,,,,,,,,,,,,
02 avr. 2024,BASIGO,Kenya |,Fabrication locale et exploitation de bus électriques,nan,nan,nan,CFAO,nan,0-20 M€,1er tour,nan,,,,,,,,,,,,,
02 avr. 2024,SENIORALIS (MERCI JULIE ET REPÈRE...,France |,ESS tournée vers les personnes âgées ou handicapées qu’elle accompagne dans leur projet de vie à domicile (diagnostics réalisés à domicile,3.10,2023.0,Santé,BNP PARIBAS ASSET MANAG...,nan,0-20 M€,1er tour,nan,,,,,,,,,,,,,
02 avr. 2024,NERCO,France |,Société d'ingénierie dédiée à la rénovation et maintenance des bâtiments tertiaires,45,2023.0,Services & Conseil aux entreprises,AZULIS CAPITAL,SIPAREX,50-150 M€,MBO Bis,n.d.,,,,,,,,,,,,,
02 avr. 2024,REDPILL (ERMES),France |,Start-up studio dispensant en outre des conseils en marketing et en communication en ligne,nan,nan,Internet & ecommerce,nan,n.d.,0-20 M€,Financement,0-20,,,,,,,,,,,,,
02 avr. 2024,VULCAIN ENGINEERING,France |,Groupe d'ingénierie multi-spécialiste en infrastructures critiques,370,2023.0,Services & Conseil aux entreprises,ARDIAN EXPANSION,n.d.,n.d.,LBO V,nan,,,,,,,,,,l’énergie (énergies renouvelables et hydrogène),,,
02 avr. 2024,MICRONIPOL,Portugal |,Recyclage de déchets plastiques,nan,nan,Produits & Services industriels,VEOLIA,EXPLORER INVESTMENTS,n.d.,M&A (Int'l),n.d.,,,,,,,,,,,,,
02 avr. 2024,R.SOL,France |,Producteur de revêtements en résine et peintures de sol,8,2023.0,Immobilier & construction,SAINT-GOBAIN,MANAGER(S),0-20 M€,M&A (Int'l),0-20,,,,,,,,,,,,,
02 avr. 2024,PIXMANIA,France |,Site e-commerce de smartphones,35,2023.0,Internet & ecommerce,MUTUELLE ASSURANCES COR...,nan,166 M€,Augmentation de capital,nan,,,,,,,,,,,,,
02 avr. 2024,CERES DISTRIBUTION,France |,Commercialisation de produits de la mer,nan,nan,nan,J'OCEANE,MANAGER(S),0-20 M€,Build-up,0-20,,,,,,,,,,,,,
02 avr. 2024,GRIDBEYOND,Irlande |,Solution de gestion de consommation énergétique à destination des entreprises,nan,nan,nan,ALANTRA,nan,n.d.,3e tour,nan,,,,,,,,,,,,,
02 avr. 2024,NCODIN,France |,Deeptech spécialisée développant des puces nanophotoniques pour gérer les trafics de données des futures générations de processeurs,nan,nan,Logiciel et services informatiques,ELAIA PARTNERS,nan,0-20 M€,Amorçage (seed),nan,,,,,,,,,,,,,
02 avr. 2024,HEXA REPRO,France |,Hexa Repro est un fabricant de tous supports de communication.,1.30,2023.0,Média,COPYLOT GROUP,n.d.,0-20 M€,M&A Corporate,0-20,,,,,,,,,,,,,
02 avr. 2024,EASOP,États-Unis |,Solutions pour automatiser et gérer simplement toute la complexité liée aux réglementations et aux impôts de chaque pays concernant les recrues internationales.,nan,nan,nan,REMOTE,PARTECH,n.d.,M&A (à l'étranger),n.d.,,,,,,,,,,,,,
02 avr. 2024,QUAI DES NOTAIRES,France |,Solution qui digitalise le secteur notarial,2.70,2023.0,Logiciel et services informatiques,UI INVESTISSEMENT,nan,0-20 M€,2e tour,nan,,,,,,,,,,,,,
02 avr. 2024,KANOMA,France |,Accompagnement sur mesure pour tous les projets de transformation digitale,9.70,2023.0,Services & Conseil aux entreprises,SODERO (EX SODERO GESTION),FONDATEUR(S),20-50 M€,MBO,n.d.,,,,,,,,,,,,,
01 avr. 2024,AQ-TECH,France |,Expertise en mécanique,nan,nan,Electronique & Informatique,SATAB (EWEAVE),n.d.,n.d.,M&A Corporate,n.d.,,,,,,,,,,,,,
01 avr. 2024,LINKAIR,France |,Climatisation de chantier,nan,nan,nan,TIBBLOC,MANAGER(S),0-20 M€,Build-up,0-20,,,,,,,,,,,,,
01 avr. 2024,INTEST,France |,Conception et le développement de bancs d’essais,10,2023.0,Produits & Services industriels,nan,FONDATEUR(S),n.d.,MBO,n.d.,,,,,,,,,,,,,
01 avr. 2024,ROADSIDE,France |,Chaîne de restaurants fast-food de burgers et de hot-dogs,10,2023.0,Tourisme,PICARDIE INVESTISSEMENT,FONDATEUR(S),5-10 M€,MBI,0-5,,,,,,,,,,,,,
01 avr. 2024,E-TESTING,France |,Plateforme logicielle dédiée aux tests d’évaluation des compétences métiers,5,2023.0,Logiciel et services informatiques,CAPITAL CROISSANCE,MANAGER(S),0-20 M€,MBI,0-20,,,,,,,,,,,,,
01 avr. 2024,CADD MICROSYSTEMS,États-Unis |,Conseil et logiciels dans les industries de la conception,80,2023.0,Logiciel et services informatiques,ARKANCE,FONDATEUR(S),50-150 M€,Build-up international,50-150,,,,,,,,,,,,,
01 avr. 2024,SECOA ( SEALANTS COATINGS ADHESIVES),Pays-Bas |,Distribution de produits de traitements de surfaces ainsi que de rubans adhésifs et autres produits de spécialité pour l'industrie aéronautique et la défense,6.70,2023.0,Produits & Services industriels,ADDEV MATERIALS,MANAGER(S),0-20 M€,Build-up international,0-20,,,,,,,,,,,,,
01 avr. 2024,OROS,France |,Conception et fabrication d'instruments et logiciels pour mesurer et analyser bruits et vibrations,2.80,2023.0,Electronique & Informatique,DIGIGRAM,BEIJING T&S TECHNOLOGIES,0-5 M€,Retournement,0-5,,,,,,,,,,,,,
01 avr. 2024,SASAEAH,Japon |,Fabricant de produits pharmaceutiques à usage vétérinaire,75,2023.0,Produits Pharmaceutiques & matériel médical,VIRBAC,ORIX CORPORATION,280 M€,M&A (Int'l),n.d.,,,,,,,,,,,,,
01 avr. 2024,USINE ASTELLAS PHARMA MEPPEL (PAY...,Pays-Bas |,Usine de fabrication de médicaments,nan,nan,Produits Pharmaceutiques & matériel médical,DELPHARM,ASTELLAS PHARMA,n.d.,Build-up international,n.d.,,,,,,,,,,,,,
01 avr. 2024,MALIBOU,France |,Éditeur d'un logiciel de gestion de la paie et des ressources humaines pour les TPE et PME,nan,nan,Logiciel et services informatiques,BREEGA,nan,0-20 M€,Amorçage (seed),nan,,,,,,,,,,,,,
01 avr. 2024,SETIC POURTIER,France |,Fabrication de machines à destination de l’industrie du câble,45,2023.0,Produits & Services industriels,ARCOLE (DONT ARCOLE IND...,MANAGER(S),0-20 M€,Augmentation de capital,nan,,,,,,,,,,,,,
31 mars 2024,LOVALTECH,France |,Vaccins à administration nasale,nan,nan,nan,DA VINCI LABS,nan,7 M€,Amorçage (seed),nan,,,,,,,,,,,,,
30 mars 2024,LOYALTY COMPANY,France |,Agence de marketing relationnel BtoB,nan,nan,Média,GROUPE UP COOP (EX GROU...,ANDERA PARTNERS,0-20 M€,M&A Corporate,0-20,,,,,,,,,,,,,
30 mars 2024,DIVERSIFIED,France |,Plateforme d’investissement dans les produits de luxe à partir de 10 €,0.30,2023.0,Internet & ecommerce,KONVI,FONDATEUR(S),0-5 M€,M&A (Int'l),0-5,,,,,,,,,,,,,
29 mars 2024,NANOMADE,France |,Conception de capteurs tactiles quantiques (technologie basée sur une encre chargée en nanoparticules) qui transforme toute surface ou tout matériau en un support interactif intelligent,0.40,2023.0,Electronique & Informatique,nan,nan,10-15 M€,1er tour,nan,,,,,,,,,,,,,
29 mars 2024,PRS HEALTHCARE,France |,Réparation et maintenance des sondes échographiques,3.50,2023.0,Produits Pharmaceutiques & matériel médical,KREAXI,FONDATEUR(S),0-5 M€,MBI,0-5,,,,,,,,,,,,,
29 mars 2024,TULYP (SMARTRADE),France |,Fintech Saas de sécurisation des transactions d'import-export entre entreprises,nan,nan,nan,SPEEDINVEST,nan,0-5 M€,Amorçage (seed),nan,,,,,,,,,,,,,
29 mars 2024,SPB,France |,Courtier en assurance affinitaire,103.90,2023.0,nan,BLACKFIN CAPITAL PARTNERS,ACTIONNAIRES FAMILIAUX,50-150 M€,Majoritaire,50-150,,,,,,,,,,,,,
29 mars 2024,RIOU GLASS EUROVITRAGE (EX EUROVI...,France |,Fabrication,15,2023.0,Produits & Services industriels,RIOU GLASS,MANAGER(S),0-20 M€,Build-up,0-20,,,,,,,,,,,,,
29 mars 2024,DIMEO,France |,Fabrication de pièces mécaniques de précision et chaudronnerie dans les secteurs du nucléaire,3,2023.0,Produits & Services industriels,PARLYM,MANAGER(S),0-5 M€,M&A Corporate,0-5,,,,,,,,,,,,,
29 mars 2024,BUILDRZ,France |,Logiciel d'identification des terrains et de conception projets immobiliers,nan,nan,Logiciel et services informatiques,ONE CLICK LCA,NCI,0-20 M€,Build-up,0-20,,,,,,,,,,,,,
29 mars 2024,SERF,France |,Implantologie dentaire et orthopédique (prothèses de hanche,60,2022.0,Produits Pharmaceutiques & matériel médical,STRYKER,MENIX GROUP (SERF DEDIE...,150-250 M€,Carve-out,n.d.,,,,,,,,,,,,,
29 mars 2024,R3S (RESEAU SYNERGIE SANTE SERVICES),France |,Grossistes de produits pharmaceutiques,85,2023.0,nan,SAGITTA PHARMA,MANAGER(S),0-20 M€,Build-up,0-20,,,,,,,,,,,,,
29 mars 2024,AD INDUSTRIE,France |,Ingénierie mécanique et hydraulique,190,2023.0,Produits & Services industriels,MOTHERSON GROUP,MANAGER(S),n.d.,M&A (Int'l),n.d.,,,,,,,,,,,,,
29 mars 2024,SEEDERAL,France |,Conception de tracteurs agricoles électriques de grande autonomie,nan,nan,nan,SUPERNOVA INVEST,nan,0-20 M€,1er tour,nan,,,,,,,,,,,,,
29 mars 2024,SOLICE,France |,Fabrication de canalisations pré-isolées,60,2023.0,Produits & Services industriels,ISOPLUS,CICLAD,20-50 M€,Sortie M&A Corporate,n.d.,,,,,,,,,,,,,
29 mars 2024,PIGMENT,France |,Plateforme logicielle de planification des finances d'entreprise,nan,nan,Logiciel et services informatiques,ICONIQ CAPITAL,nan,>1000 M€,4e tour,nan,,,,,,,,,,,,,
29 mars 2024,TED CONSULTING,France |,Cabinet de conseil spécialisé dans le domaine de l’automatisation robotisée des processus (RPA) intégrant des modèles d'intelligence artificielle,3,2023.0,Logiciel et services informatiques,HAVAS,FONDATEUR(S),0-20 M€,M&A Corporate,0-20,,,,,,,,,,,,,
29 mars 2024,EXSTO,France |,Moulage et usinage de pièces en polyuréthane et thermoplastiques,69,2023.0,Produits & Services industriels,IDI,IXO PRIVATE EQUITY,50-150 M€,LBO V,20-50,,,,,,,,,,,,,
29 mars 2024,DREAMQUARK,France |,Fintech : plateforme IA de création de modèles d'analyse de données pour les secteurs financier et assurances,nan,nan,Logiciel et services informatiques,LINEDATA SERVICES,MUNDI VENTURES,0-5 M€,Retournement,0-5,,,,,,,,,,,,,
29 mars 2024,CLARAVISTA,France |,Cabinet de conseil en transformation digitale,9,2023.0,Services & Conseil aux entreprises,JAKALA,FONDATEUR(S),0-20 M€,Build-up international,0-20,,,,,,,,,,,,,
28 mars 2024,GROUPE 2L LOGISTICS,France |,Transport de véhicules,100,2023.0,nan,STELLANTIS (EX PSA & FCA),MANAGER(S),50-150 M€,Majoritaire,50-150,,,,,,,,,,,,,
28 mars 2024,THE MOBILE FIRST COMPANY,France |,Applications destinées aux petites entreprises,nan,nan,Logiciel et services informatiques,LIGHTSPEED VENTURE PART...,nan,0-20 M€,Amorçage (seed),nan,,,,,,,,,,,,,
28 mars 2024,C FOR CLEAN,Luxembourg |,Services de nettoyage pour syndics de copropriétéS.,12,2023.0,Immobilier & construction,GROUPE BATISANTE,MANAGER(S),5-10 M€,Build-up international,0-5,,,,,,,,,,,,,
28 mars 2024,BOWEN SYSTEMS,France |,Fabrique d'équipements électroniques de détection,nan,nan,Electronique & Informatique,EXENS SOLUTIONS (EX-COB...,ACTIONNAIRES HISTORIQUES,20-50 M€,Build-up,n.d.,,,,,,,,,,,,,
28 mars 2024,L'EXPRESS DES ILES,France |,Compagnie maritime basée en Guadeloupe,nan,nan,nan,FRS,MANAGER(S),n.d.,M&A Corporate,n.d.,,,,,,,,,,,,,
28 mars 2024,SUBWAY FRANCE,France |,Activités de Subway en France,nan,nan,nan,MCWIN CAPITAL PARTNERS,SUBWAY,20-50 M€,Augmentation de capital,20-50,,,,,,,,,,,,,
28 mars 2024,ALTIX (EX AUTOMA-TECH),France |,Équipements de production de circuits imprimés,8,2023.0,Produits & Services industriels,MGI DIGITAL TECHNOLOGY,MANAGER(S),n.d.,Majoritaire,n.d.,,,,,,,,,,,,,
28 mars 2024,IDEAL GARDEN (NETLON),France |,Distribution d’équipements et décorations pour jardin (tuteurs,nan,nan,Services & Biens de consommation,OUTSIDE LIVING INDUSTRIES,MANAGER(S),0-20 M€,M&A (Int'l),0-20,,,,,,,,,,,,,
28 mars 2024,DIAMFAB,France |,Fabrication de semi-conducteurs en diamant,nan,nan,Electronique & Informatique,ASTERION,nan,12.50 M€,Amorçage (seed),nan,,,,,,,,,,,,,
28 mars 2024,NEXTGEN GROUP,Australie |,Spécialisé en logiciels d'entreprises,160,2023.0,Logiciel et services informatiques,EXCLUSIVE NETWORKS,MANAGER(S),n.d.,M&A (Int'l),n.d.,,,,,,,,,,,,,
28 mars 2024,GROUPE OCCIPAIN (DONT LA PANETIER...,France |,Groupe de boulangeries et pâtisseries (La Panetière,60,2023.0,nan,ARTERRIS,INITIATIVE & FINANCE,50-150 M€,M&A Corporate,n.d.,,,,,,,,,,,,,
28 mars 2024,ANKORSTORE,France |,Place de marché BtoB facilitant les échanges entre les marques et les points de vente physiques,nan,nan,Internet & ecommerce,COMEXPOSIUM,nan,n.d.,4e tour,n.d.,,,,,,,,,,,,,
28 mars 2024,ENTITES PORTUAIRES DE PORT-LA-NOU...,France |,Services portuaires : ensachage et entreposage,nan,nan,nan,ARTERRIS,AXEREAL,0-20 M€,M&A Corporate,0-20,,,,,,,,,,,,,
28 mars 2024,HALL U NEED,France |,Complexe de restauration-bar et de loisirs indoor multi-activités,8,2023.0,Tourisme,BPIFRANCE INVESTISSEMENT,NORD CAPITAL PARTENAIRES,0-20 M€,Augmentation de capital,nan,,,,,,,,,,,,,
28 mars 2024,FNAC-DARTY,France |,Biens culturels et de loisirs,7 349,2023.0,nan,nan,n.d.,n.d.,Emission obligataire,nan,,,,,,,,,,,,,
28 mars 2024,MYRIA EDUCATION (OBJECTIF CRPE),France |,Offre en ligne de préparation au Concours de Recrutement de Professeur des Ecoles (CRPE),7,2023.0,Services & Biens de consommation,CAPZA,CARTESIA EDUCATION,20-50 M€,Spin Off,0-20,,,,,,,,,,,,,
28 mars 2024,2L INVEST,France |,Holding dans le transport,nan,nan,nan,GEI,nan,n.d.,Augmentation de capital,n.d.,,,,,,,,,,,,,
27 mars 2024,ARTERRIS,France |,Coopérative agricole,1 220,2023.0,nan,SOFIPROTEOL,nan,n.d.,Augmentation de capital,n.d.,,,,,,,,,,,,,
27 mars 2024,MONBAKE,Espagne |,Production et distribution de pâtons surgelés,400,2023.0,nan,CVC CAPITAL PARTNERS (CVC),ARDIAN,n.d.,LBO Primaire,nan,,,,,,,,,,,,,
27 mars 2024,QUALI GROUP,France |,Conception,28,2023.0,Services & Biens de consommation,NAXICAP PARTNERS,MANAGER(S),20-50 M€,LBO Primaire,20-50,,,,,,,,,,,,,
27 mars 2024,BLACK AND GOLD,France |,Agence spécialisée en consumer branding,8,2023.0,Média,CAPELIA,FONDATEUR(S),0-20 M€,MBO,n.d.,,,,,,,,,,,,,
27 mars 2024,IGSI,France |,Intégration de solutions de gestion Sage,6,2023.0,Logiciel et services informatiques,PARTHENA CONSULTANT,NAXICAP PARTNERS,0-20 M€,M&A Corporate,0-20,,,,,,,,,,,,,
27 mars 2024,HIVE (HIVENET),France |,Solution de cloud communautaire alternative au Gafam,nan,nan,Logiciel et services informatiques,SC VENTURES,nan,n.d.,1er tour,nan,,,,,,,,,,,,,
27 mars 2024,SURGE,France |,Combinaison d'analyse biologique du système immunitaire à un algorithme d’intelligence artificielle capable de détecter les complications chirurgicales,nan,nan,nan,EURAZEO,nan,n.d.,1er tour,nan,,,,,,,,,,,,,
27 mars 2024,WITBOOKING,Espagne |,Conception et développement de moteurs de réservation pour les établissements hôteliers et les complexes touristiques,3.70,2023.0,Logiciel et services informatiques,SEPTEO,FONDATEUR(S),0-20 M€,Build-up international,0-20,,,,,,,,,,,,,
27 mars 2024,JUVISE PHARMACEUTICALS,France |,Distributeur de médicaments,111.60,2023.0,Produits Pharmaceutiques & matériel médical,BPIFRANCE INVESTISSEMENT,ACTIONNAIRES HISTORIQUES,0-5 M€,Augmentation de capital,n.d.,,,,,,,,,,,,,
27 mars 2024,DARK,France |,Conception d'un système de micro-lanceurs spatial et de dispositifs de sécurisation orbitale,nan,nan,Automobile,EURAZEO GLOBAL INVESTOR,nan,0-20 M€,Amorçage (seed),nan,,,,,,,,,,,,,
27 mars 2024,CREP'EAT,France |,Restauration rapide de crêpes et galettes,15,2023.0,Tourisme,ARKEA CAPITAL,FONDATEUR(S),0-20 M€,MBO,0-20,,,,,,,,,,,,,
27 mars 2024,VEOLOG,France |,Solutions logistiques en particulier dans le domaine des vins et spiritueux,27.80,2022.0,nan,LE ROY LOGISTIQUE,LABATUT GROUP,20-50 M€,Build-up,n.d.,,,,,,,,,,,,,
27 mars 2024,NETZERO,France |,Capture et séquestration carbone,nan,nan,Environnement & CleanTechs,STOA,nan,n.d.,2e tour,nan,,,,,,,,,,,,,
27 mars 2024,CAPRON PODOLOGIE,France |,Fabrication et distribution d'équipements et de consommables à destination des professionnels de la podologie,23,2023.0,Produits Pharmaceutiques & matériel médical,SIPAREX,MANAGER(S),50-150 M€,LBO Primaire,n.d.,,,,,,,,,,,,,
27 mars 2024,PRIMELIS,France |,Agence de référencement naturel et payant,26,2023.0,Média,SAGARD,INITIATIVE & FINANCE,150-250 M€,LBO Bis,n.d.,,,,,,,,,,,,,
27 mars 2024,QIOVA,France |,Solutions laser à forte productivité pour le marquage industriel et l’usinage de précision,0.34,2023.0,Produits & Services industriels,NEYRET,nan,4 M€,2e tour,nan,,,,,,,,,,,,,
26 mars 2024,CLIMELEC ENTREPRISE,France |,Société de services en génie électrique,5.50,2023.0,Immobilier & construction,CEME,FONDATEUR(S),0-5 M€,Build-up,n.d.,,,,,,,,,,,,,
26 mars 2024,ACTIVITÉ CARTES ÉNERGIE D’IP GRUP...,Italie |,Cartes énergie IP Plus est la carte carburant IP dédiée aux flottes d'entreprises,30,2023.0,nan,EDENRED,IP GRUPPO API,n.d.,Spin Off,n.d.,,,,,,,,,,,,,
26 mars 2024,INTELLIGENZA,Brésil |,Logiciels gestion administrative,9.21,2023.0,Logiciel et services informatiques,HR PATH,FONDATEUR(S),n.d.,Build-up international,n.d.,,,,,,,,,,,,,
26 mars 2024,DIAG N'GROW,France |,Plateforme Saas pour l'accompagnement des acteurs de l'écosystème entrepreneurial dans le pilotage et la valorisation des projets innovants,nan,nan,Logiciel et services informatiques,SCALE UP CAPITAL,nan,0-20 M€,1er tour,nan,,,,,,,,,,,,,
26 mars 2024,LOGIVOLT,France |,Développement de bornes de recharges pour véhicules électriques dédié aux copropriétés,nan,nan,nan,BANQUE DES TERRITOIRES,nan,n.d.,Augmentation de capital,nan,,,,,,,,,,,,,
26 mars 2024,UNITED VISUAL RESEARCHERS,France |,Suite logicielle de simulation optique (jumeaux numériques),0.50,2023.0,Logiciel et services informatiques,GO CAPITAL,nan,0-5 M€,1er tour,nan,,,,,,,,,,,,,
26 mars 2024,CARREFOUR,France |,Groupe de grande distribution,90 800,2022.0,nan,CARREFOUR,GROUPE GALERIES LAFAYETTE,>1000 M€,Cession de titres,nan,,,,,,,,,,,,,
26 mars 2024,CETTEFAMILLE (CANNETROTTER),France |,Service d’accompagnement de seniors vers des solutions d'hébergements adaptées (hors Ehpad),nan,nan,Santé,GROUPE CREDIT AGRICOLE,nan,55 M€,5e tour,15-20,,,,,,,,,,,,,
26 mars 2024,CLARANOVA (AVANQUEST),France |,Logiciels grand public,nan,nan,Logiciel et services informatiques,CHEYNE CAPITAL,n.d.,n.d.,Refinancement,nan,,,,,,,,,,,,,
25 mars 2024,COBHAM AEROSPACE COMMUNICATIONS (...,France |,Systèmes de communication de sécurité pour les cockpits,178,2023.0,Automobile,THALES GROUP,COBHAM,997.19 M€,M&A Corporate,nan,,,,,,,,,,,,,
25 mars 2024,AIR BOOSTER,France |,Concepteur de bardages metalliques se transformant en échangeur thermique.,nan,nan,nan,TEAM FOR THE PLANET (EX...,nan,0-20 M€,1er tour,nan,,,,,,,,,,,,,
25 mars 2024,QARBOON (EX DENSE FLUID DEGREASING),France |,Fabricant de machines de nettoyage industriel écologique (par CO2 supercritique),3,2023.0,Environnement & CleanTechs,ACI GROUPE,FONDATEUR(S),0-20 M€,Retournement,0-20,,,,,,,,,,,,,
25 mars 2024,PANODYSSEY,France |,Réseau social dédié à l’écriture et au partage de création d’auteurs,nan,nan,Internet & ecommerce,nan,nan,0-20 M€,Amorçage (seed),nan,,,,,,,,,,,,,
25 mars 2024,MICROPOLE,France |,Conseil et ingénierie en système d'information,141.90,2023.0,Services & Conseil aux entreprises,MIRAMAR HOLDING,EURONEXT GROWTH (EX ALT...,30.25 M€,Opération avortée,nan,,,,,,,,,,,,,
25 mars 2024,MAQSIMA,Allemagne |,Solutions logicielles LIMS (Laboratory Information System) et TMS (Technical Management System),3,2023.0,Logiciel et services informatiques,BASSETTI,CERTINA GROUP,0-20 M€,Build-up international,0-20,,,,,,,,,,,,,
25 mars 2024,KRANUS HEALTH,Allemagne |,Dispositifs médicaux numériques en urologie,nan,nan,Santé,CAPHORN INVEST,nan,20-50 M€,1er tour,nan,,,,,,,,,,,,,
25 mars 2024,ALLEGRO MUSIQUE,France |,Plateforme d’intermédiation spécialisée dans les cours de musique et de chant à domicile,6.20,2023.0,Services & Biens de consommation,CICLAD,FONDATEUR(S),20-50 M€,MBO,20-50,,,,,,,,,,,,,
25 mars 2024,MAINTENANCE FERROVIAIRE INDUSTRIE...,France |,Signalisation et sécurité ferroviaire,2,2023.0,Electronique & Informatique,SNIC TECHNOLOGIES (EX R...,MANAGER(S),0-20 M€,Build-up,0-20,,,,,,,,,,,,,
25 mars 2024,PRESTI,France |,Édition d'un logiciel,nan,nan,Logiciel et services informatiques,PARTECH,nan,0-20 M€,Amorçage (seed),nan,,,,,,,,,,,,,
25 mars 2024,GIFI,France |,Equipements de la maison et de la personne,1 300,2023.0,nan,nan,n.d.,>1000 M€,Retournement,n.d.,,,,,,,,,,,,,
25 mars 2024,BETTER CALL DAVE,France |,Solutions d'immersion en réalité virtuelle pour booster la performance des entreprises,1.90,2023.0,Logiciel et services informatiques,SPARKLING PARTNERS,nan,0-20 M€,Augmentation de capital,nan,,,,,,,,,,,,,
25 mars 2024,FINAFRICA,France |,Réseau de microfinance et d'assurance,nan,nan,nan,PROPARCO,nan,n.d.,Augmentation de capital,nan,,,,,,,,,,,,,
25 mars 2024,PATROWL,France |,Éditeur d'un logiciel de sécurité en ligne pour les entreprises,nan,nan,Logiciel et services informatiques,CREDIT MUTUEL INNOVATION,nan,0-20 M€,1er tour,nan,,,,,,,,,,,,,
22 mars 2024,LES CREATIONS SPORTIVES FRANCAISE...,France |,Conception et commercialisation de médailles,nan,nan,Produits & Services industriels,LES TROPHEES DES VAINQU...,FONDATEUR(S),n.d.,M&A Corporate,n.d.,,,,,,,,,,,,,
22 mars 2024,APPSCHO,France |,Application de gestion scolarité,nan,nan,Logiciel et services informatiques,EDUSIGN,READY EDUCATION,0-5 M€,M&A Corporate,0-5,,,,,,,,,,,,,
22 mars 2024,LA TREMEVENOISE,France |,Fabrication de crêpes et de pâtisseries bretonnes,2.70,2023.0,nan,ATOM GROUP,MANAGER(S),0-20 M€,M&A Corporate,0-20,,,,,,,,,,,,,
22 mars 2024,GEODE ENVIRONNEMENT,France |,Tri,3,2023.0,Environnement & CleanTechs,GROUPE TRI-O GREENWISHE...,FONDATEUR(S),0-5 M€,Build-up,0-20,,,,,,,,,,,,,
22 mars 2024,LABORATOIRES DENCOTT,Japon |,Fabrication et distribution de prothèses oculaires,nan,nan,Produits Pharmaceutiques & matériel médical,MENICON,MANAGER(S),n.d.,M&A (Int'l),n.d.,,,,,,,,,,,,,
22 mars 2024,MARODI TV,Sénégal |,Producteur de contenus audiovisuels et plateforme de « social TV »,nan,nan,Média,CANAL+ GROUPE,n.d.,n.d.,M&A (Int'l),n.d.,,,,,,,,,,,,,
22 mars 2024,PRO'COUPE INDUSTRIES,France |,Concepteur et fabricant de lames industrielles,3.30,2023.0,Produits & Services industriels,PRIMEDGE EUROPE,FONDATEUR(S),0-5 M€,M&A (Int'l),0-5,,,,,,,,,,,,,
21 mars 2024,JCH INTERNATIONAL,France |,produits cosmétiques et de soins pour la femme en BtoB,nan,nan,Santé,HOLDING(S) FAMILIAU(X),MANAGER(S),0-20 M€,M&A Corporate,0-20,,,,,,,,,,,,,
21 mars 2024,IDELUM (IDELUM et EDE),France |,Conception et distribution de solutions et produits d'éclairage professionnel,nan,nan,Produits & Services industriels,MERMOZ PARTICIPATIONS,FONDATEUR(S),n.d.,MBI,n.d.,,,,,,,,,,,,,
21 mars 2024,WAGA ENERGY,France |,Valorisation du biogaz de décharge sous forme de biométhane (substitut renouvelable du gaz naturel),33.30,2023.0,nan,AIR LIQUIDE,nan,n.d.,Augmentation de capital,nan,,,,,,,,,,,,,
21 mars 2024,SOCIETE METALLURGIQUE D'EPERNAY (...,France |,Démantèlement de matériaux lourds dans le ferroviaire et l’aéronautique,25,2023.0,Environnement & CleanTechs,PAPREC,MANAGER(S),20-50 M€,Build-up,n.d.,,,,,,,,,,,,,
21 mars 2024,JC DAVID,France |,Salaison maritime de poisson fumées,14,2024.0,nan,FRENCHFOOD CAPITAL (FFC),JACANA INVEST,0-20 M€,LBO Bis,0-20,,,,,,,,,,,,,
21 mars 2024,EXOES,France |,Ingénierie thermique pour véhicules électriques.,10,2023.0,nan,MERIDIAM,AQUITI GESTION,50-150 M€,Augmentation de capital,20-50,,,,,,,,,,,,,
21 mars 2024,SOPHT,France |,Éditeur d'une plateforme de mesure de l'impact carbone du numérique et de pilotage des réductions des émissions carbonées liées à l'activité numérique des entreprises,nan,nan,Logiciel et services informatiques,TERNEL (EX MAIF AVENIR),nan,0-20 M€,1er tour,nan,,,,,,,,,,,,,
21 mars 2024,SKIN & OUT,France |,Soins et compléments alimentaires pour le traitement de l'acné,1.50,2023.0,Santé,nan,nan,0-20 M€,1er tour,nan,,,,,,,,,,,,,
21 mars 2024,ACT FOR SPORT,France |,Organisation d’opérations de sponsoring de clubs sportifs amateurs pour le compte d’annonceurs.,2,2023.0,Média,GENERIS CAPITAL PARTNERS,GRINTA,0-5 M€,Spin Off,0-20,,,,,,,,,,,,,
21 mars 2024,SKORES MEDIA (WINDATACO - LIVE ON...,France |,Éditeur de sites internet et applications mobiles à destination des fans de sports.,nan,nan,Logiciel et services informatiques,STAGS,BUSINESS ANGEL(S),20-50 M€,LBO Primaire,n.d.,,,,,,,,,,,,,
21 mars 2024,SNIC SIGNALISATION (EX ACTIVITÉ S...,France |,Société d’ingénierie concevant des systèmes de signalisation,10,2023.0,Electronique & Informatique,SNIC TECHNOLOGIES (EX R...,VOSSLOH COGIFER,0-20 M€,Build-up,0-20,,,,,,,,,,,,,
21 mars 2024,AMALTHEA,France |,Agence de conseil en relations médias et en corporate dédiée au monde de la tech,nan,nan,Média,EKNO,FONDATEUR(S),n.d.,M&A Corporate,n.d.,,,,,,,,,,,,,
21 mars 2024,ANYCOMMERCE (EX WYND),France |,Logiciel Saas spécialisé dans les solutions d’encaissement et de gestion des stocks,nan,nan,Logiciel et services informatiques,CHAPSVISION,FONDATEUR(S),n.d.,Build-up,n.d.,,,,,,,,,,,,,
21 mars 2024,TELAMON (EX GROUPE PANHARD),France |,Promoteur logistique,nan,nan,Immobilier & construction,ANDERA PARTNERS,FONDATEUR(S),50-150 M€,MBO Bis,50-150,,,,,,,,,,,,,
21 mars 2024,MEDICHARME,France |,Gestion d'EHPAD,90,2023.0,Santé,DOMIDEP,MANAGER(S),0-5 M€,Retournement,0-5,,,,,,,,,,,,,
21 mars 2024,ARHS GROUP,Luxembourg |,ESN implémentant des outils tiers permettant la numérisation des processus,300,2022.0,Logiciel et services informatiques,ACCENTURE,MML CAPITAL PARTNERS,n.d.,Augmentation de capital,n.d.,,,,,,,,,,,,,
20 mars 2024,ACTIVITE COMPOSANTS DISPOSITIFS M...,Royaume-Uni |,Développement et fabrication des composants miniatures pour la médecine mini-invasive,nan,nan,nan,MONTAGU,JOHNSON MATTHEY,n.d.,Majoritaire,n.d.,,,,,,,,,,,,,
20 mars 2024,MG-VALDUNES,France |,Producteur de roues,68.40,2024.0,Automobile,EUROPLASMA,MA STEEL,n.d.,Retournement,n.d.,,,,,,,,,,,,,
20 mars 2024,SEQUEIRA & SEQUEIRA,Portugal |,Commerce de gros de produits alimentaires et production de produits laitiers,nan,nan,nan,LACTALIS,n.d.,n.d.,M&A (Int'l),n.d.,,,,,,,,,,,,,
20 mars 2024,LOUNGEUP,France |,Éditeur d'un logiciel aidant les hôteliers dans le parcours de leurs clients,2.50,2023.0,Logiciel et services informatiques,D-EDGE,FONDATEUR(S),5-10 M€,Sortie M&A Corporate,n.d.,,,,,,,,,,,,,
20 mars 2024,BMV GLASS,France |,Transformation du verre plat : découpe,4,2023.0,Produits & Services industriels,CEVINO GLASS,MANAGER(S),0-20 M€,Build-up,0-20,,,,,,,,,,,,,
20 mars 2024,IFF PHARMA SOLUTIONS,États-Unis |,Producteur d'excipients pour l'administration de médicaments par voie orale,905,2023.0,Santé,ROQUETTE,INTERNATIONAL FLAVORS &...,2 620 M€,M&A (Int'l),>1000,,,,,,,,,,,,,
20 mars 2024,CURE 51,France |,Création et exploitation par l'IA d'une base de données cliniques et moléculaires mondiale sur les patients ayant survécu aux cancers les plus meurtriers,nan,nan,nan,SOFINNOVA PARTNERS,nan,n.d.,Amorçage (seed),nan,,,,,,,,,,,,,
20 mars 2024,ASTON INSTITUT,France |,École spécialisée sur les métiers de l’informatique et du numérique,13,2023.0,Services & Biens de consommation,TALIS BUSINESS SCHOOL,MANAGER(S),20-50 M€,Build-up,nan,,,,,,,,,,,,,
20 mars 2024,VIQTHOR,France |,Concepteur de solutions basées sur la photonique afin de contrôler les qubits (unité élémentaire pouvant porter une information quantique),nan,nan,Electronique & Informatique,IXCORE IXFUND,nan,0-20 M€,Amorçage (seed),nan,,,,,,,,,,,,,
19 mars 2024,VAUTHELIN,France |,Paysagisme et aménagement d'espaces verts,nan,nan,Environnement & CleanTechs,SALARIES,FONDATEUR(S),0-5 M€,Sponsorless,0-5,,,,,,,,,,,,,
19 mars 2024,KALEA,France |,Prestations de Maîtrise d'Œuvre (MOE) et d'Assistance à Maîtrise d'Ouvrage (AMOA) sur des projets de dépollution et de réhabilitation du bâtiment.,nan,nan,Environnement & CleanTechs,INAXE,GROUPE KALI (EX-KALINVEST),n.d.,Build-up,n.d.,,,,,,,,,,,,,
19 mars 2024,KALEA,France |,Prestations de Maîtrise d'Œuvre (MOE) et d'Assistance à Maîtrise d'Ouvrage (AMOA) sur des projets de dépollution et de réhabilitation du bâtiment.,nan,nan,Environnement & CleanTechs,INAXE,GROUPE KALI (EX-KALINVEST),n.d.,Build-up,n.d.,,,,,,,,,,,,,
19 mars 2024,MADE IN,Canada |,Agence de marketing d'influence famille et food,nan,nan,Média,FOLL-OW (FOLLOW),FONDATEUR(S),n.d.,Build-up international,n.d.,,,,,,,,,,,,,
19 mars 2024,REBRAIN,France |,Développement d'une neurochirurgie de précision au stade commercial,nan,nan,Santé,KARISTA (EX CAPDECISIF ...,nan,0-20 M€,1er tour,nan,,,,,,,,,,,,,
19 mars 2024,TOLERIE JANNIN CARNET (TJC),France |,Spécialiste de la tôlerie fine de précision pour les industries de pointe,6,2023.0,Produits & Services industriels,UI INVESTISSEMENT,ACTIONNAIRES FAMILIAUX,5-10 M€,MBI,0-20,,,,,,,,,,,,,
19 mars 2024,DACRI,France |,Fabriquant d'abris de jardin ossature bois en habillage PVC ou bois.,nan,nan,Immobilier & construction,AP LOISIRS,MANAGER(S),n.d.,Build-up,n.d.,,,,,,,,,,,,,
19 mars 2024,SNRB,France |,Spécialiste des travaux de gros œuvre et réalisation d’ouvrages complexes pour le bâtiment,40,2023.0,Immobilier & construction,BTP CAPITAL INVESTISSEMENT,MANAGER(S),20-50 M€,OBO bis,0-20,,,,,,,,,,,,,
19 mars 2024,GONDECOURT PEINTURE POUDRE G2P,France |,Tôlerie industrielle et peinture,3.40,nan,Matières premières & industries de base (minerais,ZAK HEDONE,n.d.,0-20 M€,M&A Corporate,0-20,,,,,,,,,,,,,
19 mars 2024,JFA - LUISINA,France |,Distribution d'équipements de cuisine et de salle de bains,50,2023.0,nan,SCHÜTTE,ACTIONNAIRES FAMILIAUX,20-50 M€,M&A (Int'l),20-50,,,,,,,,,,,,,
19 mars 2024,MOTHER PRODUCTION,France |,Producteur indépendant de contenus audiovisuels et cinéma,nan,nan,Média,MEDIAWAN,n.d.,n.d.,Minoritaire,n.d.,,,,,,,,,,,,,
19 mars 2024,FINDEL,Royaume-Uni |,Distributeur en ligne de produits d’éducation pour les crèches,126,2023.0,Internet & ecommerce,MANUTAN,ENDLESS LLP,108.90 M€,M&A (Int'l),nan,,,,,,,,,,,,,
19 mars 2024,M2EI (VOIR GENIUS ENERGIES),France |,Electricité industrielle appliquée au génie climatique,10,2023.0,Produits & Services industriels,GENIUS ENERGIES (EX-E.G...,MANAGER(S),5-10 M€,Build-up,n.d.,,,,,,,,,,,,,
19 mars 2024,FSM,France |,Sous-traitance en usinage,nan,nan,Produits & Services industriels,PF INVEST,MANAGER(S),n.d.,M&A Corporate,n.d.,,,,,,,,,,,,,
19 mars 2024,BABEL STRATEGIE & CREATION,France |,Agence de communication corporate,20,2023.0,Média,ARCOLE (DONT ARCOLE IND...,MANAGER(S),0-20 M€,Augmentation de capital,0-20,,,,,,,,,,,,,
18 mars 2024,SEVEN SCENIUM GROUP,France |,Spécialiste de l'étude de charges,nan,nan,Services & Conseil aux entreprises,NOVELTY MAGNUM DUSHOW,MANAGER(S),0-20 M€,M&A Corporate,0-20,,,,,,,,,,,,,
18 mars 2024,SOCIETE DE FABRICATION ET D'OUTIL...,France |,Fabrication d’outillage de haute précision,5.50,2023.0,Produits & Services industriels,ACI GROUPE,MANAGER(S),0-20 M€,Retournement,0-20,,,,,,,,,,,,,
18 mars 2024,SECRETS DE LOLY,France |,Marque de produits capillaires naturels premium pour cheveux texturés,25,2023.0,Santé,QUILVEST CAPITAL PARTNERS,n.d.,50-150 M€,Refinancement,10-15,,,,,,,,,,,,,
16 mars 2024,COZERO,Allemagne |,Solutions logicielles de collecte,nan,nan,Logiciel et services informatiques,KVANTED VENTURES,nan,20-50 M€,1er tour,nan,,,,,,,,,,,,,
15 mars 2024,IN PROCESS (IN PROCESS),France |,Agence spécialisée dans l'innovation stratégique,nan,nan,Média,GROUPE SOPRA STERIA,FONDATEUR(S),0-5 M€,M&A Corporate,0-5,,,,,,,,,,,,,
15 mars 2024,GARDENLAB,France |,Développement de programmes de fidélité et de récompenses autour des NFT (non-fungible tokens) et de l'univers web 3.0.,nan,nan,Média,LYZI,FONDATEUR(S),0-5 M€,M&A Corporate,0-5,,,,,,,,,,,,,
15 mars 2024,ICEBERG DATA LAB (IDL),France |,Fournisseur de données et d’outils d’estimation de l’impact carbone des portefeuilles des institutions financières,nan,nan,Logiciel et services informatiques,BERINGEA,nan,n.d.,2e tour,5-10,,,,,,,,,,,,,
15 mars 2024,MITIGA,Espagne |,Éditeur d’un logiciel Saas d’analyse des risques climatiques,nan,nan,Logiciel et services informatiques,ELAIA PARTNERS,nan,20-50 M€,1er tour,nan,,,,,,,,,,,,,
15 mars 2024,GIT,France |,Traitement de surface et l’application de peinture liquide sur différents supports pour l’industrie aéronautique,8,2023.0,Automobile,LIEBHERR AEROSPACE TOUL...,MANAGER(S),n.d.,M&A (Int'l),n.d.,,,,,,,,,,,,,
15 mars 2024,VEETON,France |,Générateur d'images à base d'IA générative,nan,nan,Logiciel et services informatiques,FOUNDERS FUTURE,nan,0-20 M€,Amorçage (seed),nan,,,,,,,,,,,,,
15 mars 2024,AIRTHIUM,États-Unis |,Conception de pompes à chaleur visant à réduire à l'empreinte carbone de l’industrie,nan,nan,nan,DAPHNI,nan,15-20 M€,Amorçage (seed),nan,,,,,,,,,,,,,
15 mars 2024,EDONIA,France |,Développement,nan,nan,nan,ASTERION,nan,0-5 M€,Amorçage (seed),nan,,,,,,,,,,,,,
15 mars 2024,GENESIS GROUPE,France |,Conseil en ingénierie informatique et en transformations numériques et technologiques,nan,nan,Logiciel et services informatiques,AUDENSIEL,MANAGER(S),n.d.,Build-up,n.d.,,,,,,,,,,,,,
15 mars 2024,SELF & INNOV,France |,Accompagnement des entreprises pour trouver des financements.,1.70,2023.0,Services & Conseil aux entreprises,GSO INNOVATION (GRAND S...,nan,0-5 M€,Augmentation de capital,nan,,,,,,,,,,,,,
15 mars 2024,ACTIFS TECHNIQUES ET TECHNOLOGIQU...,France |,Actifs techniques et technologiques de la société Skopai : plateforme de veille automatisée sur l'activité des start-ups au niveau mondial,nan,nan,Logiciel et services informatiques,TKM (TECHNOLOGY KNOWLED...,FONDATEUR(S),0-5 M€,Retournement,nan,,,,,,,,,,,,,
15 mars 2024,ALTICE MEDIA,France |,Activité audiovisuelle d'Altice (englobant RMC et BFM),362,2023.0,Média,CMA CGM,ALTICE FRANCE,1 550 M€,M&A Corporate,n.d.,,,,,,,,,,,,,
15 mars 2024,INALVE,France |,Production de microalgues destinées à l’alimentation animale,nan,nan,nan,BPIFRANCE INVESTISSEMENT,nan,0-20 M€,2e tour,nan,,,,,,,,,,,,,
15 mars 2024,TERRIO,France |,Production de matériaux de construction à base de terre crue,0.25,2023.0,Immobilier & construction,ICADE,nan,n.d.,Amorçage (seed),nan,,,,,,,,,,,,,
15 mars 2024,PETERS SURGICAL,France |,Dispositifs médicaux pour interventions chirurgicales,84,2023.0,Santé,ADVANCED MEDICAL SOLUTI...,EURAZEO,141.40 M€,Sortie M&A Corporate,n.d.,,,,,,,,,,,,,
15 mars 2024,SKILLEOS,France |,Plateforme de cours en ligne,nan,nan,Internet & ecommerce,TOUTAPPRENDRE.COM (EX L...,FONDATEUR(S),10-15 M€,Build-up,n.d.,,,,,,,,,,,,,
14 mars 2024,CASTONS,Royaume-Uni |,Société de géomètres,nan,nan,Immobilier & construction,ARTELIA,n.d.,n.d.,M&A (Int'l),n.d.,,,,,,,,,,,,,
14 mars 2024,DOUZE FILIALES AFRICAINES D'AIR L...,Monde |,Activité gaz industriels et médicaux de 12 filiales d'Air Liquide au Bénin,60,2023.0,Matières premières & industries de base (minerais,ADENIA PARTNERS,AIR LIQUIDE,n.d.,Augmentation de capital,n.d.,,,,,,,,,,,,,
14 mars 2024,ASTER,France |,Solution technologique pour optimiser les réunions et outil digital pour RH,nan,nan,Logiciel et services informatiques,DILITRUST,FONDATEUR(S),0-20 M€,Build-up,0-20,,,,,,,,,,,,,
14 mars 2024,OPENMEDIAS,France |,Agence média et publicité spécialisée sur le digital,4,2023.0,Média,GROUPE SCP (SERVICES-CO...,MANAGER(S),0-20 M€,Build-up,0-20,,,,,,,,,,,,,
14 mars 2024,BETAKORN (GEDEON ET KARIBU GESTION),France |,Courtier en ligne et gestionnaire de contrats de retraite supplémentaire,2,2024.0,nan,MALAKOFF HUMANIS,MANAGER(S),0-20 M€,Majoritaire,0-20,,,,,,,,,,,,,
14 mars 2024,TUBULIS,Allemagne |,Développement d'anticorps conjugués (ADC),nan,nan,nan,ANDERA PARTNERS,nan,n.d.,3e tour,nan,,,,,,,,,,,,,
14 mars 2024,ADACORE,France |,Outils de développement et de vérification de codes informatiques pour les systèmes critiques,30,2023.0,Logiciel et services informatiques,BATTERY VENTURES,FONDATEUR(S),50-150 M€,LBO Primaire,50-150,,,,,,,,,,,,,
14 mars 2024,LABORATOIRE DE BIOLOGIE MEDICALE ...,France |,Laboratoire de biologie médicale,8.50,2023.0,Santé,OUEST BIOLOGIE,MANAGER(S),15-20 M€,M&A Corporate,n.d.,,,,,,,,,,,,,
14 mars 2024,SXIPHER,États-Unis |,Tests de pénétration avec IA et solutions de cybersécurité,nan,nan,Logiciel et services informatiques,nan,nan,35 M€,Amorçage (seed),nan,,,,,,,,,,,,,
14 mars 2024,PBK,France |,Conception,4,2023.0,Services & Biens de consommation,NEXTPOOL GROUP,MANAGER(S),0-5 M€,Build-up,0-5,,,,,,,,,,,,,
14 mars 2024,NASCO INSURANCE GROUP,Liban |,Courtage d’assurance et réassurance,100,2023.0,nan,SIACI SAINT HONORE (DIO...,MANAGER(S),167 M€,Build-up international,n.d.,,,,,,,,,,,,,
13 mars 2024,DAGRÉ COMMUNICATION,France |,Services de communication,nan,nan,Média,nan,n.d.,n.d.,M&A Corporate,n.d.,,,,,,,,,,,,,
13 mars 2024,SPINNAKER SCA,États-Unis |,Conseil en supply-chain,nan,nan,Services & Conseil aux entreprises,PUBLICIS GROUPE,n.d.,n.d.,M&A (Int'l),n.d.,,,,,,,,,,,,,
13 mars 2024,LES ALCHIMISTES CÔTE D'AZUR,France |,Collecte et compostage des biodéchets.,0.79,2023.0,Environnement & CleanTechs,ANDERA PARTNERS,nan,20-50 M€,Augmentation de capital,nan,,,,,,,,,,,,,
13 mars 2024,ACS 2I,France |,Intégrateur en GTB (Gestion Technique de Bâtiment),1.80,2023.0,Logiciel et services informatiques,NEXTIIM (EX NEXTIIM ET ...,FONDATEUR(S),0-20 M€,M&A Corporate,n.d.,,,,,,,,,,,,,
13 mars 2024,CERENE,France |,"Ecoles dédiées aux élèves ""dys""​ et centres de diagnostic neuropsychologique",nan,nan,Services & Biens de consommation,EUTOPIA,nan,n.d.,Augmentation de capital,0-20,,,,,,,,,,,,,
13 mars 2024,GTT (GAZTRANSPORT & TECHNIGAZ),France |,Systèmes de confinement à membranes dédiés au transport et au stockage du gaz liquéfié,427.70,2023.0,nan,MORGAN STANLEY,ENGIE,n.d.,Cession de titres,n.d.,,,,,,,,,,,,,
13 mars 2024,PROECO,Italie |,Fournisseur de services d'ingénierie et de fournitures spécialisé dans les industries liées à l’oil & gas,6,2022.0,Services & Conseil aux entreprises,PARLYM,MANAGER(S),0-20 M€,M&A (Int'l),0-20,,,,,,,,,,,,,
13 mars 2024,TELEDEC,France |,Solutions de télédéclaration fiscale,nan,nan,Logiciel et services informatiques,VISMA,FONDATEUR(S),0-20 M€,Build-up international,0-20,,,,,,,,,,,,,
13 mars 2024,GAYA,France |,Concepteur de vélos connectés et durables à assistance électrique,5,2023.0,nan,VIA ID,nan,0-20 M€,1er tour,nan,,,,,,,,,,,,,
12 mars 2024,UNNAX,Espagne |,Fintech d’agrégation de données financières spécialisée dans le domaine des services financiers clés en main comme l’ouverture de comptes bancaires ou l'émission de cartes de paiement,nan,nan,nan,POWENS (BUDGET INSIGHT),FONDATEUR(S),0-20 M€,Build-up international,n.d.,,,,,,,,,,,,,
12 mars 2024,DELTA DORE,France |,Produits et services en domotique,180,2022.0,Electronique & Informatique,ARKEA CAPITAL,SCHNEIDER ELECTRIC,150-250 M€,Augmentation de capital,n.d.,,,,,,,,,,,,,
12 mars 2024,INTEGRITY SOLUTIONS,Royaume-Uni |,Gestion de projets et de programmes numériques,nan,nan,Produits Pharmaceutiques & matériel médical,PRODUCTLIFE CONSULTING ...,FONDATEUR(S),0-20 M€,Build-up international,n.d.,,,,,,,,,,,,,
12 mars 2024,FONDS DE COMMERCE LAVILOG,France |,Thermorégulation vinicole,nan,nan,Logiciel et services informatiques,GAÏANA (EX ID SYSTEMES SA),LAMOUROUX,0-20 M€,Carve-out,0-5,,,,,,,,,,,,,
12 mars 2024,OPTI FINANCE,France |,Conseil en gestion de patrimoine,12,2023.0,nan,CRYSTAL,MANAGER(S),50-150 M€,Build-up,n.d.,,,,,,,,,,,,,
12 mars 2024,SIREA,France |,Fabricant de solutions pour le pilotage énergétique et l’automatisme industriel,7,2023.0,Produits & Services industriels,BPIFRANCE INVESTISSEMENT,MANAGER(S),0-20 M€,Augmentation de capital,n.d.,,,,,,,,,,,,,
12 mars 2024,ACTISOFT,France |,Intégration de Solutions de Gestion Financière en entreprise.,2,2023.0,Logiciel et services informatiques,GROUPE LSI (EX-LSI SUD ...,MANAGER(S),0-5 M€,M&A Corporate,0-5,,,,,,,,,,,,,
12 mars 2024,VALLOUREC,France |,Fabrication de tubes acier sans soudure pour énergie,5 100,2023.0,Produits & Services industriels,ARCELOR MITTAL,APOLLO GLOBAL MANAGEMENT,3 472.70 M€,Cession de titres,nan,,,,,,,,,,,,,
12 mars 2024,BOUVIER FRERES,France |,Travaux de menuiserie,2,2023.0,Immobilier & construction,nan,MANAGER(S),n.d.,M&A Corporate,n.d.,,,,,,,,,,,,,
12 mars 2024,CENTRALE LOISIRS VOYAGES,France |,Agence mixte de voyage et d’événementiel,4.30,2023.0,Tourisme,nan,FONDATEUR(S),5-10 M€,M&A Corporate,5-10,,,,,,,,,,,,,
12 mars 2024,PROMATEC GROUP,France |,Protection et la rénovation de sols industriels et professionnels,nan,nan,Produits & Services industriels,CITA INVESTISSEMENT,nan,0-20 M€,1er tour,nan,,,,,,,,,,,,,
12 mars 2024,FONDS DE COMMERCE DE 15 VILLAGES ...,France |,15 villages vacances et 1 camping en France métropolitaine et en Corse,50,2022.0,Tourisme,MILEADE,TOURISTRA,2.50 M€,Retournement,nan,,,,,,,,,,,,,
12 mars 2024,BLACKLEAF,France |,Production de graphène,0.80,2023.0,Produits & Services industriels,FINANCIERE CAJUBA,FONDATEUR(S),20-50 M€,Augmentation de capital,nan,,,,,,,,,,,,,
12 mars 2024,FORVIA (EX FAURECIA),France |,Fabrication d'équipements automobiles,25 460,2022.0,Automobile,EURONEXT (BOURSE),n.d.,n.d.,Emission obligataire,nan,,,,,,,,,,,,,
12 mars 2024,VIAPAZON,France |,Solution Saas collaborative dédiée aux professionnels de la transaction d'entreprise.,nan,nan,Logiciel et services informatiques,nan,nan,0-5 M€,Amorçage (seed),nan,,,,,,,,,,,,,
12 mars 2024,ACTIVITÉS DE SÉCURITÉ D'IDENTIV,États-Unis |,Fournisseur de solutions de contrôle d’accès physique,67.45,2023.0,Electronique & Informatique,VITAPROTECH GROUP,IDENTIV,50-150 M€,Build-up international,nan,,,,,,,,,,,,,
12 mars 2024,ETHER IMPACT,France |,Innovation sociale et organisationnelle,nan,nan,Services & Conseil aux entreprises,nan,nan,0-20 M€,Amorçage (seed),nan,,,,,,,,,,,,,
12 mars 2024,NEO EARTH,France |,Production de souches de microalgues à haut rendement,nan,nan,nan,NEWFUND,nan,0-20 M€,Amorçage (seed),n.d.,,,,,,,,,,,,,
12 mars 2024,BIEN'ICI,France |,Site d’annonces immobilières,nan,nan,Internet & ecommerce,GALIAN (VOIR GALIAN-SMA...,n.d.,n.d.,Minoritaire,n.d.,,,,,,,,,,,,,
11 mars 2024,PHAXIAM THERAPEUTICS (EX ERYTECH ...,France |,Biotech développant des phagothérapies afin de s'attaquer aux maladies nosocomiales et de lutter contre la résistance aux antimicrobiens,23.50,2023.0,nan,nan,NASDAQ,n.d.,Retrait de cote,n.d.,,,,,,,,,,,,,
11 mars 2024,ALUMINIUM DUNKERQUE,France |,Production d'aluminium,nan,nan,Matières premières & industries de base (minerais,nan,n.d.,n.d.,Refinancement,nan,,,,,,,,,,,,,
11 mars 2024,ICG GRUPPE,Allemagne |,Prestataire de services clés en main dans les infrastructures de télécommunication (déploiement et maintenance de réseaux fibre et mobile),230,2023.0,Média,SPIE OPERATIONS (GROUPE...,MANAGER(S),150-250 M€,M&A (Int'l),n.d.,,,,,,,,,,,,,
11 mars 2024,JL&P,France |,Groupe d'ingénierie spécialisé dans le déploiement des hubs multi-énergies au sein des stations-services,nan,nan,Services & Conseil aux entreprises,ARKEA CAPITAL,n.d.,20-50 M€,OBO,20-50,,,,,,,,,,,,,
11 mars 2024,HAWKCELL,France |,Solution d'IRM pour les animaux,nan,nan,Produits Pharmaceutiques & matériel médical,MIG CAPITAL,nan,0-20 M€,1er tour,nan,,,,,,,,,,,,,
11 mars 2024,SAFE GROUP (SAFE ORTHOPAEDICS ET ...,France |,Distribution de dispositifs médicaux implantables dédiés à la chirurgie du rachis ainsi que d'instruments prêts à l'emploi,nan,nan,Produits Pharmaceutiques & matériel médical,ALPHA BLUE OCEAN (ABO),n.d.,0-20 M€,Emission obligataire,nan,,,,,,,,,,,,,
11 mars 2024,B&K SOLAR,Allemagne |,Fabricant de systèmes d’intégration pour panneaux photovoltaïques,nan,nan,Produits & Services industriels,CAILLAU,n.d.,n.d.,Build-up international,n.d.,,,,,,,,,,,,,
11 mars 2024,H&K,France |,Agence de photos,nan,nan,Média,SIPA PRESS,FONDATEUR(S),0-5 M€,M&A Corporate,n.d.,,,,,,,,,,,,,
11 mars 2024,KENKO,France |,Plateforme 100 % digitale de mutuelle à la carte,nan,nan,nan,nan,nan,0-20 M€,Amorçage (seed),nan,,,,,,,,,,,,,
08 mars 2024,MEDIA BAG,France |,Distribution de sacs publicitaires.,nan,nan,Média,GROUPE GUILLIN,FONDATEUR(S),0-20 M€,Majoritaire,n.d.,,,,,,,,,,,,,
08 mars 2024,GN EUROPE EXPERT,France |,Cabinet d’expertise comptable,0.60,2023.0,nan,ECGE CONSEIL,FONDATEUR(S),n.d.,M&A Corporate,n.d.,,,,,,,,,,,,,
08 mars 2024,CREA BAG,France |,Solutions d’emballages alimentaires,nan,nan,Média,GROUPE GUILLIN,FONDATEUR(S),0-20 M€,Majoritaire,n.d.,,,,,,,,,,,,,
08 mars 2024,ENOSIUM LIFE SCIENCE,France |,Groupe intégré de services scientifiques pour les sociétés pharmaceutiques,nan,nan,Santé,OTIUM CAPITAL,nan,0-20 M€,Amorçage (seed),0-20,,,,,,,,,,,,,
08 mars 2024,CUBIK AGENCEUR,France |,Agencement de pharmacies,24,2023.0,Services & Conseil aux entreprises,CAPITAL CROISSANCE,FONDATEUR(S),20-50 M€,BIMBO,n.d.,,,,,,,,,,,,,
08 mars 2024,QATENT,France |,Gestion des actifs de propriété intellectuelle grâce à l'intelligence artificielle,nan,nan,Logiciel et services informatiques,QUESTEL,FONDATEUR(S),n.d.,Build-up,n.d.,,,,,,,,,,,,,
08 mars 2024,GREENLY,France |,Gamme de solutions pour aider les individus et les entreprises à évaluer et à gérer leur empreinte carbone,nan,nan,Environnement & CleanTechs,FIDELITY INTERNATIONAL,BUSINESS ANGEL(S),150-250 M€,2e tour,20-50,,,,,,,,,,,,,
07 mars 2024,MECALAC ILE DE FRANCE,France |,Filiale de distribution de la marque Mecalac sur la région Ile-de-France,nan,nan,Immobilier & construction,HBI GROUPE,MECALAC,n.d.,M&A Corporate,n.d.,,,,,,,,,,,,,
07 mars 2024,CHOCOLOCO (SALON DU CHOCOLAT),France |,Organisation d'événements dont le Salon du chocolat à Paris (via Event International),nan,nan,Média,COMEXPOSIUM,MANAGER(S),0-20 M€,Build-up,n.d.,,,,,,,,,,,,,
07 mars 2024,MAWENZI PARTNERS,France |,Cabinet de conseil en stratégie,nan,nan,nan,EIGHT ADVISORY,FONDATEUR(S),n.d.,M&A Corporate,n.d.,,,,,,,,,,,,,
07 mars 2024,PLASTIC OMNIUM,France |,Pièces plastiques pour industrie automobile,11 400,2023.0,Automobile,nan,n.d.,>1000 M€,Emission obligataire,nan,,,,,,,,,,,,,
07 mars 2024,VALTUS GERMANY,Allemagne |,Conseil en management de transition,nan,nan,Services & Conseil aux entreprises,VALTUS,n.d.,0-20 M€,M&A (Joint Venture),0-20,,,,,,,,,,,,,
07 mars 2024,REGATE,France |,Solution logicielle de gestion des factures pour les directions financières de PME,nan,nan,Logiciel et services informatiques,QONTO,360 CAPITAL PARTNERS,n.d.,M&A Corporate,n.d.,,,,,,,,,,,,,
07 mars 2024,CARMINE CAPITAL AMÉRIQUE DU NORD,Canada |,Filiale de conseil en M&A et audit de Carmine Capital en partenariat avec Rézoway pour accompagner les clients en Amérique du Nord,nan,nan,Services & Conseil aux entreprises,CARMINE CAPITAL,n.d.,n.d.,M&A (Joint Venture),n.d.,,,,,,,,,,,,,
07 mars 2024,ELIXIR HEALTH,France |,Développement de solutions d’IA dans le parcours de soins de la fertilité,nan,nan,Logiciel et services informatiques,BPIFRANCE INVESTISSEMENT,nan,0-20 M€,Amorçage (seed),nan,,,,,,,,,,,,,
07 mars 2024,LE VELO DU SOIR,France |,Traiteur événementiel organisant cocktails déjeuner,2,2023.0,Services & Conseil aux entreprises,nan,FONDATEUR(S),0-5 M€,MBI,0-5,,,,,,,,,,,,,
06 mars 2024,FORMI SA,France |,Éditeur d'une solution de gestion documentaire et financière pour les projets de construction,nan,nan,Logiciel et services informatiques,INFOPRO DIGITAL,MANAGER(S),0-20 M€,Build-up,0-20,,,,,,,,,,,,,
06 mars 2024,MASTEOS,France |,Proptech d’investissement locatif clé-en-main,16,2023.0,Immobilier & construction,NOVAXIA,MANAGER(S),0-5 M€,Retournement,nan,,,,,,,,,,,,,
06 mars 2024,BULLDOZAIR,France |,Éditeur d'un logiciel de suivi et de gestion des chantiers,nan,nan,Logiciel et services informatiques,INFOPRO DIGITAL,FONDATEUR(S),0-20 M€,Build-up,0-20,,,,,,,,,,,,,
06 mars 2024,QENVI ROBOTICS,France |,Développement de robots suiveurs et autonomes pour tous les équipements roulants porteurs de charges,nan,nan,Electronique & Informatique,FIDÈVE GROUPE,nan,0-5 M€,1er tour,nan,,,,,,,,,,,,,
06 mars 2024,CORDERIE HENRI LANCELIN,France |,Conception et la fabrication de cordages synthétiques haut de gamme et innovants à destination notamment du nautisme,8,2023.0,Textile,SAMSON ROPE TECHNOLOGIES,n.d.,0-20 M€,M&A Corporate,0-20,,,,,,,,,,,,,
05 mars 2024,AS TEAM,France |,Transport routier international de textiles haut de gamme,nan,nan,nan,DIMOTRANS GROUP,ACTIONNAIRES FAMILIAUX,0-20 M€,Build-up,0-20,,,,,,,,,,,,,
05 mars 2024,MULTIVERSE COMPUTING,Espagne |,Logiciels d'informatique quantique et d'inspiration quantique,nan,nan,Logiciel et services informatiques,COLUMBUS VENTURE PARTNERS,nan,50-150 M€,1er tour,nan,,,,,,,,,,,,,
05 mars 2024,REACHFIVE (COMMUNITHINK),France |,Logiciels Saas de connexion et gestion des identités de clients,5,2023.0,Logiciel et services informatiques,PURSE (UPSTREAM PAY),FONDATEUR(S),0-20 M€,M&A Corporate,0-20,,,,,,,,,,,,,
05 mars 2024,W PLATFORM,France |,Conception de systèmes de captation et valorisation du CO₂ pour la viticulture et les brasseries,1,2023.0,Environnement & CleanTechs,DEMETER (VOIR DEMA INVEST),nan,4.25 M€,Amorçage (seed),nan,,,,,,,,,,,,,
05 mars 2024,GROUPE ADF,France |,Services en ingénierie et maintenance pour l’industrie,540,2023.0,Produits & Services industriels,ANDERA ACTO (EX ACTOMEZZ ),ABENEX,250-500 M€,MBO IV,n.d.,,,,,,,,,,,,,
05 mars 2024,HEALTH CARE SOLUTION (HCS),Maroc |,Conseil en affaires réglementaires,0.50,2023.0,Santé,PRODUCTLIFE CONSULTING ...,MANAGER(S),0-20 M€,Build-up international,0-20,,,,,,,,,,,,,
05 mars 2024,BEARER,France |,Détection et résolution de failles de sécurité de données dans le code informatique,nan,nan,Logiciel et services informatiques,CYCODE,MANAGER(S),n.d.,M&A (Int'l),n.d.,,,,,,,,,,,,,
05 mars 2024,IRIDIS,France |,Maintenance et distribution d’équipements auprès des chaînes de fast-food,20,2023.0,Produits & Services industriels,SPARRING CAPITAL,MANAGER(S),20-50 M€,BIMBO,n.d.,,,,,,,,,,,,,
05 mars 2024,ALHYANGE,France |,Bureau d’ingénierie et d’assistance à maître d’ouvrage (AMO) dans l’acoustique et le vibratoire,2.50,2023.0,Services & Conseil aux entreprises,SOCOTEC,MANAGER(S),0-20 M€,Build-up,n.d.,,,,,,,,,,,,,
05 mars 2024,VADE SECURE,France |,Solutions de cybersécurité des e-mails,nan,nan,Logiciel et services informatiques,HORNETSECURITY,MANAGER(S),250-500 M€,Build-up international,n.d.,,,,,,,,,,,,,
05 mars 2024,MONTANER PIETRINI BOISSONS,France |,Distribution de boissons pour CHR,280,2023.0,nan,GROUPE LFPI,MANAGER(S),250-500 M€,OBO,50-150,,,,,,,,,,,,,
05 mars 2024,SORDEN - ETIQUETTES,France |,Fabricant d’étiquettes adhésives,nan,nan,Produits & Services industriels,SBP FRANCHE,MANAGER(S),n.d.,M&A Corporate,n.d.,,,,,,,,,,,,,
04 mars 2024,MEWS,France |,Éditeur d'une solution logicielle centralisant les services de gestion et de réservation des hôtels,nan,nan,Logiciel et services informatiques,ELAIA PARTNERS,nan,1 120 M€,4e tour,nan,,,,,,,,,,,,,
04 mars 2024,DIABELOOP,France |,Dispositif médical basé sur l’IA pour améliorer la condition des personnes diabétiques,nan,nan,Produits Pharmaceutiques & matériel médical,LBO FRANCE VENTURE (EX ...,nan,n.d.,4e tour,nan,,,,,,,,,,,,,
04 mars 2024,ECLIPSE,France |,Déploiement et la gestion de systèmes de stockage d’énergie par batteries à grande échelle.,nan,nan,nan,WIND CAPITAL,nan,n.d.,Amorçage (seed),nan,,,,,,,,,,,,,
04 mars 2024,APPYUSER,France |,Solution Saas d'optimisation de l'expérience numérique sur les sites Internet,nan,nan,Logiciel et services informatiques,nan,nan,0-20 M€,Amorçage (seed),nan,,,,,,,,,,,,,
04 mars 2024,TIPSA,Espagne |,Éditeur de logiciels métiers Saas (ERP,nan,nan,Logiciel et services informatiques,GAÏANA (EX ID SYSTEMES SA),MANAGER(S),0-20 M€,Build-up international,0-20,,,,,,,,,,,,,
04 mars 2024,SOLU-TECH,France |,Concepteur de solutions clés en main de robotique,7,2023.0,Produits & Services industriels,VINCI ENERGIES,MANAGER(S),0-20 M€,M&A Corporate,0-20,,,,,,,,,,,,,
04 mars 2024,IBG (INNOVATIVE BEAUTY GROUP),France |,Fournisseur de services de beauté et de soins personnels,250,2023.0,Santé,FREMMAN CAPITAL,ALBEA,150-250 M€,Spin Off,n.d.,,,,,,,,,,,,,
04 mars 2024,LES ABEILLES INTERNATIONAL,France |,Société de remorquage et d'assistance aux personnes et aux navires en difficultés,20,2023.0,nan,BOLUDA,ECONOCOM,n.d.,M&A (Int'l),n.d.,,,,,,,,,,,,,
04 mars 2024,EN CARTA DIAGNOSTICS,France |,Plateforme de diagnostics appliquée à la détection précoce de la maladie de Lyme,nan,nan,Produits Pharmaceutiques & matériel médical,CENTRALESUPELEC,nan,0-5 M€,Amorçage (seed),0-5,,,,,,,,,,,,,
01 mars 2024,SII,France |,Solution et conseil informatique,1 022.50,2023.0,Logiciel et services informatiques,BLACKSTONE,EURONEXT (BOURSE),1 300 M€,OPA,>1000,,,,,,,,,,,,,
01 mars 2024,SODIKART,France |,Karting,nan,nan,Automobile,ORIGINE PARTNERS,n.d.,n.d.,LBO Ter,n.d.,,,,,,,,,,,,,
01 mars 2024,VITI-TUNNEL,France |,Concepteur d'une bâche escamotable pour la mise à l’abri automatique des vignes,nan,nan,Electronique & Informatique,DEMETER (VOIR DEMA INVEST),nan,0-20 M€,Amorçage (seed),nan,,,,,,,,,,,,,
01 mars 2024,FRIZBIZ,France |,Site internet de mise en relation entre particuliers et professionnels pour la réalisation de travaux,0.30,2023.0,Internet & ecommerce,RING TWICE,RESILIANS,0-5 M€,M&A (Int'l),0-5,,,,,,,,,,,,,
01 mars 2024,SMARTBEAM,Belgique |,Solution logicielle de suivi des budgets des chantiers,nan,nan,Logiciel et services informatiques,ID CAPTURE,FONDATEUR(S),0-20 M€,M&A (Int'l),0-20,,,,,,,,,,,,,
01 mars 2024,BEOP (BE OP),France |,Solution de création de contenus conversationnels pour les annonceurs,3.40,2023.0,Logiciel et services informatiques,COLLECTIVE AUDIENCE,SENSEII VENTURES,0-20 M€,M&A (Int'l),0-20,,,,,,,,,,,,,
01 mars 2024,SOAN,France |,Plateforme de facturation et de paiement pour TPE et PME,1,2023.0,Logiciel et services informatiques,PLUS QUE PRO,FONDATEUR(S),0-5 M€,Build-up,n.d.,,,,,,,,,,,,,
01 mars 2024,EUODIA FINANCE,France |,Conseil en gestion de patrimoine et plateforme digitale de distribution de solutions d’épargne,11,2023.0,nan,ODEALIM,FONDATEUR(S),20-50 M€,Build-up,nan,,,,,,,,,,,,,
01 mars 2024,CHARLOIS,France |,Métiers autour du bois,300,2023.0,Produits & Services industriels,INTERMEDIATE CAPITAL GR...,LATOUR CAPITAL,500-1000 M€,LBO IV,n.d.,,,,,,,,,,,,,
01 mars 2024,CARTAGE,France |,Courtier d'assurance en ligne pour l'emprunt de voitures entre particuliers,nan,nan,Internet & ecommerce,FONDATION MINES PARIS,nan,0-20 M€,Amorçage (seed),nan,,,,,,,,,,,,,
01 mars 2024,SBIM,Belgique |,Éditeur et distributeur de solutions logicielles pour le secteur hospitalier,11.85,2023.0,Logiciel et services informatiques,SOFTWAY MEDICAL,n.d.,20-50 M€,Build-up international,20-50,,,,,,,,,,,,,
01 mars 2024,COMASE INFORMATIQUE,Belgique |,Solutions informatiques,nan,nan,Logiciel et services informatiques,SOFTWAY MEDICAL,n.d.,0-20 M€,Build-up international,0-20,,,,,,,,,,,,,
01 mars 2024,WANIMO,France |,Site internet animalier,nan,nan,Internet & ecommerce,ANIMO CONCEPT,DOMES PHARMA,0-5 M€,Retournement,0-5,,,,,,,,,,,,,
01 mars 2024,NEOLEDGE,France |,Éditeur de logiciels de gestion électronique des documents (GED),10,2023.0,Logiciel et services informatiques,ELEVATION CAPITAL PARTNERS,nan,n.d.,Augmentation de capital,nan,,,,,,,,,,,,,
01 mars 2024,FEMIA INDUSTRIE,France |,Conception,10.30,2023.0,Produits & Services industriels,FINORPA GIE,MANAGER(S),5-10 M€,MBI,n.d.,,,,,,,,,,,,,
01 mars 2024,REVEL'HOME,France |,Accélère et sécurise les interactions avec les clients,nan,nan,Logiciel et services informatiques,ELCIA,n.d.,0-20 M€,Minoritaire,nan,,,,,,,,,,,,,
01 mars 2024,ALOEN (EAS'IA),France |,Outil logiciel utilisant les systèmes d'IA génératifs pour accompagner et évaluer les centres d'appels,nan,nan,Logiciel et services informatiques,KIMA VENTURES,nan,0-5 M€,Amorçage (seed),nan,,,,,,,,,,,,,
01 mars 2024,LE SPHINX,France |,Logiciels d'enquêtes et d'analyse des données,9.50,2023.0,Logiciel et services informatiques,SOFTNEXT,MANAGER(S),20-50 M€,M&A Corporate,n.d.,,,,,,,,,,,,,
01 mars 2024,MYCONNECT,France |,Intégrateur de technologies de connectivité et de sécurité sur du courant faible (bornes WiFi,4.30,2023.0,Electronique & Informatique,CONNECT PRO,MANAGER(S),0-20 M€,LBO Primaire,0-20,,,,,,,,,,,,,
01 mars 2024,KINEXYA,France |,Spécialiste chaîne logistique et stockage,nan,nan,nan,SUPPLYWEB,KA'OHANA,0-20 M€,M&A Corporate,0-20,,,,,,,,,,,,,
01 mars 2024,EYEQ OPTOMETRISTS,Australie |,Réseau d’optométristes,19.60,2023.0,Produits Pharmaceutiques & matériel médical,ESSILOR-LUXOTTICA,n.d.,n.d.,M&A (Int'l),n.d.,,,,,,,,,,,,,
01 mars 2024,IZIVIA ADVANCE (JV IZIVIA ET MORR...,France |,Plateforme d'investissement dans les solutions de recharge pour véhicules électriques en France,nan,nan,nan,IZIVIA,n.d.,n.d.,M&A (Joint Venture),nan,,,,,,,,,,,,,
01 mars 2024,FREEPRY,France |,Éditeur de logiciel aidant à la reprise et la revente d'articles de mode de seconde main en boutique,nan,nan,Logiciel et services informatiques,LIZEE,TOMCAT INVEST,0-20 M€,M&A Corporate,0-20,,,,,,,,,,,,,
01 mars 2024,ACTIVITÉS DE TERREAL EN ALLEMAGNE...,France |,Produits de couverture dédiés à la rénovation et à la réparation,740,2022.0,Immobilier & construction,WIENERBERGER,TERREAL,600 M€,M&A (Int'l),nan,,,,,,,,,,,,,
01 mars 2024,BENE BONO (EX HORS NORMES),France |,Vente par abonnement de paniers de produits alimentaires / non alimentaires composés des invendus de producteurs et fabricants,nan,nan,nan,AXA VENTURE PARTNERS (AVP),nan,n.d.,2e tour,nan,,,,,,,,,,,,,
01 mars 2024,THE BRANDTECH GROUP (EX YOU & MR ...,États-Unis |,Agence webmarketing,930,2024.0,Média,FIMALAC,nan,>1000 M€,3e tour,nan,,,,,,,,,,,,,
01 mars 2024,UNIVET,France |,Réseau de structures de soins vétérinaires,nan,nan,Santé,INFRAVIA CAPITAL PARTNERS,n.d.,n.d.,LBO Bis,nan,,,,,,,,,,,,,
01 mars 2024,FIDENSIO,France |,Conciergerie d'entreprise,n.d.,nan,Services & Conseil aux entreprises,TDS ENTREPRISE (EX EASY...,n.d.,n.d.,M&A Corporate,nan,,,,,,,,,,,,,
01 mars 2024,ENVIRIA,Allemagne |,Fournisseur d'énergies renouvelables BtoB.,nan,nan,nan,BLACKROCK,ALTER EQUITY,n.d.,Augmentation de capital,nan,,,,,,,,,,,,,
01 mars 2024,PLANET (EX FINTRAX),France |,Fintech : Remboursement TVA et conversion automatique de devise,nan,nan,nan,ADVENT INTERNATIONAL,n.d.,n.d.,LBO IV,nan,,,,,,,,,,,,,
29 févr. 2024,MICHEL ET AUGUSTIN,France |,Biscuits sucrés et apéritifs,nan,nan,nan,FERRERO,DANONE MANIFESTO VENTURES,n.d.,M&A (Int'l),n.d.,,,,,,,,,,,,,
29 févr. 2024,2SF - SOCIETE DES SERVICES FIDUCI...,France |,Mutualisation des machines connectées ou non connectées permettant de fournir un ou plusieurs services de dépôt / retrait sur les billets,nan,nan,nan,GROUPE BNP PARIBAS,n.d.,n.d.,M&A (Joint Venture),n.d.,,,,,,,,,,,,,
29 févr. 2024,LOAD STATIONS,France |,Prestataire spécialisé en bornes de recharge pour véhicules électriques,nan,nan,Electronique & Informatique,CREDIT AGRICOLE CIB,nan,n.d.,Amorçage (seed),nan,,,,,,,,,,,,,
29 févr. 2024,APS COATING SOLUTIONS,France |,Traitement et Revêtement de surface des métaux,18,2023.0,Produits & Services industriels,MECAPOLE SPECIALITES,ACTIONNAIRES HISTORIQUES,0-20 M€,OBO,n.d.,,,,,,,,,,,,,
29 févr. 2024,VEESUAL,France |,Éditeur d'une solution,nan,nan,Internet & ecommerce,AXA VENTURE PARTNERS (AVP),nan,0-20 M€,Amorçage (seed),nan,,,,,,,,,,,,,
29 févr. 2024,EMALEXANCE,France |,Groupe d’instituts de beauté (marque Carlance) et de produits de beauté (marque Myspa),12,2023.0,Santé,BNP PARIBAS DEVELOPPEMENT,FONDATEUR(S),20-50 M€,LBO Primaire,0-20,,,,,,,,,,,,,
29 févr. 2024,REACTIVE EXECUTIVE,France |,Cabinet de management de transition spécialisé dans les missions de transformation,10,2023.0,Services & Conseil aux entreprises,ELIGE CAPITAL,FONDATEUR(S),0-20 M€,MBO,0-20,,,,,,,,,,,,,
29 févr. 2024,BEX CAPITAL,France |,Société de gestion spécialiste du secondaire de fonds de fonds,nan,nan,nan,nan,ACTIONNAIRES FAMILIAUX,n.d.,MBO,n.d.,,,,,,,,,,,,,
29 févr. 2024,KOHORTPAY,France |,Service paiement qui intègre les mécaniques de parrainage au moment de l’achat en ligne.,nan,nan,nan,REDSTONE VC,nan,0-20 M€,Amorçage (seed),0-5,,,,,,,,,,,,,
29 févr. 2024,PETITES CAVES,France |,Plateforme e-commerce spécialisée dans la vente de vins bio,1,2023.0,Internet & ecommerce,LES GRAPPES,FONDATEUR(S),0-5 M€,Retournement,0-5,,,,,,,,,,,,,
29 févr. 2024,ESTALY,France |,Insurtech : courtier en assurance et éditeur d’une application pour favoriser la gestion des souscriptions,nan,nan,nan,ONERAGTIME,nan,5-10 M€,Amorçage (seed),nan,,,,,,,,,,,,,
29 févr. 2024,SAPHIR (EX SOFYNE ACTIVE TECHNOLOGY),France |,Intégrateur de logiciels de gestion des données industrielles,21,2023.0,Logiciel et services informatiques,WATERLAND PRIVATE EQUITY,MANAGER(S),20-50 M€,LBO Primaire,n.d.,,,,,,,,,,,,,
29 févr. 2024,CREDIT AGRICOLE MOBILITY CARE SER...,France |,Co-entreprise spécialisée dans les contrats de garantie et de maintenance automobile.,nan,nan,nan,CRÉDIT AGRICOLE CONSUME...,n.d.,n.d.,M&A (Joint Venture),n.d.,,,,,,,,,,,,,
29 févr. 2024,METRASUR,France |,Traitement de surface par projection thermique et électrolyse,6,2023.0,Produits & Services industriels,MECAPOLE SPECIALITES,MANAGER(S),n.d.,Build-up,n.d.,,,,,,,,,,,,,
29 févr. 2024,ITC ELASTOMERES,France |,Concepteur de pièces techniques en caoutchouc et élastomère,5,2023.0,Produits & Services industriels,MECAPOLE SPECIALITES,ACTIONNAIRES HISTORIQUES,0-20 M€,OBO,n.d.,,,,,,,,,,,,,
29 févr. 2024,STILLA TECHNOLOGIES,France |,Solutions d'analyse génétique utilisant l'intelligence artificielle,nan,nan,nan,TUS-HOLDINGS,nan,n.d.,3e tour,nan,,,,,,,,,,,,,
29 févr. 2024,CERISE HOTELS & RESIDENCES (GROUP...,France |,Exploitation de résidences apart-hôtels,nan,nan,Tourisme,GROUPE LAGRANGE,MANAGER(S),0-20 M€,Majoritaire,0-20,,,,,,,,,,,,,
29 févr. 2024,SADE CGTH (COMPAGNIE GENERALE DE ...,France |,Travaux réseaux hydrauliques,1 100,2022.0,nan,GROUPE NGE (NOUVELLES G...,VEOLIA,n.d.,Build-up,nan,,,,,,,,,,,,,
29 févr. 2024,S.F.G.P.,France |,Distribution de matériels électriques et domotiques,90,2023.0,Electronique & Informatique,D2A,SONEPAR,n.d.,M&A (Int'l),n.d.,,,,,,,,,,,,,
29 févr. 2024,POWERDOT,Portugal |,Bornes de recharge pour véhicule électrique,nan,nan,nan,ANTIN INFRASTRUCTURE PA...,nan,n.d.,2e tour,nan,,,,,,,,,,,,,
29 févr. 2024,CARLILI,France |,Service de location de voitures,nan,nan,Internet & ecommerce,RENT A CAR (RENTACAR),FONDATEUR(S),n.d.,Retournement,n.d.,,,,,,,,,,,,,
29 févr. 2024,GREEN PRAXIS,France |,Accompagnement des opérateurs et propriétaires d’infrastructures dans la gestion multidimensionnelle des actif naturels grâce notamment à l’IA.,0.45,2023.0,Environnement & CleanTechs,OPEN CNP,nan,0-20 M€,1er tour,nan,,,,,,,,,,,,,
29 févr. 2024,CALLIOPE BUSINESS SOLUTIONS,France |,Éditeur de logiciels ERP et CRM,25,2023.0,Logiciel et services informatiques,TVH CONSULTING,NAXICAP PARTNERS,20-50 M€,Build-up,n.d.,,,,,,,,,,,,,
29 févr. 2024,TABLEBOOKER,Belgique |,Plateforme de réservation en ligne de restaurants,nan,nan,Logiciel et services informatiques,ZENCHEF (EX 1001 MENUS),RESTO GROUP,0-20 M€,Build-up international,n.d.,,,,,,,,,,,,,
29 févr. 2024,TITAN AERO GROUP (EX-TITAN AVIATION),France |,Équipements d’avitaillement civils et militaires.,20,2023.0,Automobile,KLUBB GROUP,ACTIONNAIRES FAMILIAUX,n.d.,Retournement,nan,,,,,,,,,,,,,
29 févr. 2024,MIXOLOGIQ,France |,Conception et fabrication de machines à cocktails,0.90,2023.0,Produits & Services industriels,ASYTEC,ACTIONNAIRES,0-5 M€,M&A Corporate,0-5,,,,,,,,,,,,,
29 févr. 2024,QOVETIA,France |,Réseau de vétérinaires pour animaux de compagnie et chevaux,nan,nan,Santé,nan,n.d.,n.d.,Financement,n.d.,,,,,,,,,,,,,
29 févr. 2024,POULPEO - RETAILMENOT FRANCE (EX-...,France |,Éditeur d'applications de cashback et codes de réduction Poulpeo et Ma Reduc pour les enseignes et sites e-commerce,10,2023.0,Internet & ecommerce,PLEBICOM (EBUYCLUB),RETAILMENOT (EX WHALESH...,0-20 M€,M&A (Int'l),0-20,,,,,,,,,,,,,
29 févr. 2024,ELUX GROUPE,France |,Tour opérateur spécialisé dans les voyages de luxe,17,2023.0,Tourisme,ELEVATION CAPITAL PARTNERS,nan,0-20 M€,Augmentation de capital,nan,,,,,,,,,,,,,
29 févr. 2024,BOLLORE LOGISTICS,France |,Commissionnaire de transport et de logistique,7 100,2022.0,nan,CMA CGM,GROUPE BOLLORÉ,5 000 M€,M&A Corporate,>1000,,,,,,,,,,,,,
29 févr. 2024,MÉMOIRES ET MAISONNÉES DE BOURGOGNE,France |,Prise en charge des personnes âgées dans le cadre d’un Ehpad ou d’une Résidence Services Senior,nan,nan,Santé,GROUPE L'AGE D'OR,MANAGER(S),n.d.,M&A Corporate,n.d.,,,,,,,,,,,,,
29 févr. 2024,WEENAT,France |,Solutions de météo connectée en temps réel,nan,nan,Electronique & Informatique,EUROPEAN CIRCULAR BIOEC...,nan,20-50 M€,3e tour,nan,,,,,,,,,,,,,
29 févr. 2024,ATOS RADIOCOM,France |,Fourniture,nan,nan,Média,DESMAREZ,FONDATEUR(S),0-20 M€,Build-up,0-20,,,,,,,,,,,,,
28 févr. 2024,OM SUSCRIPCION DE RIESGOS,Espagne |,Assurance-caution,nan,nan,nan,+SIMPLE (+SIMPLE.FR),MORERA Y VALLEJO,n.d.,Build-up international,n.d.,,,,,,,,,,,,,
28 févr. 2024,OCELLIS,France |,Architecte d'intérieur pour espaces tertiaires : projets en conception,85,2023.0,Immobilier & construction,INITIATIVE & FINANCE,FONDATEUR(S),100 M€,MBO Bis,n.d.,,,,,,,,,,,,,
28 févr. 2024,VIDRALA ITALIE,Italie |,Fabrication d'emballages en verre,131,2023.0,Produits & Services industriels,VERALLIA,VIDRALA,230 M€,M&A (Int'l),nan,,,,,,,,,,,,,
28 févr. 2024,GAINERIE 91,France |,Fabrication d'écrins et de présentoirs pour les produits de luxe,26,2021.0,Textile,CAPZA,MANAGER(S),50-150 M€,OBO,n.d.,,,,,,,,,,,,,
28 févr. 2024,SWAIVE,France |,Plateforme de placements financiers,nan,nan,nan,AGLAE VENTURES,nan,0-20 M€,Amorçage (seed),nan,,,,,,,,,,,,,
28 févr. 2024,POMPES FUNÈBRES ALAIN HOFFARTH,France |,Pompes funèbres (services funéraires,10,2023.0,Services & Biens de consommation,EURO CAPITAL,nan,0-20 M€,Augmentation de capital,0-5,,,,,,,,,,,,,
28 févr. 2024,NEXIODE,France |,Solution d'éclairage urbain connecté,2,2023.0,Logiciel et services informatiques,AGORA MAKERS (EX-AGORA ...,FONDATEUR(S),0-20 M€,Build-up,n.d.,,,,,,,,,,,,,
28 févr. 2024,VIALINK,France |,Éditeur de logiciels de vérification des identités,12,2023.0,Logiciel et services informatiques,SIGNATURIT (EX SIGNATUR...,MANAGER(S),50-150 M€,Build-up international,n.d.,,,,,,,,,,,,,
28 févr. 2024,FIRECELL,France |,Solution de télécommunications 5G privé pour les entreprises,2,2023.0,Média,VENTECH,nan,0-20 M€,Amorçage (seed),nan,,,,,,,,,,,,,
28 févr. 2024,STACKINSAT,France |,Solution d'épargne en bitcoin,nan,nan,nan,nan,nan,0-20 M€,1er tour,nan,,,,,,,,,,,,,
28 févr. 2024,ULYSSE MAREE,France |,Mareyage et transformation de poissons et de crustacés,nan,nan,nan,MYTILIMER,GROUPE ALLIANCE,0-20 M€,M&A Corporate,0-20,,,,,,,,,,,,,
28 févr. 2024,STEF LOGISTIQUE SANTE,France |,Transport et logistique du froid pour les produits agroalimentaires et thermosensibles,nan,nan,nan,BOLLORE LOGISTICS,n.d.,n.d.,M&A Corporate,n.d.,,,,,,,,,,,,,
28 févr. 2024,NEW LAYGUE (EX LAYGUE ET FILS),France |,Mécanique de précision,4,2023.0,Automobile,nan,MANAGER(S),0-5 M€,Retournement,0-5,,,,,,,,,,,,,
28 févr. 2024,LMD,France |,Spécialiste dans la maintenance des équipements de levage,1,2023.0,Produits & Services industriels,CIC ORIO VEFOUR,n.d.,n.d.,M&A Corporate,nan,,,,,,,,,,,,,
28 févr. 2024,MARBRERIE VALSESIA (ETS ROGER VAL...,France |,Fabrication de caveaux funéraires,4,2023.0,Services & Biens de consommation,POMPES FUNÈBRES ALAIN H...,MANAGER(S),0-5 M€,Build-up,n.d.,,,,,,,,,,,,,
28 févr. 2024,PROVECTIO,France |,Informatique prédictive,7.20,2023.0,Logiciel et services informatiques,GENERIS CAPITAL PARTNERS,FONDATEUR(S),7 M€,Augmentation de capital,nan,,,,,,,,,,,,,
28 févr. 2024,OXYTEMPS 10,France |,Découpe et transformation d'acier inox et alu,nan,nan,Produits & Services industriels,TAP FRANCE,n.d.,n.d.,Retournement,n.d.,,,,,,,,,,,,,
28 févr. 2024,ACB DIFFUSION,France |,Distribution de chaussures,nan,nan,nan,nan,MANAGER(S),n.d.,M&A Corporate,n.d.,,,,,,,,,,,,,
28 févr. 2024,PRECISION COMPONENTS INDUSTRIES,France |,Fabrication des pièces de très haute précision,18,2023.0,Produits & Services industriels,ARCOLE (EX HD INDUSTRIE),MANAGER(S),n.d.,M&A Corporate,n.d.,,,,,,,,,,,,,
27 févr. 2024,MACOMPTA.FR,France |,Édition de logiciels de gestion comptable,nan,nan,Logiciel et services informatiques,EURONEXT ACCESS (EX MAR...,n.d.,10-15 M€,IPO,0-5,,,,,,,,,,,,,
27 févr. 2024,STELIAU TECHNOLOGY,France |,Distributeur et intégrateur de composants et solutions électroniques,195,2023.0,Electronique & Informatique,ASTORG,B&CAPITAL,250-500 M€,LBO IV,n.d.,,,,,,,,,,,,,
27 févr. 2024,BOONDMANAGER,France |,Éditeur d'un ERP à destination des ESN et sociétés de conseil,10,2023.0,Logiciel et services informatiques,EXPEDITION GROWTH CAPITAL,nan,50-150 M€,Augmentation de capital,nan,,,,,,,,,,,,,
27 févr. 2024,FLOCK ONE,France |,Flocage pour le packaging haut de gamme,5,2023.0,Produits & Services industriels,EXACOMPTA CLAIREFONTAINE,n.d.,n.d.,M&A Corporate,n.d.,,,,,,,,,,,,,
27 févr. 2024,CATALOG,France |,Solution Saas de gestion des commandes B2B.,nan,nan,Logiciel et services informatiques,LOCAL GLOBE,nan,0-20 M€,Amorçage (seed),nan,,,,,,,,,,,,,
24 janv. 2025,GRUPPO ECOSISTEM,Italie |,Gestion des déchets en Italie,nan,nan,Environnement & CleanTechs,SUEZ,FONDATEUR(S),n.d.,Majoritaire,n.d.,,,,,,,,,,,,,
23 janv. 2025,PHARMAVANCE,France |,Groupement accompagnant les pharmaciens dans l'ouverture / le développement de leur pharmacie (bouquet de services autour de la finance,53,2024.0,Services & Conseil aux entreprises,ALLIANCE HEALTHCARE FRANCE,FONDATEUR(S),50-150 M€,Majoritaire,n.d.,,,,,,,,,,,,,
22 janv. 2025,LATHUILLE FRERES,France |,Entreprise spécialisée dans les travaux publics,18.30,2023.0,Immobilier & construction,MITHIEUX TP,MANAGER(S),5-10 M€,M&A Corporate,5-10,,,,,,,,,,,,,
22 janv. 2025,NEXTROAD,France |,Ingénierie des infrastructures et vente de matériel de mesures et d’études,25,2024.0,Immobilier & construction,INNOVAFONDS,NEOPAR,20-50 M€,MBO Bis,n.d.,,,,,,,,,,,,,
22 janv. 2025,LA BRIGADE DE BUYER,France |,Conception et fabrication d’ustensiles premium pour la cuisine,66,2024.0,Produits & Services industriels,GROUPE SEB,EDIFY,50-150 M€,M&A Corporate,50-150,,,,,,,,,,,,,
22 janv. 2025,ACANDIS,Allemagne |,Développement et fabrication de dispositifs médicaux utilisés en neurochirurgie pour la prévention et le traitement des accidents vasculaires cérébraux,58,2024.0,Santé,LAUXERA CAPITAL PARTNERS,nan,250-500 M€,Augmentation de capital,n.d.,,,,,,,,,,,,,
27 févr. 2024,STELIAU TECHNOLOGY,France |,Distributeur et intégrateur de composants et solutions électroniques,195,2023.0,Electronique & Informatique,ASTORG,B&CAPITAL,250-500 M€,LBO IV,n.d.,,,,,,,,,,,,,
27 févr. 2024,PHOTOROOM,France |,Application de retouche photo basée sur l'intelligence artificielle,nan,nan,Logiciel et services informatiques,BALDERTON CAPITAL,nan,461.50 M€,2e tour,nan,,,,,,,,,,,,,
27 févr. 2024,PLUXEE,France |,Avantages sociaux et engagements des employés (titres-cadeaux et restaurant),1 000,2023.0,Services & Conseil aux entreprises,BNP PARIBAS (FINANCEMENT),n.d.,>1000 M€,Emission obligataire,nan,,,,,,,,,,,,,
27 févr. 2024,BOONDMANAGER,France |,Éditeur d'un ERP à destination des ESN et sociétés de conseil,10,2023.0,Logiciel et services informatiques,EXPEDITION GROWTH CAPITAL,nan,50-150 M€,Augmentation de capital,nan,,,,,,,,,,,,,
27 févr. 2024,GROUPE SEB,France |,Fabrication et distribution d’articles culinaires et de petit électroménager,8 000,2023.0,Services & Biens de consommation,nan,PEUGEOT INVEST (EX FFP),>1000 M€,Cession de titres,nan,,,,,,,,,,,,,
27 févr. 2024,KBRW,France |,Editeur de solutions logicielles pour la gestion de la supply chain de grandes entreprises,nan,nan,Logiciel et services informatiques,SAGARD,FONDATEUR(S),50-150 M€,Augmentation de capital,n.d.,,,,,,,,,,,,,
27 févr. 2024,CATALOG,France |,Solution Saas de gestion des commandes B2B.,nan,nan,Logiciel et services informatiques,LOCAL GLOBE,nan,0-20 M€,Amorçage (seed),nan,,,,,,,,,,,,,
27 févr. 2024,FLOCK ONE,France |,Flocage pour le packaging haut de gamme,5,2023.0,Produits & Services industriels,EXACOMPTA CLAIREFONTAINE,n.d.,n.d.,M&A Corporate,n.d.,,,,,,,,,,,,,
27 févr. 2024,GREENOFFICE,France |,Solutions de tri à destination des professionnels (grands comptes,15,2023.0,Environnement & CleanTechs,NEXTSTAGE AM,AMUNDI PRIVATE EQUITY F...,30 M€,Augmentation de capital,nan,,,,,,,,,,,,,
27 févr. 2024,KOTZILLA,France |,Développement d'une technologie open-source pour développer des applications multi-plateformes,nan,nan,Logiciel et services informatiques,EVOLEM,nan,5-10 M€,Amorçage (seed),nan,,,,,,,,,,,,,
26 févr. 2024,ALTI-LOC ECHAFAUDAGES,France |,Location et montage d'échafaudage,7,2023.0,Immobilier & construction,BREIZH INVEST PME,n.d.,0-5 M€,MBI,0-5,,,,,,,,,,,,,
26 févr. 2024,MAINSTAY MEDICAL,États-Unis |,Développement d’un dispositif médical pour traiter les lombalgies,nan,nan,Produits Pharmaceutiques & matériel médical,GILDE HEALTHCARE,nan,n.d.,2e tour,nan,,,,,,,,,,,,,
26 févr. 2024,AGEDISS (GIRARD AGEDISS),France |,Livraison à deux de mobilier et de produits volumineux,99,2022.0,nan,GROUPE JACKY PERRENOT,OTTO GROUP (EX OTTO VER...,n.d.,Build-up,n.d.,,,,,,,,,,,,,
26 févr. 2024,LIFE 01,France |,Conception de purificateurs d'air connectés,0.50,2023.0,Environnement & CleanTechs,nan,nan,0-20 M€,Amorçage (seed),nan,,,,,,,,,,,,,
26 févr. 2024,BNETWORK,France |,Prestataire de réservation et gestion hôtelière pour l'organisation d'événements,nan,nan,Tourisme,CAPZA,MANAGER(S),50-150 M€,OBO bis,n.d.,,,,,,,,,,,,,
26 févr. 2024,PHENOMENE,France |,Agence de communication événementielle et de production vidéo.,nan,nan,Média,WMH PROJECT (EX FC2),FONDATEUR(S),n.d.,M&A Corporate,n.d.,,,,,,,,,,,,,
26 févr. 2024,CSR,Australie |,Matériaux de construction,1 200,2023.0,Immobilier & construction,SAINT-GOBAIN,ACTIONNAIRES,2 700 M€,OPA,nan,,,,,,,,,,,,,
26 févr. 2024,BUSINESS BY AIR (BBA),France |,Commissionnaire de transport de marchandises,58,2023.0,nan,KERRY LOGISTICS NETWORK...,MANAGER(S),20-50 M€,M&A (Int'l),n.d.,,,,,,,,,,,,,
23 févr. 2024,SEMTRIX,Allemagne |,Agence de marketing digital spécialisée en référencement payant (SEA) et naturel (SEO),nan,nan,Média,ESKIMOZ,FONDATEUR(S),0-20 M€,Build-up international,n.d.,,,,,,,,,,,,,
23 févr. 2024,F&W FORESTRY,États-Unis |,Gestion d'actifs forestiers,28,2022.0,Environnement & CleanTechs,EVERWOOD,MANAGER(S),20-50 M€,Build-up international,nan,,,,,,,,,,,,,
23 févr. 2024,ACTIVITÉS DE PRODUITS LAITIERS BI...,États-Unis |,Activités de produits laitiers biologiques aux États-Unis de Danone (marques Horizon Organic et Wallaby).,nan,nan,nan,PLATINUM EQUITY,DANONE,n.d.,Augmentation de capital,n.d.,,,,,,,,,,,,,
23 févr. 2024,INLAND FOREST MANAGEMENT,États-Unis |,Gestion d'actifs forestiers,1.80,2023.0,Environnement & CleanTechs,F&W FORESTRY,n.d.,0-20 M€,Build-up international,0-20,,,,,,,,,,,,,
23 févr. 2024,JVD,France |,Produits d'hygiène pour hôtellerie et entreprises,34,2023.0,Produits & Services industriels,SODERO (EX SODERO GESTION),ORFITE,20-50 M€,MBO,10-15,,,,,,,,,,,,,
22 févr. 2024,FLATLOOKER (VOIR MANDA),France |,Néo-syndic et agence de gestion locative en ligne,nan,nan,Immobilier & construction,MANDA (HELLO SYNDIC ET ...,MANAGER(S),50-150 M€,Fusion,n.d.,,,,,,,,,,,,,
22 févr. 2024,ACTIVITÉ DE SERVICES AUX ENTREPRI...,France |,Activité de services aux entreprises d’Unity spécialisée en jumeaux numériques (Digital Twin Professional Services),nan,nan,Logiciel et services informatiques,CAPGEMINI,UNITY TECHNOLOGIES,n.d.,M&A (Int'l),n.d.,,,,,,,,,,,,,
22 févr. 2024,GREENCITYZEN,France |,Solutions logicielles et Iot pour la gestion durable de la ressource en eau,2,2023.0,Logiciel et services informatiques,SIMPLICITI,FONDATEUR(S),0-5 M€,Build-up,n.d.,,,,,,,,,,,,,
22 févr. 2024,LA NETTATUTTO,Italie |,Transport et gestion de déchets,nan,nan,nan,MAUFFREY,ACTIONNAIRES FAMILIAUX,0-20 M€,Build-up international,n.d.,,,,,,,,,,,,,
22 févr. 2024,FLEXIS SAS (JV RENAULT/VOLVO/CGM),France |,Développement de fourgons électriques pour acteurs de la livraison urbaine et périurbaine et du dernier kilomètre.,nan,nan,Automobile,GROUPE RENAULT,n.d.,n.d.,M&A (Joint Venture),n.d.,,,,,,,,,,,,,
22 févr. 2024,ANTIDOT (FLUID TOPICS),France |,"Solutions moteurs de recherche (plateforme de Content Delivery ""Fluid Topics"")",6.90,2023.0,Logiciel et services informatiques,KENNET PARTNERS,VENTECH,75 M€,3e tour,nan,,,,,,,,,,,,,
21 févr. 2024,IMPLANET,France |,Implants chirurgicaux,7.40,2024.0,Produits Pharmaceutiques & matériel médical,SANYOU,nan,n.d.,Augmentation de capital,nan,,,,,,,,,,,,,
21 févr. 2024,ACTIVITÉS HYDRAULIQUES EUROPÉENNE...,Italie |,Activité hydraulique européenne de Dana : fabrication de composants hydrauliques,110,2023.0,Produits & Services industriels,HPI INDUSTRIAL,DANA CORPORATION,38.50 M€,Build-up international,20-50,,,,,,,,,,,,,
21 févr. 2024,CITYSCOOT,France |,Service de location de scooters électriques en libre-accès,15.50,2022.0,nan,COOLTRA,RATP CAPITAL INNOVATION,0-20 M€,Retournement,nan,,,,,,,,,,,,,
21 févr. 2024,TOKYWOKY,France |,Édition d'un logiciel de gestion des communautés clients,nan,nan,Logiciel et services informatiques,SKEEPERS (EX AVIS VERIF...,50 PARTNERS CAPITAL,0-20 M€,Build-up,0-20,,,,,,,,,,,,,
21 févr. 2024,SOLERIEL,France |,Conception et de l'installation de panneaux solaires photovoltaïques,nan,nan,nan,SIENNA PRIVATE CREDIT (...,n.d.,n.d.,Financement,nan,,,,,,,,,,,,,
21 févr. 2024,RDFI CONSEIL,France |,Conseil en gestion de patrimoine,1,2023.0,nan,CRYSTAL,FONDATEUR(S),0-5 M€,Build-up,0-5,,,,,,,,,,,,,
21 févr. 2024,LIMA,France |,Fabricant d'équipements de séparation mécanique de viande,13,2023.0,Produits & Services industriels,FORTIFI FOOD PROCESSING...,MANAGER(S),20-50 M€,Build-up international,20-50,,,,,,,,,,,,,
21 févr. 2024,S&H ATLANTIQUE,France |,Commercialisation de solutions photovoltaïques dans le milieu agricole,nan,nan,nan,APEX ENERGIES,MANAGER(S),n.d.,M&A Corporate,n.d.,,,,,,,,,,,,,
21 févr. 2024,AXDIS PRO,France |,Distributeur de solutions d’efficacité énergétique des bâtiments (panneaux photovoltaïques,350,2023.0,nan,EMZ PARTNERS (EX EUROME...,ACTIONNAIRES FAMILIAUX,250-500 M€,Sponsorless,150-250,,,,,,,,,,,,,
21 févr. 2024,LTM,France |,Spécialisé dans la métallerie,12.30,2023.0,Produits & Services industriels,TURGIS ET GAILLARD GROU...,MANAGER(S),n.d.,M&A Corporate,n.d.,,,,,,,,,,,,,
20 févr. 2024,ASACHA MEDIA GROUP,France |,Création et production de contenus audiovisuels,250,2023.0,Média,FREMANTLE (FREMANTLEMEDIA),OAKTREE CAPITAL,250-500 M€,M&A (Int'l),250-500,,,,,,,,,,,,,
20 févr. 2024,MOUSLINE,France |,Fabrication de purée de pommes de terre déshydratées,81.60,2023.0,nan,MIIMOSA,n.d.,n.d.,Financement,nan,,,,,,,,,,,,,
20 févr. 2024,MAMINFO,Brésil |,Fournisseur de services TPM pour les équipements de réseaux informatiques,14,2023.0,Electronique & Informatique,EVERNEX,MANAGER(S),0-20 M€,Build-up international,0-20,,,,,,,,,,,,,
19 févr. 2024,EASYTRIP TRANSPORT SERVICES,Pays-Bas |,Solutions de mobilité pour les transporteurs internationaux,nan,nan,nan,360 PAYMENT SOLUTIONS SPA,EGIS,n.d.,M&A (Int'l),n.d.,,,,,,,,,,,,,
19 févr. 2024,FPPO,France |,Fabricant de menuiseries en PVC et aluminium,8.30,2023.0,Immobilier & construction,MENUISERIES HELLEUX,MANAGER(S),0-20 M€,M&A Corporate,0-20,,,,,,,,,,,,,
19 févr. 2024,SCEMED,France |,Fabrication,15,2023.0,Produits Pharmaceutiques & matériel médical,WINNCARE GROUP,ACTIONNAIRES FAMILIAUX,0-20 M€,Build-up,n.d.,,,,,,,,,,,,,
19 févr. 2024,GO ! FORMATIONS,France |,Organisme de formation à la prévention des risques professionnels (notamment dans les domaines de la logistique,15,2023.0,Services & Conseil aux entreprises,ACTIVA CAPITAL,MANAGER(S),20-50 M€,LBO Primaire,20-50,,,,,,,,,,,,,
19 févr. 2024,DRIVERIGHT DATA,Royaume-Uni |,Édition d'un logiciel de collecte des données concernant les pneus et les jantes,nan,nan,Logiciel et services informatiques,INFOPRO DIGITAL,FONDATEUR(S),n.d.,Build-up international,n.d.,,,,,,,,,,,,,
19 févr. 2024,ETABLISSEMENTS DI PIAZZA,France |,Génie Climatique,8.10,2022.0,nan,nan,FONDATEUR(S),n.d.,M&A Corporate,n.d.,,,,,,,,,,,,,
19 févr. 2024,UPOWA,Cameroun |,Solutions d’alimentation autonome en électricité solaire,nan,nan,nan,EDF,n.d.,n.d.,M&A (Int'l),n.d.,,,,,,,,,,,,,
16 févr. 2024,ACTIVITE BATIMENT INTELLIGENT DE ...,France |,Solutions IoT et digitales de smart building,nan,nan,Environnement & CleanTechs,ARKEON ENERGY SYSTEMS,DEMAND SIDE INSTRUMENTS,0-20 M€,Retournement,n.d.,,,,,,,,,,,,,
16 févr. 2024,EFALIA,France |,Éditeur de solutions de dématérialisation dont logiciels de Gestion Électronique de Documents (GED),nan,nan,Logiciel et services informatiques,NEXTSTAGE AM,ACTIONNAIRES HISTORIQUES,20-50 M€,MBO,n.d.,,,,,,,,,,,,,
16 févr. 2024,WISE-INTEGRATION,France |,Deeptech conceptrice d'un logiciel et de composants électroniques en nitrure de gallium,nan,nan,Electronique & Informatique,IMEC.XPAND (IMEC XPAND),nan,20-50 M€,2e tour,nan,,,,,,,,,,,,,
15 févr. 2024,UROSPHERE,France |,Développement de modèles précliniques pour l'oncologie urologique,nan,nan,nan,JANVIER LABS,FONDATEUR(S),n.d.,Build-up,5-10,,,,,,,,,,,,,
15 févr. 2024,AIRSEAS,France |,Solutions de propulsion vélique appliquant l’ingénierie aéronautique à l’industrie navale afin de décarboner le transport maritime,nan,nan,nan,K-LINE,MANAGER(S),n.d.,Retournement,n.d.,,,,,,,,,,,,,
15 févr. 2024,RH SOLUTIONS,France |,Réseau de portage salarial,nan,nan,Services & Conseil aux entreprises,DIDAXIS,MANAGER(S),0-20 M€,M&A Corporate,0-20,,,,,,,,,,,,,
15 févr. 2024,TERRACO BAG (RAKSO),France |,Conception et production des objets textiles promotionnels pour les entreprises,10,2023.0,Textile,CONNECT PRO,FONDATEUR(S),5-10 M€,BIMBO,n.d.,,,,,,,,,,,,,
15 févr. 2024,PHARMAFLIX,France |,Régie publicitaire de communication digitale en pharmacie,16,2023.0,Média,REWORLD MEDIA,n.d.,20-50 M€,Minoritaire,10-15,,,,,,,,,,,,,
15 févr. 2024,PLEDG,France |,Solution d'e-paiement collectif,nan,nan,Internet & ecommerce,CRÉDIT AGRICOLE CONSUME...,NESTADIO CAPITAL (LIQUIDÉ),0-20 M€,M&A Corporate,0-20,,,,,,,,,,,,,
15 févr. 2024,VISIODENT (VEASY),France |,Éditeur d'une solution Saas de gestion pour les cabinets et centres dentaires ainsi que les centres de santé,10,2023.0,Logiciel et services informatiques,CEGEDIM SANTÉ,FONDATEUR(S),20-50 M€,M&A Corporate,20-50,,,,,,,,,,,,,
15 févr. 2024,CREATYS,France |,Prestations de services incluant l’infogérance,0.60,2023.0,Logiciel et services informatiques,KOESIO (EX C'PRO),FONDATEUR(S),0-5 M€,Build-up,n.d.,,,,,,,,,,,,,
15 févr. 2024,GROWTH CREDIT PARTNERS (GCP),Royaume-Uni |,Fonds de dette,nan,nan,nan,JUNEX CAPITAL PARTNERS ...,nan,n.d.,Augmentation de capital,n.d.,,,,,,,,,,,,,
15 févr. 2024,NESTOR (PAPRWORK),France |,Service de collecte de documents et de data,0.50,2023.0,Logiciel et services informatiques,FINOVAM GESTION,nan,0-20 M€,1er tour,nan,,,,,,,,,,,,,
15 févr. 2024,GLADIA,France |,API d'intelligence audio pour les entreprises,nan,nan,Logiciel et services informatiques,XANGE,nan,50-150 M€,1er tour,nan,,,,,,,,,,,,,
15 févr. 2024,STORIO ENERGY,France |,Installateur et opérateur de batteries pour le compte de producteurs d’énergie solaire et d’entreprises équipées en panneaux photovoltaïques ou pouvant bénéficier d'infrastructures de stockage d'électricité,nan,nan,nan,LOWERCARBON CAPITAL,nan,0-20 M€,Amorçage (seed),nan,,,,,,,,,,,,,
15 févr. 2024,STEERLIGHT,France |,Développement de LIDAR (capteurs optiques utilisés par une voiture pour repérer les obstacles et les autres usagers de la route) à bas coût.,nan,nan,Electronique & Informatique,STEERLIGHT,nan,0-20 M€,Amorçage (seed),nan,,,,,,,,,,,,,
15 févr. 2024,SNOWLEADER,France |,Plateforme de vente en ligne de produits pour le sport de plein air,87,2023.0,Internet & ecommerce,123 IM,nan,50-150 M€,Augmentation de capital,5-10,,,,,,,,,,,,,
15 févr. 2024,ASTERION,France |,Fonds à impact,nan,nan,nan,JUNEX CAPITAL PARTNERS ...,nan,n.d.,Augmentation de capital,n.d.,,,,,,,,,,,,,
15 févr. 2024,GAMESTREAM,France |,Fournisseur de jeux vidéo en streaming aux opérateurs télécoms,nan,nan,Logiciel et services informatiques,AUDACIA,nan,8.50 M€,3e tour,nan,,,,,,,,,,,,,
15 févr. 2024,L'ETINCELLE,France |,Formation de techniciens dans le secteur des énergies renouvelables.,nan,nan,Services & Biens de consommation,JUNEX CAPITAL PARTNERS ...,nan,0-20 M€,Amorçage (seed),0-20,,,,,,,,,,,,,
15 févr. 2024,ATOME,France |,ESN spécialisée dans la maîtrise d’œuvre et d'ouvrage,10,2023.0,Logiciel et services informatiques,GROUPE ARTEMYS (EX LE P...,FONDATEUR(S),0-20 M€,Build-up,n.d.,,,,,,,,,,,,,
15 févr. 2024,QUANTIQ (QUANTIQ.IO),France |,Technologie basée sur l'intelligence artificielle de mesure des signes vitaux (rythme cardiaque,nan,nan,Logiciel et services informatiques,THE MOON VENTURE,nan,5-10 M€,Amorçage (seed),nan,,,,,,,,,,,,,
15 févr. 2024,3R INDUSTRIES,France |,Conception,20,2023.0,Produits & Services industriels,ISATIS CAPITAL,ACTIONNAIRES FAMILIAUX,0-20 M€,LBO Primaire,n.d.,,,,,,,,,,,,,
15 févr. 2024,WE DO GOOD,France |,Plateforme d'investissement permettant de participer à l'adoption,nan,nan,nan,ERABLE° + WE DO GOOD (E...,FONDATEUR(S),0-20 M€,M&A Corporate,0-20,,,,,,,,,,,,,
15 févr. 2024,GOSTUDENT,Autriche |,Plateforme de soutien scolaire,nan,nan,Internet & ecommerce,JUNEX CAPITAL PARTNERS ...,n.d.,n.d.,Financement,n.d.,,,,,,,,,,,,,
15 févr. 2024,SKIBRO,Royaume-Uni |,Plateforme permettant aux utilisateurs de comparer,nan,nan,Internet & ecommerce,JUNEX CAPITAL PARTNERS ...,n.d.,0-20 M€,Financement,0-20,,,,,,,,,,,,,
15 févr. 2024,ISOMER CAPITAL,Royaume-Uni |,Société d'investissement spécialisée dans le capital innovation.,nan,nan,nan,JUNEX CAPITAL PARTNERS ...,nan,n.d.,Augmentation de capital,n.d.,,,,,,,,,,,,,
15 févr. 2024,SNOWLEADER,France |,Plateforme de vente en ligne de produits pour le sport de plein air,87,2023.0,Internet & ecommerce,CREDIT AGRICOLE DES SAVOIE,n.d.,n.d.,Financement,5-10,,,,,,,,,,,,,
14 févr. 2024,IMDEV (IMAGERIE DÉVELOPPEMENT),France |,Réseau de centres d’imagerie médicale et de médecine nucléaire,115,2023.0,Santé,CAPZA,FAMILY OFFICES,250-500 M€,OBO,50-150,,,,,,,,,,,,,
14 févr. 2024,GUIDO AMMIRATA,Italie |,Solutions d'éclairage professionnel à destination notamment des hôpitaux,8,2023.0,Produits & Services industriels,VLAD,MANAGER(S),n.d.,Build-up international,n.d.,,,,,,,,,,,,,
14 févr. 2024,PAMOJA (TEN SENSES),Suisse |,Producteur durable de noix de macadamia,nan,nan,nan,MIROVA,nan,n.d.,Augmentation de capital,nan,,,,,,,,,,,,,
14 févr. 2024,AXIENCE,France |,Laboratoire de produits vétérinaires,25,2023.0,Produits Pharmaceutiques & matériel médical,MOTION EQUITY PARTNERS,FONDATEUR(S),50-150 M€,LBO Primaire,20-50,,,,,,,,,,,,,
14 févr. 2024,LA FRAICHERIE,France |,Fraîche découpe de fruits et légumes découpés pour industriels de la filière,7.90,2023.0,nan,VERTU FOOD (ILOVERT),EUREDEN,0-20 M€,M&A Corporate,0-20,,,,,,,,,,,,,
14 févr. 2024,REUNION TRANSIT,France |,Transport maritime et logistique,nan,nan,nan,SIFA (SIFA LOGISTICS),HESNAULT,n.d.,M&A Corporate,n.d.,,,,,,,,,,,,,
14 févr. 2024,ST GROUPE,France |,Conseil et d'ingénierie en informatique,4.80,2023.0,Logiciel et services informatiques,HN SERVICES,FONDATEUR(S),0-20 M€,Retournement,0-20,,,,,,,,,,,,,
14 févr. 2024,FLYING EYE,France |,Construction de drones civils,13.50,2022.0,Automobile,CONNECT PRO,FONDATEUR(S),10-15 M€,MBI,5-10,,,,,,,,,,,,,
14 févr. 2024,HESNAULT,France |,Commissionnaire en transport et en douane,185,2023.0,nan,SIFA (SIFA LOGISTICS),MANAGER(S),20-50 M€,M&A Corporate,20-50,,,,,,,,,,,,,
14 févr. 2024,SELP,France |,Conception,120,2023.0,Electronique & Informatique,FCDE,MARTEK,50-150 M€,LBO Bis,n.d.,,,,,,,,,,,,,
14 févr. 2024,COMPOSABLE,France |,Éditeur d'une plateforme facilitant l'intégration des procédures de gestion de contenus (LLM) dans les processus de travail des grands comptes grâce à l'IA,nan,nan,Logiciel et services informatiques,ELAIA PARTNERS,nan,10-15 M€,Amorçage (seed),nan,,,,,,,,,,,,,
13 févr. 2024,GLINTECH,Australie |,Intégrateur de solutions Atlassian,50,2023.0,Logiciel et services informatiques,VALIANTYS GROUP,MANAGER(S),20-50 M€,Build-up international,n.d.,,,,,,,,,,,,,
13 févr. 2024,OAKLEN CONSULTING (EX PW CONSULTA...,France |,Cabinet de conseil en stratégie spécialisé sur le marché des paiements,9,2023.0,Services & Conseil aux entreprises,ENTREPRENEUR INVEST,FONDATEUR(S),10-15 M€,MBO,n.d.,,,,,,,,,,,,,
13 févr. 2024,MEDIACTIVE 24/7 (EX DVMR-ALTERPOP),France |,Fournisseur de solutions matérielles et logicielles de retransmission vidéo,2,2023.0,Média,MEDIACTIVE,MANAGER(S),0-5 M€,Build-up,n.d.,,,,,,,,,,,,,
13 févr. 2024,BREIZH INVEST PME,France |,Société d’investissement dédiée aux PME bretonnes,nan,nan,nan,REGION BRETAGNE,nan,n.d.,Augmentation de capital,nan,,,,,,,,,,,,,
13 févr. 2024,DIRECT FERMETURES,France |,Fourniture et de la pose de menuiseries extérieures,nan,nan,Produits & Services industriels,CHEMA,n.d.,n.d.,M&A Corporate,n.d.,,,,,,,,,,,,,
13 févr. 2024,PRINTHOF,Suisse |,Solutions et services innovants dans les domaines de l'impression et de la gestion documentaire,nan,nan,Services & Conseil aux entreprises,GROUPE FACTORIA (DONT S...,MANAGER(S),0-20 M€,Build-up international,n.d.,,,,,,,,,,,,,
13 févr. 2024,LA PALETTE COMTOISE,France |,Fabrication de palettes de manutention en bois et conditionnement en bois,nan,nan,Produits & Services industriels,EPALIA,MANAGER(S),0-5 M€,M&A Corporate,0-5,,,,,,,,,,,,,
13 févr. 2024,QUANSIC,France |,Base de données d'identification d'artistes,nan,nan,Logiciel et services informatiques,LUMINATE,n.d.,n.d.,M&A (Int'l),n.d.,,,,,,,,,,,,,
13 févr. 2024,WELLNESS MANAGEMENT,France |,Éditeur de solutions de Qualité de Vie au Travail (QVT),0.20,2023.0,Logiciel et services informatiques,MEDISPACE,FONDATEUR(S),n.d.,M&A Corporate,n.d.,,,,,,,,,,,,,
13 févr. 2024,FINBIOSOFT,Finlande |,Éditeur de logiciels spécialisés pour les laboratoires médicaux et sociétés de diagnostic médical,nan,nan,Logiciel et services informatiques,BYG4LAB GROUP,FONDATEUR(S),0-20 M€,Build-up international,n.d.,,,,,,,,,,,,,
13 févr. 2024,3X ENGINEERING,Monaco |,Réparation des actifs industriels critiques grâce à la technologie composite.,nan,nan,Electronique & Informatique,EKOSCAN INTEGRITY,MANAGER(S),n.d.,M&A (Int'l),n.d.,,,,,,,,,,,,,
13 févr. 2024,ENERFIP,France |,Financement participatif de la transition énergétique,4,2023.0,nan,nan,SOCIÉTÉ FINANCIÈRE DU L...,n.d.,Reprise Management,nan,,,,,,,,,,,,,
13 févr. 2024,SEG DIELECTRIQUES,France |,Conception et production d’isolants diélectriques (dont isolants souples,10.40,2024.0,Produits & Services industriels,IRDI CAPITAL INVESTISSE...,nan,5 M€,Augmentation de capital,nan,,,,,,,,,,,,,
13 févr. 2024,AL DENTE,France |,Agence de stratégie et de production publicitaire pour les marques de luxe,18,2023.0,Média,LABELIUM,FONDATEUR(S),20-50 M€,Build-up,n.d.,,,,,,,,,,,,,
12 févr. 2024,JOLT CAPITAL,France |,Société de gestion spécialisée en growth et orientée vers les entreprises européennes de deeptech,10,2023.0,nan,ARMEN (GP STAKE),MANAGER(S),50-150 M€,Augmentation de capital,n.d.,,,,,,,,,,,,,
12 févr. 2024,GTCA,France |,Courtiers en risques d’entreprise et protection sociale,nan,nan,nan,HOWDEN GROUP,FONDATEUR(S),0-20 M€,M&A (Int'l),0-20,,,,,,,,,,,,,
12 févr. 2024,BELIEVE (BELIEVE DIGITAL,France |,Distributeur numérique d'artistes et de label indépendants,761,2022.0,Internet & ecommerce,TECHNOLOGY CROSSOVER VE...,TECHNOLOGY CROSSOVER VE...,>1000 M€,OPA,n.d.,,,,,,,,,,,,,
12 févr. 2024,AUTOMOTIVE CELLS COMPANY (ACC),France |,Production des batteries pour véhicules électriques,nan,nan,Automobile,ING GROUP,n.d.,n.d.,Financement,nan,,,,,,,,,,,,,
12 févr. 2024,TOD'S,Italie |,Commerce de chaussures,1 130,2023.0,Textile,L CATTERTON,BORSA ITALIANA,1 400 M€,OPA,nan,,,,,,,,,,,,,
12 févr. 2024,UNSEENLABS,France |,Opérateur de nano satellites pour la surveillance maritime,nan,nan,Média,ISALT - INVESTISSEMENT ...,nan,n.d.,3e tour,nan,,,,,,,,,,,,,
12 févr. 2024,ACTIVITÉ CONDUIRE JUSTE DE BELTOI...,France |,Stages sur la sécurité routière,nan,nan,Services & Biens de consommation,ACTUA FORMATION (ACTUA ...,BELTOISE EVOLUTION,n.d.,M&A Corporate,n.d.,,,,,,,,,,,,,
12 févr. 2024,MARQUE GLYTONE DES LABORATOIRES P...,États-Unis |,Marque de soins pour la peau,nan,nan,Santé,CLINICAL SKIN,PIERRE FABRE,n.d.,M&A (Int'l),n.d.,,,,,,,,,,,,,
12 févr. 2024,TESCA,France |,Fabrication de câbles de Haute Qualité pour l'audiovisuel et la sécurité,5.50,2024.0,Electronique & Informatique,EXERTIS CONNECT,ACTIONNAIRES,0-20 M€,M&A Corporate,n.d.,,,,,,,,,,,,,
12 févr. 2024,DISTANCES,France |,Spécialiste dans le convoyage et le rapatriement de véhicules,nan,nan,nan,ENGELIS,MANAGER(S),n.d.,M&A Corporate,n.d.,,,,,,,,,,,,,
09 févr. 2024,SENSORION,France |,Développement de thérapies liées aux pathologies de l’oreille interne,nan,nan,nan,REDMILE GROUP,nan,150-250 M€,Augmentation de capital,nan,,,,,,,,,,,,,
09 févr. 2024,CIBLE SKIN,France |,Centre de dermatologie anti-âge et vente de produits cosmétiques,nan,nan,Santé,VERLINVEST,nan,n.d.,Augmentation de capital,20-50,,,,,,,,,,,,,
09 févr. 2024,LA TRIVENETA CAVI,Italie |,Fabrication de câbles,800,2023.0,Produits & Services industriels,NEXANS,MANAGER(S),n.d.,M&A (Int'l),n.d.,,,,,,,,,,,,,
08 févr. 2024,EXALOG,France |,Éditeur de solutions cloud de gestion des paiements et de la trésorerie,nan,nan,Logiciel et services informatiques,CEGID,ACTIONNAIRES FAMILIAUX,20-50 M€,Build-up,n.d.,,,,,,,,,,,,,
08 févr. 2024,AQUA RAY,France |,Hébergement cloud de serveurs informatiques physiques ou virtuels,2.50,2023.0,Logiciel et services informatiques,FAVEOD,FONDATEUR(S),0-20 M€,Minoritaire,0-20,,,,,,,,,,,,,
08 févr. 2024,HUGAU GESTION,France |,Société de gestion spécialisée dans le monétaire et le crédit court terme,5,2022.0,nan,RICHELIEU GESTION,MANAGER(S),5-10 M€,Majoritaire,n.d.,,,,,,,,,,,,,
08 févr. 2024,ATELIERS MUQUET (L ATELIER 78),France |,Agencement de luxe et création de surfaces décoratives murales,5,2023.0,Services & Conseil aux entreprises,LINDERA (EX-EVOLUMAG),MANAGER(S),0-20 M€,Build-up,0-20,,,,,,,,,,,,,
08 févr. 2024,LEVANA,France |,Intégrateur de solutions Salesforce (solutions de gestion de la relation client),6.40,2022.0,Logiciel et services informatiques,SQLI,FONDATEUR(S),n.d.,M&A Corporate,n.d.,,,,,,,,,,,,,
08 févr. 2024,SYSCOM PROREP,France |,Distributeur et intégrateur de composants électroniques,60,2023.0,Electronique & Informatique,INITIATIVE & FINANCE,SIPAREX,50-150 M€,LBO Bis,20-50,,,,,,,,,,,,,
08 févr. 2024,BEINK DREAM,France |,Société qui vise à transformer les idées griffonnées en dessins réalistes.,nan,nan,Logiciel et services informatiques,nan,nan,3.30 M€,1er tour,nan,,,,,,,,,,,,,
08 févr. 2024,ALTUR INVESTISSEMENT,France |,Société d'investissement cotée,nan,nan,nan,SUFFREN HOLDING,EURONEXT (BOURSE),n.d.,OPA,n.d.,,,,,,,,,,,,,
08 févr. 2024,IKV TRIBOLOGIE IKVT,France |,Conception et fabrication de lubrifiants de hautes performances,nan,nan,Produits & Services industriels,QUAKER HOUGHTON,MANAGER(S),n.d.,M&A (Int'l),nan,,,,,,,,,,,,,
08 févr. 2024,CARDINAL PATRIMOINE,France |,Gestion de patrimoine,nan,nan,nan,MAGNACARTA (MAGNA CARTA...,FONDATEUR(S),n.d.,M&A Corporate,n.d.,,,,,,,,,,,,,
08 févr. 2024,THE COURIER GUY,Afrique du Sud |,Spécialiste de la livraison de dernier kilomètre et des services de colis express,nan,nan,nan,ADENIA PARTNERS,n.d.,n.d.,LBO Primaire,n.d.,,,,,,,,,,,,,
08 févr. 2024,MEDERE,France |,Formation continue des médecins et dentistes,3,2023.0,Services & Biens de consommation,NOVETUDE SANTE,FONDATEUR(S),0-20 M€,Build-up,n.d.,,,,,,,,,,,,,
08 févr. 2024,MENTAT TECHNOLOGY,Royaume-Uni |,Intégrateur de logiciels Anaplan spécialisé dans la gestion de la performance d’entreprise,nan,nan,Logiciel et services informatiques,BEDFORD CONSULTING,FONDATEUR(S),0-20 M€,Build-up international,0-20,,,,,,,,,,,,,
08 févr. 2024,PROLIVAL,France |,Solutions d’hébergement informatique et de cybersécurité,35,2023.0,Logiciel et services informatiques,TENEXA (EX GROUPE INFODIS),MANAGER(S),0-20 M€,Build-up,0-20,,,,,,,,,,,,,
08 févr. 2024,PIXEE MEDICAL,France |,Medtech développant des solutions de guidage par réalité augmentée pour les chirurgiens réalisant des arthroplasties du genou et de l’épaule,2,2023.0,Produits Pharmaceutiques & matériel médical,RELYENS INNOVATION SANT...,nan,n.d.,2e tour,nan,,,,,,,,,,,,,
07 févr. 2024,MIDCENTIV,France |,Cabinet d’expertise comptable et de commissariat aux comptes,nan,nan,Services & Conseil aux entreprises,ORIAL,FONDATEUR(S),n.d.,M&A Corporate,n.d.,,,,,,,,,,,,,
07 févr. 2024,BBI,Émirats Arabes Unis |,Conseil en data management,nan,nan,Services & Conseil aux entreprises,AMETHIS,n.d.,n.d.,Minoritaire,n.d.,,,,,,,,,,,,,
07 févr. 2024,MONBLASON,France |,Fabricant d'articles pour la personnalisation textile pour les professionnels,17,2023.0,Textile,FLEXDEV GROUP,ACTIONNAIRES FAMILIAUX,0-20 M€,Build-up,0-20,,,,,,,,,,,,,
07 févr. 2024,PROOPLE (EX PASSAGE),France |,Équipements d'accessibilité pour l'extérieur,nan,nan,Produits & Services industriels,WATTELEZ,A PLUS FINANCE,0-5 M€,Retournement,0-5,,,,,,,,,,,,,
07 févr. 2024,OSCAR A/S,Danemark |,Fabrication de bouillons,nan,nan,nan,SOLINA GROUP,NESTLE,50-150 M€,Build-up international,50-150,,,,,,,,,,,,,
07 févr. 2024,ROUSSEAU ASSOCIES,France |,Conseil en gestion de patrimoine,nan,nan,nan,SYNALP,FONDATEUR(S),n.d.,Build-up,n.d.,,,,,,,,,,,,,
07 févr. 2024,ALPHA ASSOCIATES,Suisse |,Gestion d'actifs non cotés,50,2023.0,nan,AMUNDI ASSET MANAGEMENT...,FONDATEUR(S),350 M€,M&A (Int'l),nan,,,,,,,,,,,,,
07 févr. 2024,NATUREX IBERIAN PARTNERS,Espagne |,Production en extraction végétale,nan,nan,Matières premières & industries de base (minerais,GROUPE BERKEM,GIVAUDAN,0-20 M€,Carve-out,0-20,,,,,,,,,,,,,
07 févr. 2024,PULJONKI OY,Finlande |,Fournisseur de produits alimentaires,nan,nan,nan,SOLINA GROUP,NESTLE,50-150 M€,Build-up international,50-150,,,,,,,,,,,,,
07 févr. 2024,SENNSE (QUINTE ET SENS),France |,Communication,8,2023.0,Média,VERTICAL SEA (EX-BUILDE...,MANAGER(S),0-20 M€,Build-up,0-20,,,,,,,,,,,,,
06 févr. 2024,MY PIE,France |,Offre de snacking clé en main pour les GMS,20,2023.0,nan,ARDIAN GROWTH,FONDATEUR(S),70 M€,LBO Primaire,n.d.,,,,,,,,,,,,,
06 févr. 2024,KONBINI,France |,Média d'infodivertissement spécialisé dans les vidéos et orienté vers les 18 -35 ans,20,2023.0,Média,DIGITAL CENTURY COMPANY...,FONDATEUR(S),50-150 M€,M&A Corporate,n.d.,,,,,,,,,,,,,
06 févr. 2024,BAG'INNOV,France |,Conditionnement pour les industries de l'agroalimentaire,nan,nan,Produits & Services industriels,nan,n.d.,n.d.,M&A Corporate,n.d.,,,,,,,,,,,,,
06 févr. 2024,BBRIGHT,France |,Fournisseur de solutions de retransmission vidéo pour les opérateurs de télévision et les diffuseurs,1,2023.0,Média,HEXAGLOBE,FONDATEUR(S),0-20 M€,Retournement,0-20,,,,,,,,,,,,,
06 févr. 2024,HYDRO ARMOR,France |,Conception,10,2023.0,Automobile,CAPITAL EXPORT,MANAGER(S),n.d.,MBO,n.d.,,,,,,,,,,,,,
05 févr. 2024,DIALOG,France |,Plateforme proposant des dispositifs permettant de faciliter l’accès des citoyens à un ensemble d’activités sportives et culturelles.,1.28,2022.0,Logiciel et services informatiques,GROUPE UP COOP (EX GROU...,CAP MONETIQUE,0-20 M€,M&A Corporate,n.d.,,,,,,,,,,,,,
05 févr. 2024,KILOUTOU,France |,Location de matériel de chantier,1 018,2022.0,Services & Biens de consommation,KAPLA HOLDING,n.d.,n.d.,Refinancement,nan,,,,,,,,,,,,,
05 févr. 2024,KILN,France |,Solutions de staking de crypto-monnaies aux investisseurs institutionnels,nan,nan,Logiciel et services informatiques,1KX,nan,n.d.,3e tour,nan,,,,,,,,,,,,,
05 févr. 2024,INFINITE ORBITS,France |,Services d'inspection en orbite,3,2023.0,Automobile,NEWFUND,nan,20-50 M€,1er tour,nan,,,,,,,,,,,,,
05 févr. 2024,DIX CENTRES STUDIO COMME J'AIME,France |,Centres spécialisés dans le bien-être et l’amincissement,nan,nan,Santé,EMALEXANCE,n.d.,0-20 M€,Retournement,0-20,,,,,,,,,,,,,
02 févr. 2024,PACA ASCENSEURS SERVICES,France |,Maintenance et modernisation d’ascenseurs,30,2022.0,Immobilier & construction,KONE,ASSA ABLOY,n.d.,M&A (Int'l),n.d.,,,,,,,,,,,,,
02 févr. 2024,NOVUM TECH,France |,Concepteur et producteur des systèmes électriques destinés à différents types d'engins,nan,nan,Produits & Services industriels,KUBOTA,nan,0-20 M€,1er tour,nan,,,,,,,,,,,,,
02 févr. 2024,FINEXFI,France |,Cabinet d'expertise spécialiste du développement durable et de la RSE,0.90,2023.0,Services & Conseil aux entreprises,KPMG,n.d.,n.d.,M&A Corporate,n.d.,,,,,,,,,,,,,
02 févr. 2024,INNOSYN,Pays-Bas |,Recherche et développement de procédés chimiques pour la production de médicaments,nan,nan,Santé,MERIEUX EQUITY PARTNERS,nan,20-50 M€,Augmentation de capital,20-50,,,,,,,,,,,,,
02 févr. 2024,PARTS HOLDING EUROPE,France |,Pièces détachées automobiles et poids lourds,2 260,2022.0,Automobile,nan,n.d.,>1000 M€,Refinancement,nan,,,,,,,,,,,,,
02 févr. 2024,ALPINOV X,France |,Systèmes de production de froid utilisant l’eau en tant que fluide frigorigène,0.90,2023.0,nan,CREDIT MUTUEL IMPACT (E...,nan,50-150 M€,1er tour,nan,,,,,,,,,,,,,
02 févr. 2024,DANONE,France |,Groupe agroalimentaire,nan,nan,nan,BANCO SANTANDER,n.d.,>1000 M€,Financement,nan,,,,,,,,,,,,,
02 févr. 2024,REMY COINTREAU,France |,Groupe de spiritueux: cognac et liqueur,nan,nan,nan,nan,n.d.,n.d.,Emission obligataire,nan,,,,,,,,,,,,,
02 févr. 2024,ACTIFS TECHNOLOGIQUES D'OCTOBER,France |,Plateforme tech d'October,nan,nan,nan,SOPRA BANKING SOFTWARE,OCTOBER (EX LENDIX),n.d.,M&A Corporate,n.d.,,,,,,,,,,,,,
01 févr. 2024,DULIN TECHNOLOGIES,Espagne |,Conseil et développeur de solutions spécialisé en cybersécurité et en gestion des identités et des accès,nan,nan,Logiciel et services informatiques,SCALIAN (EX EUROGICIEL),FONDATEUR(S),n.d.,Build-up international,n.d.,,,,,,,,,,,,,
01 févr. 2024,SATISFACTORY,France |,Solution SaaS et multilingue de Feedback Management,nan,nan,Logiciel et services informatiques,CONSUMERLAB,FONDATEUR(S),0-20 M€,M&A (Int'l),0-20,,,,,,,,,,,,,
01 févr. 2024,EXPERT LINE,France |,Prestataire de services externalisés en cybersécurité pour les PME,22.50,2023.0,Logiciel et services informatiques,NEVERHACK (EX PR0PH3CY),MANAGER(S),20-50 M€,Build-up,20-50,,,,,,,,,,,,,
01 févr. 2024,EDIFICE (EX OPEN DIGITAL EDUCATION),France |,Éditeur de plateformes numériques (ENT) pour écoles,7,2022.0,Logiciel et services informatiques,GENERIS CAPITAL PARTNERS,EDUCAPITAL,n.d.,LBO Primaire,5-10,,,,,,,,,,,,,
01 févr. 2024,GROUPE SFPI,France |,Groupe industriel au service de la protection des biens,629,2022.0,Produits & Services industriels,CREDIT MUTUEL EQUITY,MANAGER(S),150-250 M€,Cession de titres,nan,,,,,,,,,,,,,
01 févr. 2024,CARIZY,France |,Plateforme d'achat de véhicules d’occasions entre particuliers,23.90,2021.0,Internet & ecommerce,COFIDIS,HEYCAR GROUP (MOBILITY ...,0-20 M€,M&A Corporate,n.d.,,,,,,,,,,,,,
01 févr. 2024,LEMON.FR,France |,Éditeur d'un site de comparaison d'abonnements mobile et internet,nan,nan,Média,HUMANOID,FONDATEUR(S),0-5 M€,M&A Corporate,0-5,,,,,,,,,,,,,
01 févr. 2024,PLUXEE,France |,Avantages sociaux et engagements des employés (titres-cadeaux et restaurant),1 000,2023.0,Services & Conseil aux entreprises,EURONEXT (BOURSE),SODEXO,3 340 M€,IPO,n.d.,,,,,,,,,,,,,
01 févr. 2024,ATEO FINANCE,France |,Éditeur de logiciels de suivi de marché pour les produits dérivés cotés,nan,nan,Logiciel et services informatiques,TRADING TECHNOLOGIES IN...,FONDATEUR(S),n.d.,Build-up international,n.d.,,,,,,,,,,,,,
01 févr. 2024,SECURKEYS,France |,Service de reproduction de clés,nan,nan,Internet & ecommerce,SOWEFUND,nan,0-5 M€,1er tour,nan,,,,,,,,,,,,,
01 févr. 2024,AZMED,France |,Éditeur d'un logiciel d'aide au diagnostic pour les radiologues grâce à l'IA,nan,nan,Logiciel et services informatiques,MAISON WORMS,nan,20-50 M€,1er tour,nan,,,,,,,,,,,,,
01 févr. 2024,TECNOPRIMAF,Italie |,Fabrication et distribution de emballages en bois et solutions anticorrosion pour les clients industriels,26,2023.0,Produits & Services industriels,ANTALIS,n.d.,n.d.,M&A (Int'l),n.d.,,,,,,,,,,,,,
01 févr. 2024,VIBE.CO,France |,Solution de diffusion de publicité sur les flux de streaming,10,2023.0,Média,SINGULAR CAPITAL PARTNE...,nan,50-150 M€,1er tour,nan,,,,,,,,,,,,,
01 févr. 2024,ADAPTIVE ML,États-Unis |,Plateforme dédiée à la personnalisation des IA grâce aux interactions avec leurs utilisateurs,nan,nan,Logiciel et services informatiques,INDEX VENTURES,nan,20-50 M€,Amorçage (seed),nan,,,,,,,,,,,,,
01 févr. 2024,JURIFISC,France |,Courtage d'assurances IARD,nan,nan,nan,GROUPE LEADER INSURANCE,n.d.,0-20 M€,Build-up,0-20,,,,,,,,,,,,,
01 févr. 2024,ACTIVITE CLOUD PRIVE DE PRODWARE,France |,Activité cloud privé et télécommunications de Prodware en France et en Belgique,10,2023.0,Logiciel et services informatiques,INHERENT,PRODWARE,20-50 M€,Build-up,20-50,,,,,,,,,,,,,
01 févr. 2024,DEFENSE CONSEIL INTERNATIONAL (DCI),France |,Opérateur du ministère des Armées pour le transfert du savoir-faire militaire français à l’international,225,2023.0,Services & Conseil aux entreprises,AGENCE DIFFUSION INFORM...,AGENCE DES PARTICIPATIO...,250 M€,Build-up,150-250,,,,,,,,,,,,,
01 févr. 2024,MZ TECHNOLOGIE,France |,Solutions sans contact pour différents support : écrans,nan,nan,Electronique & Informatique,IN GROUPE (EX IMPRIMERI...,nan,n.d.,Amorçage (seed),0-5,,,,,,,,,,,,,
01 févr. 2024,GENSIGHT BIOLOGICS,France |,Biopharma développant des thérapies géniques pour maladies dégénératives de la rétine et troubles du système nerveux central,3,2023.0,nan,EURONEXT (BOURSE),nan,n.d.,Augmentation de capital,nan,,,,,,,,,,,,,
01 févr. 2024,MAITRE PIERRE (HCL MAITRE PIERRE ...,France |,Fabrication de tartes flambées,23,2023.0,nan,COMPAGNIE DES PATISSIERS,MANAGER(S),0-20 M€,M&A Corporate,0-20,,,,,,,,,,,,,
01 févr. 2024,TRANSGRAPHICA,France |,Réalisation de clichés de vernissage pour l’emballage des secteurs du luxe,nan,nan,Média,SOCIETE LYONNAISE DE PH...,ACTIONNAIRES,n.d.,M&A Corporate,n.d.,,,,,,,,,,,,,
01 févr. 2024,EODD,France |,Cabinet de conseil,23.20,2023.0,Services & Conseil aux entreprises,FIVE ARROWS (ROTHSCHILD...,MANAGER(S),20-50 M€,LBO Primaire,0-20,,,,,,,,,,,,,
01 févr. 2024,MED & JOBS,France |,Plateforme de recrutement médical et pharmaceutique pour les professionnels de santé,nan,nan,Internet & ecommerce,NORD MIDI-PYRENEES DEVE...,nan,0-5 M€,1er tour,nan,,,,,,,,,,,,,
01 févr. 2024,THOM GROUPE (HISTOIRE D'OR ET MAR...,France |,Magasins de bijoux.,nan,nan,nan,BNP PARIBAS (FINANCEMENT),n.d.,n.d.,Refinancement,nan,,,,,,,,,,,,,
01 févr. 2024,3 MAGASINS AFFILIÉS WELDOM,France |,Trois magasins affiliés Weldom dans le Sud-Ouest,nan,nan,nan,nan,WELDOM,n.d.,M&A Corporate,n.d.,,,,,,,,,,,,,
01 févr. 2024,VKK STANDARDKESSEL GROUP,Allemagne |,Fabricant de chaudières industrielles,50,2023.0,Produits & Services industriels,BABCOCK WANSON,GETEC ENERGIE,20-50 M€,Build-up international,20-50,,,,,,,,,,,,,
01 févr. 2024,ELIA LINGERIE,France |,Culottes menstruelles,1.70,2023.0,Santé,ROUGEGORGE LINGERIE,FONDATEUR(S),0-5 M€,M&A Corporate,0-5,,,,,,,,,,,,,
31 janv. 2024,OCEANE DE SERVICES (DOMIDOM),France |,Agence d'aide à domicile,nan,nan,Services & Biens de consommation,OUIHELP,MANAGER(S),0-20 M€,M&A Corporate,0-20,,,,,,,,,,,,,
31 janv. 2024,LOGISTIC'OEUF,France |,Production et conditionnement des œufs provenant de tous les modes d'élevage.,189,2023.0,nan,TERRENA,n.d.,n.d.,Majoritaire,n.d.,,,,,,,,,,,,,
31 janv. 2024,VISION-BOX,Portugal |,Systèmes d'identification électronique,70,2023.0,Electronique & Informatique,AMADEUS,KEENSIGHT CAPITAL,320 M€,M&A (Int'l),250-500,,,,,,,,,,,,,
31 janv. 2024,OCS,France |,Plateforme de streaming de programmes télévisuels,100,2022.0,Média,CANAL+ GROUPE,GROUPE ORANGE,50-150 M€,M&A Corporate,50-150,,,,,,,,,,,,,
31 janv. 2024,SOCIÉTÉ GÉNÉRALE TCHAD,Tchad |,Banque,nan,nan,nan,CORIS BANK INTERNATIONAL,GROUPE SOCIETE GENERALE,n.d.,M&A (Int'l),n.d.,,,,,,,,,,,,,
31 janv. 2024,MATCHEVENT,France |,Production audiovisuelle,16,2023.0,Média,DZETA CONSEIL,MANAGER(S),20-50 M€,LBO Primaire,0-20,,,,,,,,,,,,,
31 janv. 2024,SOMED SANTE,France |,Prestataire de services pour les centres de santé,3,2023.0,Santé,FINANCIÈRE ARBEVEL (VOI...,n.d.,50-150 M€,Financement,nan,,,,,,,,,,,,,
31 janv. 2024,LAVINIA,France |,Caviste proposant vins,22,2023.0,Services & Biens de consommation,ULYSSE CAZABONNE,MANAGER(S),0-20 M€,M&A Corporate,0-20,,,,,,,,,,,,,
31 janv. 2024,AOSIS,France |,ESN spécialisée dans les solutions de l'éditeur SAP,7.70,2022.0,Logiciel et services informatiques,FPT SOFTWARE,FONDATEUR(S),0-20 M€,M&A (Int'l),0-20,,,,,,,,,,,,,
31 janv. 2024,DIGITAL4BETTER (FRUGGR.IO),France |,Logiciel de calcul de l'impact environnemental et social du numérique,2.50,2023.0,Logiciel et services informatiques,GO CAPITAL,nan,n.d.,1er tour,nan,,,,,,,,,,,,,
31 janv. 2024,GEOLINKS SERVICES,France |,Surveillance géophysique du sous-sol qui aide à la détection et l'extraction de matières premières,0.18,2023.0,Logiciel et services informatiques,EIT INNOENERGY,nan,5-10 M€,1er tour,0-5,,,,,,,,,,,,,
31 janv. 2024,NEOCEM,France |,Société industrielle qui développe,nan,nan,Immobilier & construction,REV3 CAPITAL (EX CAP3RI),nan,0-20 M€,Amorçage (seed),nan,,,,,,,,,,,,,
31 janv. 2024,KELVIN,France |,Éditeur d'un logiciel d'études énergétiques des bâtiments basé sur l'IA,nan,nan,Logiciel et services informatiques,SERENA CAPITAL,nan,0-20 M€,Amorçage (seed),nan,,,,,,,,,,,,,
31 janv. 2024,KOLET,France |,Conception de cartes eSim (cartes Sim dématérialisées),nan,nan,Média,DAPHNI,nan,0-20 M€,Amorçage (seed),nan,,,,,,,,,,,,,
31 janv. 2024,GL EVENTS,France |,Organisation et logistique d'évènements,1 315,2022.0,Services & Conseil aux entreprises,TREVISE PARTICIPATIONS,SOFINA,n.d.,Augmentation de capital,n.d.,,,,,,,,,,,,,
31 janv. 2024,PROBENT,France |,Groupe de cinq sociétés spécialisées en ingénierie,30,2023.0,Produits & Services industriels,CLEMESSY,MANAGER(S),20-50 M€,M&A Corporate,n.d.,,,,,,,,,,,,,
31 janv. 2024,POLYGONE (HOLDING DE GL EVENTS),France |,Holding de contrôle de l’entreprise événementielle GL Events,nan,nan,Services & Conseil aux entreprises,TREVISE PARTICIPATIONS,SOFINA,n.d.,Cession de titres,n.d.,,,,,,,,,,,,,
31 janv. 2024,PELIKAN MOBILITY,France |,Plateforme de gestion des opérations des flottes de véhicules,nan,nan,Logiciel et services informatiques,PALE BLUE DOT,nan,0-20 M€,Amorçage (seed),0-5,,,,,,,,,,,,,
31 janv. 2024,AZADE,France |,Grossiste en épicerie sèche et boissons bio,6.50,2023.0,nan,FINORPA GIE,nan,0-5 M€,Augmentation de capital,nan,,,,,,,,,,,,,
31 janv. 2024,HULA HOOP NANTES (EX ENTRECOM SOC...,France |,Agence de publicité et de communication sur les réseaux sociaux,1.10,2023.0,Média,HULA-HOOP HOLDING,ENTRECOM,0-20 M€,M&A Corporate,0-20,,,,,,,,,,,,,
31 janv. 2024,FILIGRAN,France |,Fournisseur de logiciels aux équipes de cybersécurité et de gestion,nan,nan,Logiciel et services informatiques,ACCEL PARTNERS,nan,50-150 M€,1er tour,nan,,,,,,,,,,,,,
31 janv. 2024,ASK FOR THE MOON (EX WINGZY),France |,Éditeur d'un logiciel de partage des savoir-faire critiques pour les entreprises industrielles,1,2023.0,Logiciel et services informatiques,UI INVESTISSEMENT,nan,0-20 M€,1er tour,nan,,,,,,,,,,,,,
31 janv. 2024,SHOWPLACE,France |,Placement de produits de marques dans des locations de courte durée,nan,nan,Internet & ecommerce,WELIKEANGELS - INVESTES...,nan,1.20 M€,Amorçage (seed),nan,,,,,,,,,,,,,
31 janv. 2024,MARCADÉ,France |,Organisation d’événements d’exception pour les groupes de luxe,20,2023.0,Textile,TRAIL (TRAIL CAPITAL),FONDATEUR(S),50-150 M€,LBO Primaire,n.d.,,,,,,,,,,,,,
31 janv. 2024,SOCIÉTÉ GÉNÉRALE TCHAD,Tchad |,Banque,nan,nan,nan,CORIS BANK INTERNATIONAL,GROUPE SOCIETE GENERALE,n.d.,M&A (Int'l),n.d.,,,,,,,,,,,,,
31 janv. 2024,MATCHEVENT,France |,Production audiovisuelle,16,2023.0,Média,DZETA CONSEIL,MANAGER(S),20-50 M€,LBO Primaire,0-20,,,,,,,,,,,,,
31 janv. 2024,SOMED SANTE,France |,Prestataire de services pour les centres de santé,3,2023.0,Santé,FINANCIÈRE ARBEVEL (VOI...,n.d.,50-150 M€,Financement,nan,,,,,,,,,,,,,
31 janv. 2024,LAVINIA,France |,Caviste proposant vins,22,2023.0,Services & Biens de consommation,ULYSSE CAZABONNE,MANAGER(S),0-20 M€,M&A Corporate,0-20,,,,,,,,,,,,,
31 janv. 2024,AOSIS,France |,ESN spécialisée dans les solutions de l'éditeur SAP,7.70,2022.0,Logiciel et services informatiques,FPT SOFTWARE,FONDATEUR(S),0-20 M€,M&A (Int'l),0-20,,,,,,,,,,,,,
31 janv. 2024,DIGITAL4BETTER (FRUGGR.IO),France |,Logiciel de calcul de l'impact environnemental et social du numérique,2.50,2023.0,Logiciel et services informatiques,GO CAPITAL,nan,n.d.,1er tour,nan,,,,,,,,,,,,,
31 janv. 2024,GEOLINKS SERVICES,France |,Surveillance géophysique du sous-sol qui aide à la détection et l'extraction de matières premières,0.18,2023.0,Logiciel et services informatiques,EIT INNOENERGY,nan,5-10 M€,1er tour,0-5,,,,,,,,,,,,,
31 janv. 2024,NEOCEM,France |,Société industrielle qui développe,nan,nan,Immobilier & construction,REV3 CAPITAL (EX CAP3RI),nan,0-20 M€,Amorçage (seed),nan,,,,,,,,,,,,,
31 janv. 2024,KELVIN,France |,Éditeur d'un logiciel d'études énergétiques des bâtiments basé sur l'IA,nan,nan,Logiciel et services informatiques,SERENA CAPITAL,nan,0-20 M€,Amorçage (seed),nan,,,,,,,,,,,,,
31 janv. 2024,KOLET,France |,Conception de cartes eSim (cartes Sim dématérialisées),nan,nan,Média,DAPHNI,nan,0-20 M€,Amorçage (seed),nan,,,,,,,,,,,,,
31 janv. 2024,GL EVENTS,France |,Organisation et logistique d'évènements,1 315,2022.0,Services & Conseil aux entreprises,TREVISE PARTICIPATIONS,SOFINA,n.d.,Augmentation de capital,n.d.,,,,,,,,,,,,,
31 janv. 2024,PROBENT,France |,Groupe de cinq sociétés spécialisées en ingénierie,30,2023.0,Produits & Services industriels,CLEMESSY,MANAGER(S),20-50 M€,M&A Corporate,n.d.,,,,,,,,,,,,,
31 janv. 2024,POLYGONE (HOLDING DE GL EVENTS),France |,Holding de contrôle de l’entreprise événementielle GL Events,nan,nan,Services & Conseil aux entreprises,TREVISE PARTICIPATIONS,SOFINA,n.d.,Cession de titres,n.d.,,,,,,,,,,,,,
31 janv. 2024,PELIKAN MOBILITY,France |,Plateforme de gestion des opérations des flottes de véhicules,nan,nan,Logiciel et services informatiques,PALE BLUE DOT,nan,0-20 M€,Amorçage (seed),0-5,,,,,,,,,,,,,
31 janv. 2024,AZADE,France |,Grossiste en épicerie sèche et boissons bio,6.50,2023.0,nan,FINORPA GIE,nan,0-5 M€,Augmentation de capital,nan,,,,,,,,,,,,,
31 janv. 2024,HULA HOOP NANTES (EX ENTRECOM SOC...,France |,Agence de publicité et de communication sur les réseaux sociaux,1.10,2023.0,Média,HULA-HOOP HOLDING,ENTRECOM,0-20 M€,M&A Corporate,0-20,,,,,,,,,,,,,
31 janv. 2024,FILIGRAN,France |,Fournisseur de logiciels aux équipes de cybersécurité et de gestion,nan,nan,Logiciel et services informatiques,ACCEL PARTNERS,nan,50-150 M€,1er tour,nan,,,,,,,,,,,,,
31 janv. 2024,ASK FOR THE MOON (EX WINGZY),France |,Éditeur d'un logiciel de partage des savoir-faire critiques pour les entreprises industrielles,1,2023.0,Logiciel et services informatiques,UI INVESTISSEMENT,nan,0-20 M€,1er tour,nan,,,,,,,,,,,,,
31 janv. 2024,SHOWPLACE,France |,Placement de produits de marques dans des locations de courte durée,nan,nan,Internet & ecommerce,WELIKEANGELS - INVESTES...,nan,1.20 M€,Amorçage (seed),nan,,,,,,,,,,,,,
31 janv. 2024,MARCADÉ,France |,Organisation d’événements d’exception pour les groupes de luxe,20,2023.0,Textile,TRAIL (TRAIL CAPITAL),FONDATEUR(S),50-150 M€,LBO Primaire,n.d.,,,,,,,,,,,,,
31 janv. 2024,HEYFLOW,Allemagne |,Plateforme no-code aidant les équipes marketing des commerçants en ligne à optimiser la rétention des internautes,nan,nan,Logiciel et services informatiques,SINGULAR CAPITAL PARTNE...,nan,50-150 M€,1er tour,nan,,,,,,,,,,,,,
31 janv. 2024,EAUX DE MARSEILLE-MAROC (EMM),Maroc |,Optimisation de la ressource en eau et la réduction du stress hydrique : gestion d'installations d’eau et d’assainissement,nan,nan,Environnement & CleanTechs,BUTEC,VEOLIA,n.d.,M&A (Int'l),n.d.,,,,,,,,,,,,,
31 janv. 2024,BLUE WATER INTELLIGENCE (BWI),France |,Développement de stations virtuelles utilisant l'intelligence artificielle pour fournir des prévisions hydrologiques.,0.30,2023.0,Logiciel et services informatiques,CAP HORN FINANCE,HEMERIA,5-10 M€,Amorçage (seed),nan,,,,,,,,,,,,,
31 janv. 2024,LES TRICOLORES,France |,Services de domiciliation d'entreprises,nan,nan,Services & Conseil aux entreprises,nan,n.d.,n.d.,Emission obligataire,nan,,,,,,,,,,,,,
30 janv. 2024,ACUMEN PUBLIC AFFAIRS,Belgique |,Cabinet de conseil en affaires publiques et en communication stratégique de l'UE,nan,nan,Services & Conseil aux entreprises,M80 PARTNERS,n.d.,20-50 M€,LBO (à l'étranger),n.d.,,,,,,,,,,,,,
30 janv. 2024,PERGELINE SIMON,France |,Office notarial,nan,nan,Services & Conseil aux entreprises,SIMON ASSOCIES,FONDATEUR(S),n.d.,Majoritaire,n.d.,,,,,,,,,,,,,
30 janv. 2024,QUANTADS,France |,Gestion des campagnes marketing et d'acquisition de clients en ligne,nan,nan,Services & Conseil aux entreprises,OKUDEN,FONDATEUR(S),0-5 M€,Majoritaire,0-5,,,,,,,,,,,,,
30 janv. 2024,COFINAS (BS BATTERY,France |,Développement et distribution de batteries industrielles et de démarrage,42,2023.0,Produits & Services industriels,FOR TALENTS TRANSMISSION,FONDATEUR(S),n.d.,Augmentation de capital,n.d.,,,,,,,,,,,,,
30 janv. 2024,PRODATEC,France |,Entreprise spécialisée dans la conception et la fabrication de système de détection d'intrusion extérieure,0.75,2023.0,Electronique & Informatique,J3C INVEST,n.d.,n.d.,M&A Corporate,nan,,,,,,,,,,,,,
30 janv. 2024,BY.O,France |,Cabinet de conseil et de formation pour une clientèle grand groupe dans la structuration et l’optimisation de leurs fonctions achats,6,2023.0,Services & Conseil aux entreprises,CUBIK,MANAGER(S),0-20 M€,Build-up,n.d.,,,,,,,,,,,,,
30 janv. 2024,CLAREO LIGHTING,France |,Expert éclairage LED professionnel,40,2023.0,Produits & Services industriels,NEXTSTAGE AM,FONDATEUR(S),50-150 M€,LBO Primaire,nan,,,,,,,,,,,,,
30 janv. 2024,VIT,France |,Fabrication et vente de vitrages isolants,33,2023.0,Produits & Services industriels,UI INVESTISSEMENT,ESFIN GESTION,20-50 M€,MBO Bis,0-20,,,,,,,,,,,,,
29 janv. 2024,ALPHA CHITIN,France |,Production de chitosane à partir de larves d'insectes,nan,nan,nan,NOUVELLE-AQUITAINE CO-I...,nan,32 M€,1er tour,nan,,,,,,,,,,,,,
29 janv. 2024,LIFE PLUS,France |,Solutions d'assistance et de télésuivi médical pour la prévention de la fragilité des seniors,1.50,2023.0,Logiciel et services informatiques,TSINOR VENTURE STUDIO,nan,0-20 M€,2e tour,nan,,,,,,,,,,,,,
29 janv. 2024,ACS ASSURANCES COURTAGES ET SERVICES,France |,Courtier en assurance santé pour des voyages à l’international dont la durée est supérieure à 3 mois,12.70,2022.0,nan,GENEO CAPITAL ENTREPRENEUR,FONDATEUR(S),50-150 M€,OBO,n.d.,,,,,,,,,,,,,
29 janv. 2024,LA LAITERIE DU BERGER (LDB),Sénégal |,Produits laitiers à base de lait frais local (dont yaourts Dolima),nan,nan,nan,DANONE COMMUNITIES,PHITRUST PARTENAIRES,n.d.,Augmentation de capital,n.d.,,,,,,,,,,,,,
29 janv. 2024,STDN,France |,Manutention logistique fluviale,nan,nan,nan,MAUFFREY,GROUPE PATOUX,0-20 M€,Build-up,n.d.,,,,,,,,,,,,,
29 janv. 2024,CARMAT,France |,Concepteur de cœurs artificiels,2.80,2023.0,Produits Pharmaceutiques & matériel médical,EURONEXT (BOURSE),nan,n.d.,Augmentation de capital,nan,,,,,,,,,,,,,
27 janv. 2024,PENNYLANE,France |,Éditeur de solution de gestion pour TPE et PME et de production pour experts-comptables,nan,nan,Logiciel et services informatiques,DIGITAL SKY TECHNOLOGIE...,nan,1 000 M€,5e tour,nan,,,,,,,,,,,,,
27 janv. 2024,TOUCH SENSITY,France |,Technologie permettant de rendre les objets et matériaux sensibles aux interactions physiques,nan,nan,Electronique & Informatique,NEWFUND,nan,0-20 M€,Amorçage (seed),nan,,,,,,,,,,,,,
27 janv. 2024,BETTER CALL DAVE,France |,Agence digitale spécialisée dans le développement de sites,1.10,2023.0,Logiciel et services informatiques,V-CULT,ACTIONNAIRES HISTORIQUES,0-20 M€,Retournement,0-20,,,,,,,,,,,,,
26 janv. 2024,VINTECH LLC,États-Unis |,Agence de conception et de modélisation 3D,nan,nan,Logiciel et services informatiques,MOLB,n.d.,0-20 M€,M&A (Int'l),n.d.,,,,,,,,,,,,,
26 janv. 2024,ACTIVITÉS DE SIGNALISATION DE HIT...,France |,Activités de signalisation des grandes lignes de Hitachi en France,nan,nan,nan,MERMEC,HITACHI RAIL,n.d.,M&A (Int'l),n.d.,,,,,,,,,,,,,
26 janv. 2024,DESCHAMPS,France |,Conception et fabrication de charpentes en bois,nan,nan,Immobilier & construction,ACIEO,MANAGER(S),0-20 M€,M&A Corporate,0-20,,,,,,,,,,,,,
25 janv. 2024,UI INVESTISSEMENT,France |,Société de gestion de capital-investissement,nan,nan,nan,CRÉDIT AGRICOLE CENTRE ...,nan,n.d.,Augmentation de capital,nan,,,,,,,,,,,,,
25 janv. 2024,SCOUTBIO,États-Unis |,Biotechnologie pour les soins des animaux de compagnie,nan,nan,nan,CEVA,MANAGER(S),n.d.,Build-up international,n.d.,,,,,,,,,,,,,
25 janv. 2024,SAFIC,France |,Usinage de précision - fabrication de pièces de petites dimensions pour l'aéronautique  (sièges et clapets hydrauliques),3.30,2023.0,Automobile,FILEC,MANAGER(S),0-20 M€,M&A Corporate,n.d.,,,,,,,,,,,,,
25 janv. 2024,ITB - TCHOULFIAN (ITB GROUPE ET T...,France |,Isolation industrielle et échafaudage à destination des marchés nucléaires et chimiques,31,2023.0,Produits & Services industriels,SPARRING CAPITAL,NORDEN,20-50 M€,LBO Primaire,n.d.,,,,,,,,,,,,,
25 janv. 2024,CHAPELLE DARBLAY,France |,Usine de papier journal qui va être repositionnée en site de production de carton.,nan,nan,Produits & Services industriels,FIBRE EXCELLENCE TARASCON,VEOLIA,n.d.,M&A Corporate,n.d.,,,,,,,,,,,,,
24 janv. 2024,LUKO (LUKO COVER),France |,Assurance habitation et nouveaux véhicules électriques,nan,nan,nan,ALLIANZ DIRECT,FONDATEUR(S),n.d.,Retournement,nan,,,,,,,,,,,,,
24 janv. 2024,SECTI,France |,Travaux de rénovation des bâtiments industriels,nan,nan,Immobilier & construction,FACE,ACTIONNAIRES FAMILIAUX,0-20 M€,Build-up,5-10,,,,,,,,,,,,,
24 janv. 2024,SODIPADD,France |,Supports et matériel d’impression grand format.,nan,nan,Services & Biens de consommation,DYNAFLEX,MANAGER(S),0-20 M€,M&A Corporate,0-20,,,,,,,,,,,,,
24 janv. 2024,TECHNIQUE D'EXTINCTION CONSEIL CO...,France |,Conseil et assistance des entreprises pour les exercices incendie,nan,nan,Services & Conseil aux entreprises,EUROFEU,ACTIONNAIRES,0-20 M€,Build-up,0-20,,,,,,,,,,,,,
24 janv. 2024,DR. JONQUILLE & MR. AIL,France |,Application de distribution et de la création de produits originaux de jardinage,nan,nan,Internet & ecommerce,ATLANTIQUE BUSINESS ANG...,nan,2.65 M€,Amorçage (seed),nan,,,,,,,,,,,,,
23 janv. 2024,LERINS TECHNOLOGY,France |,Conseils et prestations de service informatiques,nan,nan,Logiciel et services informatiques,OBJECTWARE,n.d.,n.d.,Build-up,n.d.,,,,,,,,,,,,,
23 janv. 2024,MEOGROUP (EX MEOTEC),France |,Groupe de cabinets de conseil opérationnel combinant stratégie et ingénierie,100,2023.0,Services & Conseil aux entreprises,ANDERA PARTNERS,AZULIS CAPITAL,100 M€,MBO Bis,n.d.,,,,,,,,,,,,,
23 janv. 2024,SEPAMAIL.EU,France |,Service de messagerie sécurisée pour les prestataires de services de paiement,2,2023.0,nan,STET (EUROPEAN PAYMENTS...,CREDIT AGRICOLE CIB,0-20 M€,M&A Corporate,n.d.,,,,,,,,,,,,,
23 janv. 2024,LAURENT ET CHARRAS,France |,Conseil en propriété intellectuelle,30,2023.0,Services & Conseil aux entreprises,IPSILON,MANAGER(S),35 M€,Build-up,20-50,,,,,,,,,,,,,
23 janv. 2024,INSITU GROUPE,France |,Location de bureaux avec services associés,30,2023.0,Services & Conseil aux entreprises,ARMONIA,n.d.,20-50 M€,Minoritaire,0-20,,,,,,,,,,,,,
23 janv. 2024,EFIS MAROC,Maroc |,Agent général de ventes (GSA) de compagnies aériennes,nan,nan,nan,ECS GROUP (EUROPEAN CAR...,n.d.,n.d.,Build-up international,n.d.,,,,,,,,,,,,,
23 janv. 2024,PCM INGENIERIE,France |,Société d'ingénierie spécialisée dans la construction et l’aménagement du territoire,18,2023.0,Services & Conseil aux entreprises,BNP PARIBAS DEVELOPPEMENT,MANAGER(S),0-20 M€,Augmentation de capital,0-5,,,,,,,,,,,,,
23 janv. 2024,LOC'ASSIETTE,France |,Location de vaisselle,nan,nan,Services & Biens de consommation,nan,MANAGER(S),n.d.,M&A Corporate,n.d.,,,,,,,,,,,,,
23 janv. 2024,ADS DETECTION GAZ,France |,Dispositif de détection de gaz,nan,nan,Services & Conseil aux entreprises,ERIS (ETUDE ET RÉALISAT...,MANAGER(S),5-10 M€,Build-up,5-10,,,,,,,,,,,,,
23 janv. 2024,VESTIAIRE COLLECTIVE,France |,Plateforme de vente de vêtements et accessoires haut de gamme d'occasion,157,2023.0,Internet & ecommerce,CROWDCUBE,nan,1 100 M€,10e tour,nan,,,,,,,,,,,,,
23 janv. 2024,ACTIVITAE EMPLOI (RH PROFILER),France |,Éditeur d'un logiciel RH,nan,nan,Logiciel et services informatiques,BEETWEEN,n.d.,n.d.,M&A Corporate,n.d.,,,,,,,,,,,,,
22 janv. 2024,GIMA (SEL GRAAL),France |,Imagerie médicale,nan,nan,Santé,EXCELLENCE IMAGERIE (EX...,MANAGER(S),50-150 M€,Build-up,n.d.,,,,,,,,,,,,,
22 janv. 2024,LEXHAM INSURANCE,Royaume-Uni |,Courtier dédié à l’assurance des scooters,40,2023.0,nan,APRIL,FONDATEUR(S),n.d.,Build-up international,n.d.,,,,,,,,,,,,,
22 janv. 2024,BACK LEARNING (DOADO),France |,Éditeur d'une application de santé digitale basée sur l'IA,nan,nan,Logiciel et services informatiques,nan,nan,0-20 M€,Amorçage (seed),nan,,,,,,,,,,,,,
22 janv. 2024,LES CENT CIELS,France |,SPA et hammams,10,2023.0,Santé,CALICEO,FONDATEUR(S),n.d.,Build-up,n.d.,,,,,,,,,,,,,
22 janv. 2024,CALICEO,France |,Centres de balnéothérapie et de remise en forme,27,2023.0,Santé,BPIFRANCE INVESTISSEMENT,nan,n.d.,Augmentation de capital,n.d.,,,,,,,,,,,,,
22 janv. 2024,CREALO,France |,Logiciel de gestion et de paiement des droits d’auteur,nan,nan,Logiciel et services informatiques,212 FOUNDERS,nan,0-20 M€,Amorçage (seed),nan,,,,,,,,,,,,,
22 janv. 2024,EXCELLENCE IMAGERIE (EX IRP),France |,Radiologie et imagerie médicale,100,2023.0,Santé,ANTIN INFRASTRUCTURE PA...,FONDATEUR(S),500 M€,Opération avortée,n.d.,,,,,,,,,,,,,
22 janv. 2024,IMAGERIE DUROC,France |,Imagerie médical et IRM,nan,nan,Santé,EXCELLENCE IMAGERIE (EX...,MANAGER(S),50-150 M€,Build-up,n.d.,,,,,,,,,,,,,
22 janv. 2024,METAL BLANC,France |,Production de plomb de deuxième fusion et d’alliages issus de batteries usagées et autres déchets plombeux,55,2023.0,Matières premières & industries de base (minerais,AXIO CAPITAL,BOURSON INVESTMENTS,15-20 M€,MBI,n.d.,,,,,,,,,,,,,
22 janv. 2024,FAIRSPACE,France |,Solution clé en main d'aménagement durable des espaces de travail des entreprises et collectivités,0.04,2021.0,Immobilier & construction,TUDIGO (EX BULB IN TOWN),nan,0-20 M€,Amorçage (seed),nan,,,,,,,,,,,,,
22 janv. 2024,RTE,France |,Gestion réseau transport électricité,nan,nan,nan,nan,n.d.,>1000 M€,Emission obligataire,nan,,,,,,,,,,,,,
19 janv. 2024,AVENCALL (XIVO,France |,Solutions de téléphonie d'entreprise et de centres de contacts en open source,6,2023.0,Logiciel et services informatiques,VOLARIS,WISPER,10-15 M€,M&A (Int'l),10-15,,,,,,,,,,,,,
19 janv. 2024,ATALIAN,France |,Facility management : nettoyage,2 000,2023.0,Services & Conseil aux entreprises,EURONEXT (BOURSE),n.d.,n.d.,Refinancement,nan,,,,,,,,,,,,,
19 janv. 2024,KLAVA INNOVATION,France |,DeepTech/Medtech qui développe des thérapies digitales pour les troubles addictifs,nan,nan,Santé,ANGEL'S BAY INVEST,nan,0-20 M€,Amorçage (seed),nan,,,,,,,,,,,,,
19 janv. 2024,GOFLINT,France |,Plateforme de diffusion gratuite d’annonces immobilières des professionnels,nan,nan,Internet & ecommerce,nan,nan,14 M€,Amorçage (seed),nan,,,,,,,,,,,,,
19 janv. 2024,BSPI FINANCE,France |,Cabinet de conseil en gestion de patrimoine,nan,nan,nan,PAVILLON PREVOYANCE,MANAGER(S),0-20 M€,M&A Corporate,0-20,,,,,,,,,,,,,
18 janv. 2024,KINVENT,France |,Conception,7,2023.0,Produits Pharmaceutiques & matériel médical,EURAZEO,nan,n.d.,2e tour,nan,,,,,,,,,,,,,
18 janv. 2024,CARDIOPARC,France |,Réseau de centres de cardiologie,nan,nan,Santé,CITIZEN CAPITAL,nan,20-50 M€,Augmentation de capital,nan,,,,,,,,,,,,,
18 janv. 2024,POINT DE VUE (ROYALEMENT VÔTRE ÉD...,France |,Hebdomadaire dédié à l'actualité des têtes couronnées et du gotha,24,2022.0,Média,GROUPE ARTEMIS,IDI,20-50 M€,M&A Corporate,n.d.,,,,,,,,,,,,,
18 janv. 2024,FERMOB,France |,Mobilier d’extérieur en métal,160,2023.0,Services & Biens de consommation,BLUE ALTITUDE INVEST (BAI),BLUE ALTITUDE INVEST (BAI),n.d.,OBO,n.d.,,,,,,,,,,,,,
18 janv. 2024,EX NIHILO PARIS,France |,Fabricant de parfums,55,2023.0,Santé,EURAZEO BRANDS,BUSINESS ANGEL(S),50-150 M€,MBO,20-50,,,,,,,,,,,,,
18 janv. 2024,WINCANTON,Royaume-Uni |,Solutions intégrées de supply chain,16 500,2023.0,nan,CMA CGM,BOURSE ETRANGERE,894 M€,Opération avortée,nan,,,,,,,,,,,,,
18 janv. 2024,ABF DECISIONS,France |,Conseil en obtention de subventions publiques,30.60,2023.0,Services & Conseil aux entreprises,TINEXTA,CREDIT MUTUEL EQUITY,156 M€,M&A (Int'l),nan,,,,,,,,,,,,,
18 janv. 2024,BLUE ALTITUDE INVEST (BAI),France |,nan,nan,nan,nan,REYBIER ABP,nan,n.d.,Augmentation de capital,n.d.,,,,,,,,,,,,,
18 janv. 2024,RIVERSEN (MALTBERRY),France |,Conseil en ingénierie dans les secteurs de l’énergie,24,2023.0,Services & Conseil aux entreprises,ASTEK,FONDATEUR(S),20-50 M€,M&A Corporate,20-50,,,,,,,,,,,,,
18 janv. 2024,COLIBEE,France |,Cabinet de conseil en management de transition,20,2023.0,Services & Conseil aux entreprises,EIM,FONDATEUR(S),0-20 M€,Build-up,0-20,,,,,,,,,,,,,
18 janv. 2024,AVNEAR,France |,Plateforme de conseil et d'investissement en ligne,nan,nan,nan,nan,nan,0-5 M€,Amorçage (seed),nan,,,,,,,,,,,,,
18 janv. 2024,SECLAB,France |,Cyber sécurité pour infrastructures,nan,nan,Logiciel et services informatiques,BPIFRANCE INVESTISSEMENT,EDF,n.d.,MBI,n.d.,,,,,,,,,,,,,
17 janv. 2024,ROSE ET MARIUS,France |,Parfumerie de luxe,nan,nan,Textile,GROUPE BOGART,FONDATEUR(S),0-5 M€,M&A Corporate,0-5,,,,,,,,,,,,,
17 janv. 2024,HOTSPLOTS,Allemagne |,Opérateur wifi sur le marché allemand,nan,nan,Média,WIFIRST,FONDATEUR(S),20-50 M€,Build-up international,20-50,,,,,,,,,,,,,
17 janv. 2024,BLUE VALET (HBRI),France |,Service en ligne de voituriers dans aéroports et gares,6.10,2022.0,Internet & ecommerce,nan,n.d.,n.d.,Retournement,n.d.,,,,,,,,,,,,,
17 janv. 2024,KEOPS AUTOMATION,France |,Société d’ingénierie et de réalisation dans le domaine de l’automatisme et de l’informatique : systèmes de pilotage et de surveillance des installations industrielles,7,2023.0,Services & Conseil aux entreprises,ASSYSTEM,n.d.,10-15 M€,M&A Corporate,10-15,,,,,,,,,,,,,
17 janv. 2024,ICAPE GROUP,France |,Fournisseur de circuits imprimés,169,2021.0,Electronique & Informatique,nan,n.d.,n.d.,Financement,nan,,,,,,,,,,,,,
17 janv. 2024,FLEXIO,France |,Plateforme no code de création d'applications et de logiciels métiers,1,2023.0,Logiciel et services informatiques,DIVALTO,FONDATEUR(S),0-5 M€,Build-up,0-5,,,,,,,,,,,,,
16 janv. 2024,ASPIRANT CONSULTING,États-Unis |,Services de conseil en matière de marketing et innovation,23.80,2023.0,Services & Conseil aux entreprises,WAVESTONE (EX SOLUCOM),MANAGER(S),21.90 M€,M&A (Int'l),nan,,,,,,,,,,,,,
16 janv. 2024,INTERSIGNALETIC,France |,Concepteur et fabricant d’objets de signalisation mobile temporaire d’urgence pour véhicules de pompiers,2.30,2022.0,Automobile,VIGNAL GROUP,MANAGER(S),0-20 M€,Build-up,0-20,,,,,,,,,,,,,
16 janv. 2024,ICON SALON SYSTEMS,Canada |,Fournitures de beauté.,nan,nan,Santé,L'OREAL,n.d.,n.d.,M&A (Int'l),n.d.,,,,,,,,,,,,,
16 janv. 2024,OUEST ASSURANCES,France |,Courtage en assurances des bateaux de plaisance (groupe composé d'Ouest Assurances Plaisance,nan,nan,nan,FMA GROUP (FMA ASSURANCES),MANAGER(S),10-15 M€,Build-up,n.d.,,,,,,,,,,,,,
16 janv. 2024,GROUPE ROUTHIAU,France |,Fabrication et distribution de produits frais et surgelés (charcuterie,72,2022.0,nan,LDC,ACTIONNAIRES FAMILIAUX,n.d.,M&A Corporate,n.d.,,,,,,,,,,,,,
16 janv. 2024,ASTREE SOFTWARE,France |,Éditeur d'un logiciel de pilotage de la production industrielle (MES),9.30,2023.0,Logiciel et services informatiques,4 CAD PLM,FONDATEUR(S),20-50 M€,Build-up,20-50,,,,,,,,,,,,,
16 janv. 2024,TRANSPORTS JEGOU,France |,Transport routier,7.20,2022.0,nan,GROUPE DESERT,n.d.,5-10 M€,M&A Corporate,5-10,,,,,,,,,,,,,
16 janv. 2024,FONDS DE COMMERCE DE LA CLINIQUE ...,France |,Clinique vétérinaire,nan,nan,Santé,MON VETO,n.d.,n.d.,Build-up,n.d.,,,,,,,,,,,,,
16 janv. 2024,ALLIANCE GUMS & INDUSTRIES,France |,Formulation et production d'hydrocolloïdes,nan,nan,nan,JUNGBUNZLAUER,ROQUETTE,n.d.,M&A (Int'l),n.d.,,,,,,,,,,,,,
16 janv. 2024,BOULANGERIES ANGE,France |,Chaîne de boulangeries,340,2023.0,nan,LOV GROUP,FONDATEUR(S),n.d.,Minoritaire,n.d.,,,,,,,,,,,,,
16 janv. 2024,GENS D'EVENEMENT,France |,Agence de communication évènementielle « à impacts positifs »,7,2023.0,Média,EBRA,FONDATEUR(S),0-20 M€,M&A Corporate,0-20,,,,,,,,,,,,,
16 janv. 2024,ALLANNIC FRERES,France |,Groupe de concessions automobiles spécialisé dans la distribution,50,2023.0,nan,COBREDIA,MANAGER(S),n.d.,M&A Corporate,n.d.,,,,,,,,,,,,,
16 janv. 2024,TRANSPORTS KLEIN,France |,Transport en citernes,56,2023.0,nan,TRANSPORTS VEYNAT,MANAGER(S),n.d.,M&A Corporate,n.d.,,,,,,,,,,,,,
15 janv. 2024,ALESSIA RH,France |,Alessia RH est un cabinet de conseil et de formation orienté RH,3,2023.0,Services & Conseil aux entreprises,KLB GROUP,MANAGER(S),0-20 M€,M&A Corporate,0-20,,,,,,,,,,,,,
15 janv. 2024,AKA ASIA,Singapour |,Agence de communication,nan,nan,Média,PUBLICIS GROUPE,FONDATEUR(S),n.d.,M&A (Int'l),n.d.,,,,,,,,,,,,,
15 janv. 2024,ADG (ALPES DIFFUSION DE GROS),France |,Robinetterie industrielle et conception de produits destinés au transport et à la distribution de l’eau potable,25,2023.0,Produits & Services industriels,GROUPE CLAIRE,n.d.,n.d.,Build-up,n.d.,,,,,,,,,,,,,
15 janv. 2024,SOFEG,France |,Cabinet d'expertise-comptable et de commissariat aux comptes,5,2023.0,Services & Conseil aux entreprises,COMPAGNIE FIDUCIAIRE (G...,MANAGER(S),0-20 M€,M&A Corporate,n.d.,,,,,,,,,,,,,
15 janv. 2024,CAPTAIN CONTRAT,France |,Plateforme en ligne de prestations juridiques pour les créateurs et dirigeants de TPE/PME (contenus,nan,nan,Internet & ecommerce,IMPLID,AURINVEST,0-20 M€,Majoritaire,0-20,,,,,,,,,,,,,
15 janv. 2024,A&B COUTURE,France |,Confection de prêt-à-porter féminin haute-couture,15,2023.0,Textile,INNOVAFONDS,ODYSSEE VENTURE,0-20 M€,MBO Bis,0-20,,,,,,,,,,,,,
15 janv. 2024,BONJOUR SERVICES,France |,Prestations de ménage,2.90,2023.0,Services & Biens de consommation,BABYCHOU SERVICES,FONDATEUR(S),0-20 M€,M&A Corporate,0-20,,,,,,,,,,,,,
15 janv. 2024,INFOGENE,France |,Entreprise de Services du Numérique (ESN) spécialisée dans le secteur de la santé,72,2023.0,Logiciel et services informatiques,VULCAIN ENGINEERING,DENTRESSANGLE CAPITAL,n.d.,Build-up,n.d.,,,,,,,,,,,,,
15 janv. 2024,PHARADAY,France |,nan,nan,nan,Logiciel et services informatiques,VARSITY,nan,0-20 M€,Amorçage (seed),0-5,,,,,,,,,,,,,
15 janv. 2024,C12 QUANTUM ELECTRONICS,France |,Deeptech développant des puces quantiques pour processeurs afin d'accélérer des calculs très complexes,nan,nan,Electronique & Informatique,VARSITY,nan,50-150 M€,1er tour,nan,,,,,,,,,,,,,
15 janv. 2024,GUTH & NOVARA,France |,Cabinet d'expertise comptable,nan,nan,nan,RSM FRANCE,FONDATEUR(S),n.d.,M&A Corporate,n.d.,,,,,,,,,,,,,
15 janv. 2024,JARMANY (IPSOS JARMANY),Royaume-Uni |,Spécialiste en gestion et en analyse de données,nan,nan,Services & Conseil aux entreprises,IPSOS,n.d.,n.d.,M&A (Int'l),n.d.,,,,,,,,,,,,,
15 janv. 2024,PLAT4MATION,Pays-Bas |,Conseil et intégrateur en solutions ServiceNow,50,2023.0,Logiciel et services informatiques,KEENSIGHT CAPITAL,FONDATEUR(S),50-150 M€,LBO Primaire,n.d.,,,,,,,,,,,,,
15 janv. 2024,CAP 21 (VOIR RSM),France |,Cabinet en expertise comptable,nan,nan,nan,RSM FRANCE,GROUPE EUREX,n.d.,M&A Corporate,n.d.,,,,,,,,,,,,,
15 janv. 2024,ARQUUS,France |,Équipements et matériels pour la défense,nan,nan,Automobile,COCKERILL MAINTENANCE &...,VOLVO GROUP,n.d.,M&A (Int'l),n.d.,,,,,,,,,,,,,
15 janv. 2024,ROCKFI,France |,Fintech spécialisée dans la gestion privée,nan,nan,nan,VARSITY,nan,0-20 M€,Amorçage (seed),nan,,,,,,,,,,,,,
15 janv. 2024,SENSINOV,France |,Plateforme de gestion de bâtiments,nan,nan,Logiciel et services informatiques,VARSITY,nan,0-20 M€,Amorçage (seed),0-5,,,,,,,,,,,,,
15 janv. 2024,KOG,France |,Design avec intelligence artificielle d'applications web et mobile,nan,nan,Logiciel et services informatiques,VARSITY,nan,0-20 M€,Amorçage (seed),0-5,,,,,,,,,,,,,
15 janv. 2024,BOLERO MUSIC,France |,Éditeur d'une place de marché de droits musicaux,nan,nan,nan,XVC TECH,nan,6.36 M€,Amorçage (seed),nan,,,,,,,,,,,,,
15 janv. 2024,VISION TECHNOLOGY,France |,Développement d'une technologie de moteur à combustion à hydrogène,0.10,2023.0,Automobile,IDEC INVEST INNOVATION ...,nan,0-5 M€,Amorçage (seed),nan,,,,,,,,,,,,,
13 janv. 2024,SALON INTERACTIVE,États-Unis |,Plateforme destinée aux salons et aux spas pour gérer la recommandation des produits professionnels à leurs clients.,nan,nan,Internet & ecommerce,L'OREAL,BOLD (BUSINESS OPPORTUN...,0-20 M€,M&A (Int'l),0-20,,,,,,,,,,,,,
12 janv. 2024,ID GROUP,France |,Concepteur et distributeur de tapis et revêtements de sol en caoutchouc pour les professionnels,14,2023.0,Produits & Services industriels,JBC2,FONDATEUR(S),0-20 M€,MBI,0-20,,,,,,,,,,,,,
12 janv. 2024,MINITRUCKS ROBOTICS,France |,Constructeur de véhicules radioguidés pour le transport et la manutention de charges lourdes,1,2023.0,Produits & Services industriels,DEMETER (VOIR DEMA INVEST),nan,0-20 M€,Amorçage (seed),nan,,,,,,,,,,,,,
12 janv. 2024,BIODOL THERAPEUTICS,France |,Développement d'un candidat médicament neutralisant les douleurs neuropathiques chroniques,nan,nan,nan,BPIFRANCE INVESTISSEMENT,nan,10 M€,2e tour,0-5,,,,,,,,,,,,,
12 janv. 2024,COMPOSITES SANITAIRE ET INDUSTRIE...,France |,Fabrication d'équipements pour l'aménagement de la salle de bain,7,2023.0,Produits & Services industriels,LAZER GROUPE,COMPOSITES SANITAIRE ET...,0-20 M€,M&A Corporate,0-20,,,,,,,,,,,,,
11 janv. 2024,STA GROUPE,France |,Portage salarial et mise en relation de consultants hautement qualifiés avec les entreprises.,86,2022.0,Services & Conseil aux entreprises,FREELANCE.COM,FONDATEUR(S),20-50 M€,M&A Corporate,n.d.,,,,,,,,,,,,,
11 janv. 2024,INTERNATIONAL SOFTWARE COMPANY (ISC),France |,Éditeur de logiciels de niche dans l'ordonnancement de traitements informatiques,4.66,2023.0,Logiciel et services informatiques,CAISSE D'EPARGNE ILE DE...,FONDATEUR(S),0-20 M€,MBO,n.d.,,,,,,,,,,,,,
11 janv. 2024,PIKASSO IMPRIMEUR,France |,Service d'impression numérique grand format,2.80,2023.0,Produits & Services industriels,TECHNIPHOTO,MANAGER(S),n.d.,M&A Corporate,n.d.,,,,,,,,,,,,,
11 janv. 2024,M618 CONSULTING,France |,Conseil en transformation (en particulier dans les secteurs du luxe et des services financiers),4,2023.0,Services & Conseil aux entreprises,JULHIET STERWEN,FONDATEUR(S),0-5 M€,Build-up,0-5,,,,,,,,,,,,,
11 janv. 2024,SLIMPAY,France |,Fintech : solutions de paiement sécurisé,nan,nan,Logiciel et services informatiques,TRUSTLY,MAINE CAPITAL,n.d.,Build-up international,n.d.,,,,,,,,,,,,,
11 janv. 2024,RECIF TECHNOLOGIES,France |,Conception,15.50,2023.0,Electronique & Informatique,ACCURON TECHNOLOGIES LI...,YOTTA CAPITAL PARTNERS,20-50 M€,Build-up international,20-50,,,,,,,,,,,,,
11 janv. 2024,ACTIVITÉ PRODUITS CATALOGUE DE PL...,France |,Activité produits catalogue de Plastifrance,1.50,2023.0,Produits & Services industriels,EFP INDUSTRIE,FRANCIA,0-20 M€,M&A Corporate,0-20,,,,,,,,,,,,,
11 janv. 2024,NOMADVANTAGE,France |,Éditeur d'un CRM adressé aux forces de vente terrain des laboratoires et industriels pharmaceutiques,6.50,2023.0,Logiciel et services informatiques,NOMADIA GROUP (GEOCONCE...,FONDATEUR(S),0-20 M€,Build-up,n.d.,,,,,,,,,,,,,
11 janv. 2024,AMALIS GROUP,France |,"Ensemble de 6 entreprises :
Ingecal et Ingecal R&D – constructeurs de machines ;
Evotech – structure spécialisée dans l’automatisme industriel ;
Nixie et Accoris – experts en informatique industrielle ;
Novalia – installateur d’équipements électriques.",nan,nan,Produits & Services industriels,DÜRR,ACTIONNAIRES,n.d.,M&A (Int'l),n.d.,,,,,,,,,,,,,
11 janv. 2024,KWEKERIJ KOEN,Pays-Bas |,Développement de cyclamens botaniques,nan,nan,nan,MOREL DIFFUSION - CYCLA...,FONDATEUR(S),n.d.,Build-up international,n.d.,,,,,,,,,,,,,
11 janv. 2024,4 CIMENTERIES DE HEIDELBERG CEMEN...,France |,4 cimenteries de Heidelberg Cement en France,nan,nan,Produits & Services industriels,GROUPE DESERT,n.d.,n.d.,M&A (Int'l),n.d.,,,,,,,,,,,,,
11 janv. 2024,GRAVITY MEDIA,France |,Fournisseur d'images sportives,nan,nan,Média,EURO MEDIA GROUP (EMG),MANAGER(S),n.d.,Build-up,n.d.,,,,,,,,,,,,,
10 janv. 2024,ERKO (KOPRAM),France |,Appareils sciage manuel,6.60,2023.0,Produits & Services industriels,AMDG PRIVATE EQUITY,FONDATEUR(S),0-20 M€,LBO Ter,n.d.,,,,,,,,,,,,,
10 janv. 2024,DIGITAL FASHION GROUP (ENVIE DE F...,France |,Site de vente de vêtements pour femmes enceintes,nan,nan,Internet & ecommerce,VERTBAUDET,ROSA (EX-MK DIRECT (ENV...,0-20 M€,Build-up,0-20,,,,,,,,,,,,,
10 janv. 2024,HELVETIA ENVIRONNEMENT,Suisse |,Gestion des déchets,130,2023.0,Environnement & CleanTechs,PAPREC,ACTIONNAIRES FAMILIAUX,n.d.,Build-up international,n.d.,,,,,,,,,,,,,
10 janv. 2024,CONNECT SERVICES,France |,Hébergeur et fournisseur de services télécoms et internet.,nan,nan,Média,INHERENT,FONDATEUR(S),0-20 M€,Build-up,n.d.,,,,,,,,,,,,,
10 janv. 2024,DOST,France |,Edition de logiciels applicatifs,nan,nan,Logiciel et services informatiques,UNIKALO,nan,0-20 M€,Amorçage (seed),nan,,,,,,,,,,,,,
10 janv. 2024,VALSER,Espagne |,Location de matériel de terrassement et de groupes électrogènes,nan,nan,Produits & Services industriels,KILOUTOU,MANAGER(S),n.d.,Build-up international,0-20,,,,,,,,,,,,,
09 janv. 2024,MABTECH,Suède |,Fournisseur de lecteurs et de kits pour l'étude des réponses immunitaires ainsi que d’anticorps,30,2023.0,nan,EQT,MERIEUX EQUITY PARTNERS,300 M€,LBO Bis,n.d.,,,,,,,,,,,,,
09 janv. 2024,GROUPE ABONDIA (EX LOYEZ WOESSEN),France |,Conditionnement de beurre à destination de la grande distribution,210,2023.0,nan,BNP PARIBAS DEVELOPPEMENT,SENEVE CAPITAL (EX ARGO...,n.d.,LBO Ter,n.d.,,,,,,,,,,,,,
09 janv. 2024,TERRES DU SUD,France |,Coopérative agricole (végétal,621,2023.0,nan,SOFIPROTEOL,n.d.,n.d.,Emission obligataire,0-20,,,,,,,,,,,,,
09 janv. 2024,ICONES IMPRIMERIE,France |,Impression d'images sur tous les supports,8,2023.0,Services & Biens de consommation,BREIZH INVEST PME,FONDATEUR(S),0-5 M€,MBI,nan,,,,,,,,,,,,,
09 janv. 2024,LAUNCHMETRICS,États-Unis |,Plateforme d'optimisation et d'analyse des campagnes marketing des acteurs de la mode,42,2023.0,Logiciel et services informatiques,LECTRA,BPIFRANCE INVESTISSEMENT,n.d.,M&A (Int'l),nan,,,,,,,,,,,,,
09 janv. 2024,SEIP (ECOCUISINE),Luxembourg |,Enseignes de vente de cuisine (Ecocuisine,10,2023.0,Services & Biens de consommation,NOBILIA,FONDATEUR(S),n.d.,M&A (à l'étranger),n.d.,,,,,,,,,,,,,
09 janv. 2024,BIOPTIMUS,France |,Deeptech dédiée à la construction en open source de modèles d'IA avancés en biologie,nan,nan,Logiciel et services informatiques,SOFINNOVA PARTNERS,nan,20-50 M€,Amorçage (seed),20-50,,,,,,,,,,,,,
09 janv. 2024,SADEX,France |,Cabinet d'expert-comptables et commissaires aux comptes,1.70,2023.0,nan,RSM FRANCE,MANAGER(S),0-5 M€,M&A Corporate,0-5,,,,,,,,,,,,,
09 janv. 2024,100 METROS,Portugal |,Distribution d'emballages,13,2023.0,nan,ANTALIS,MANAGER(S),n.d.,M&A (Int'l),n.d.,,,,,,,,,,,,,
09 janv. 2024,LA VARAPPE,France |,Insertion par l'activité économique,90,2023.0,Services & Conseil aux entreprises,GENERALI FRANCE,FRANCE ACTIVE INVESTISS...,n.d.,Augmentation de capital,nan,,,,,,,,,,,,,
09 janv. 2024,DOMAINE DE BELLEVUE (JEROME BRETA...,France |,Culture de la vigne,nan,nan,nan,CHAMPAGNE BILLECART-SALMON,FONDATEUR(S),n.d.,M&A Corporate,n.d.,,,,,,,,,,,,,
09 janv. 2024,TELTOMALZ,Allemagne |,Fournisseur de matières premières et d'aliments à destination de la panification,nan,nan,nan,EUROGERM,MANAGER(S),n.d.,Build-up international,n.d.,,,,,,,,,,,,,
09 janv. 2024,SCASICOMP,France |,Intégrateur de solutions de stockage,15,2023.0,Logiciel et services informatiques,CYLLENE,FONDATEUR(S),n.d.,Build-up,n.d.,,,,,,,,,,,,,
09 janv. 2024,GEEV,France |,Plateforme gratuite de don d'objets entre particuliers et de vente d'invendus d'entreprises pour un don ou une vente à un prix très réduit,0.80,2022.0,Internet & ecommerce,TUDIGO (EX BULB IN TOWN),nan,n.d.,2e tour,nan,,,,,,,,,,,,,
09 janv. 2024,ISSAL MADINA,Maroc |,Gestion transitoire du service public de transport urbain,nan,nan,nan,TRANSDEV,n.d.,n.d.,M&A (Int'l),n.d.,,,,,,,,,,,,,
08 janv. 2024,DUROURE,France |,Production de mélanges de fertilisants (minéraux,40,2023.0,nan,ORIGINE PARTNERS,MANAGER(S),0-20 M€,MBO,n.d.,,,,,,,,,,,,,
08 janv. 2024,ENYO PHARMA,France |,Traitements antiviraux pour maladies rares à l’instar du syndrome d’Alport,nan,nan,nan,ORBIMED,nan,500-1000 M€,3e tour,nan,,,,,,,,,,,,,
08 janv. 2024,CINEFINANCE,France |,Conception et organisation d'événements autour du cinéma et de l’audiovisuel,1,2023.0,Média,ECRAN TOTAL,FONDATEUR(S),0-5 M€,M&A Corporate,0-5,,,,,,,,,,,,,
08 janv. 2024,MINELLI,France |,Marque de chaussures et d’accessoires,68,2022.0,Textile,MES DEMOISELLES,PERSONNE(S) PHYSIQUE(S),2 M€,Retournement,nan,,,,,,,,,,,,,
08 janv. 2024,KYANEOS,France |,Fonds d'investissement dans des logements résidentiels en vue de leur renovation,nan,nan,nan,CREDIT MUTUEL ARKEA (GR...,FONDATEUR(S),n.d.,Minoritaire,n.d.,,,,,,,,,,,,,
08 janv. 2024,ASCODERO PRODUCTIQUE,France |,Concepteur de machines robotiques sur mesure,nan,nan,Electronique & Informatique,SILEANE,ETIA (E.T.I.A.),0-20 M€,Build-up,0-20,,,,,,,,,,,,,
08 janv. 2024,SAVSOFT,France |,Éditeur et intégrateur de progiciels de gestion intégrée (ERP),nan,nan,Logiciel et services informatiques,16CORP,MANAGER(S),0-5 M€,M&A Corporate,0-5,,,,,,,,,,,,,
08 janv. 2024,ECHOES,France |,Logiciel qui permet d'exploiter à tous les services de la mobilité d'exploiter la valeur cachée des données de leur parc automobile.,nan,nan,Logiciel et services informatiques,MOVING INTELLIGENCE,GM INNOV,20-50 M€,M&A (Int'l),0-20,,,,,,,,,,,,,
08 janv. 2024,PUBLIC PUBLISHING,France |,Magazine people,nan,nan,Média,HEROES MEDIA,CMI FRANCE,n.d.,M&A Corporate,n.d.,,,,,,,,,,,,,
08 janv. 2024,I&O RESEARCH,Pays-Bas |,Études pour le secteur public,nan,nan,Services & Conseil aux entreprises,IPSOS,n.d.,n.d.,M&A (Int'l),n.d.,,,,,,,,,,,,,
05 janv. 2024,INSTITUT SUPERIEUR DU VIN,France |,École de commerce des vins et spiritueux,nan,nan,Services & Biens de consommation,STUDIALIS,n.d.,n.d.,M&A Corporate,n.d.,,,,,,,,,,,,,
05 janv. 2024,AEROVEL,États-Unis |,Systèmes aériens sans pilote et dans les drones aériens tactiques pour des applications navales et terrestres,nan,nan,Automobile,AIRBUS HELICOPTERS (EX ...,n.d.,n.d.,M&A (Int'l),n.d.,,,,,,,,,,,,,
04 janv. 2024,JEUMONT ELECTRIC,France |,Concepteur,100,2023.0,nan,FRAMATOME,ALTAWEST,50-150 M€,M&A Corporate,50-150,,,,,,,,,,,,,
04 janv. 2024,TEMO,France |,Moteur de bateau électroportatif,nan,nan,Automobile,BPIFRANCE INVESTISSEMENT,nan,5-10 M€,2e tour,nan,,,,,,,,,,,,,
04 janv. 2024,HIBIO (HI BIO),États-Unis |,Développement de thérapies de précision à base d'anticorps pour les patients souffrant de maladies auto-immunes,nan,nan,nan,ALPHA WAVE GLOBAL,nan,n.d.,2e tour,nan,,,,,,,,,,,,,
04 janv. 2024,CSI RESEAU (CONSTRUCTION,France |,Ingénierie,30,2023.0,Immobilier & construction,AQUITI GESTION,FONDATEUR(S),10-15 M€,MBO,10-15,,,,,,,,,,,,,
04 janv. 2024,APRIUM PHARMACIE (HEALTHY PHARMA),France |,Réseau de pharmacies indépendantes,32,2023.0,Santé,ARDIAN GROWTH,SAGARD,145 M€,LBO Primaire,nan,,,,,,,,,,,,,
04 janv. 2024,BAKKER LOGISTIEK,Pays-Bas |,Transport,150,2022.0,nan,GROUPE STEF,MANAGER(S),50-150 M€,M&A (Int'l),50-150,,,,,,,,,,,,,
04 janv. 2024,CORE DEVELOPPEMENT,France |,Groupe de rachat d'éditeurs de progiciels de gestion (ERP),9,2023.0,Logiciel et services informatiques,UI INVESTISSEMENT,EURO CAPITAL,10-15 M€,LBO Bis,n.d.,,,,,,,,,,,,,
04 janv. 2024,ELIXIR AIRCRAFT,France |,Constructeur d'avions biplaces de formation pour les pilotes de ligne,2,2023.0,Automobile,INNOVACOM,BUSINESS ANGEL(S),20-50 M€,2e tour,nan,,,,,,,,,,,,,
04 janv. 2024,ALTA CONCEPT,France |,Editeur/intégrateur d’un ERP spécifiquement conçu pour les métiers de l’agroalimentaire,3,2023.0,Logiciel et services informatiques,CORE DEVELOPPEMENT,FONDATEUR(S),0-20 M€,Build-up,n.d.,,,,,,,,,,,,,
04 janv. 2024,ML INTERIM,France |,Agence d'intérim,19,2023.0,Services & Conseil aux entreprises,DLSI,n.d.,0-20 M€,M&A Corporate,0-20,,,,,,,,,,,,,
03 janv. 2024,BEAUJOUR,France |,Thérapie par la lumière et le laser destinés au traitement de la peau,nan,nan,Santé,ELIGE CAPITAL,nan,n.d.,1er tour,n.d.,,,,,,,,,,,,,
03 janv. 2024,BRAINEET,France |,Éditeur de logiciels de gestion des portefeuilles d'innovation des entreprises et de partage d'idées interne aux grands groupes,nan,nan,Logiciel et services informatiques,ITONICS,ALTAVIA,0-20 M€,M&A (Int'l),n.d.,,,,,,,,,,,,,
03 janv. 2024,SYSTRAN,France |,Logiciels de traduction automatique,20,2023.0,Logiciel et services informatiques,CHAPSVISION,STIC INVESTMENTS,20-50 M€,Build-up,20-50,,,,,,,,,,,,,
03 janv. 2024,RESEAUX DE STATIONS-SERVICE DE TO...,Allemagne |,Réseaux de stations-service,nan,nan,nan,ALIMENTATION COUCHE-TARD,TOTAL ENERGIES (TOTALEN...,n.d.,M&A (Int'l),nan,,,,,,,,,,,,,
03 janv. 2024,ROCTOOL,France |,Technologies de moulage via chauffage par induction pour l’injection plastique et la compression de composites,9.40,2022.0,Produits & Services industriels,ENRX,nan,0-20 M€,Augmentation de capital,nan,,,,,,,,,,,,,
03 janv. 2024,MODERATO,France |,Vins bio sans alcool et réduits en alcool,nan,nan,nan,VIVADOUR,n.d.,0-20 M€,Minoritaire,0-5,,,,,,,,,,,,,
02 janv. 2024,MANDARINE GESTION,France |,Gestion de fonds actions et allocations d'actifs,23,2023.0,nan,GROUPE LFPI,MANAGER(S),50-150 M€,M&A Corporate,n.d.,,,,,,,,,,,,,
02 janv. 2024,AMPERSAND,Rwanda |,Fabricant de motos électriques,nan,nan,nan,ECOSYSTEM INTEGRITY FUN...,nan,n.d.,1er tour,nan,,,,,,,,,,,,,
02 janv. 2024,LIGHTONLINE (111),France |,Vente en ligne de luminaires design,13,2023.0,Textile,EGLO LEUCHTEN,KERIA,0-20 M€,M&A (Int'l),0-20,,,,,,,,,,,,,
02 janv. 2024,ISCOPE,France |,Logiciel de veille et d'analyse de l'information,nan,nan,Logiciel et services informatiques,KB CRAWL,n.d.,n.d.,M&A Corporate,n.d.,,,,,,,,,,,,,
02 janv. 2024,OAK RH (SENSE4DATA),France |,Outil qui accompagne les entreprises sur les problématiques de recrutement,nan,nan,Logiciel et services informatiques,nan,nan,n.d.,Amorçage (seed),nan,,,,,,,,,,,,,
02 janv. 2024,DUCASSE PARIS,France |,Restauration,80,2024.0,Tourisme,MIRABAUD GROUP,nan,n.d.,Augmentation de capital,nan,,,,,,,,,,,,,
02 janv. 2024,SPORTYNEO,France |,Fintech qui a pour objectif de venir en aide au Sport amateur et ses licenciés,nan,nan,Logiciel et services informatiques,GROUPAMA RHONE ALPES AU...,nan,n.d.,Amorçage (seed),nan,,,,,,,,,,,,,
02 janv. 2024,VANDINTER SEMO,Pays-Bas |,Sélection,19,2023.0,nan,TERRENA,n.d.,n.d.,M&A (Int'l),n.d.,,,,,,,,,,,,,
02 janv. 2024,DIESEL ENERGIE,France |,Services de diagnostic,2.20,2023.0,Produits & Services industriels,ATLANTIQUE RÉALISATION ...,MANAGER(S),0-20 M€,Build-up,0-20,,,,,,,,,,,,,
02 janv. 2024,INERTA,France |,Gestion des déchets amiantés,nan,nan,Environnement & CleanTechs,GROUPE HERVE,DOGE HOLDING,0-20 M€,M&A Corporate,0-20,,,,,,,,,,,,,
02 janv. 2024,ARCOM,France |,Menuiserie métallique et serrurerie (Arcom) et Services de sablage,nan,nan,Matières premières & industries de base (minerais,BAM GROUPE,ACTIONNAIRES FAMILIAUX,0-20 M€,M&A Corporate,0-20,,,,,,,,,,,,,
02 janv. 2024,FRAMATOME,France |,Concepteur et installateur de réacteurs,4 000,2023.0,nan,EDF,ASSYSTEM,>1000 M€,Minoritaire,n.d.,,,,,,,,,,,,,
02 janv. 2024,ACTIFS DE KERIA,France |,63 magasins et sites de vente en ligne de Keria en France,49,2023.0,Textile,EGLO LEUCHTEN,KERIA,0-20 M€,Retournement,0-20,,,,,,,,,,,,,
02 janv. 2024,WESUR,France |,Solution digitale qui permet de comparer,nan,nan,Internet & ecommerce,nan,nan,0-5 M€,Amorçage (seed),nan,,,,,,,,,,,,,
02 janv. 2024,ROUSSILHE,France |,Créateur,nan,nan,Services & Biens de consommation,OPAL DEMETZ,MANAGER(S),0-20 M€,Build-up,n.d.,,,,,,,,,,,,,
02 janv. 2024,FRIO GERMANY (EX DIWA-KLIMA),Allemagne |,Vente de caves à vin encastrables,nan,nan,Services & Biens de consommation,GROUPE FRIO (LA SOMMELI...,MANAGER(S),0-20 M€,Build-up international,0-20,,,,,,,,,,,,,
02 janv. 2024,CLOUDMADE,Royaume-Uni |,Développeur de solutions automobiles basées sur le big data et son cadre basé sur le cloud et alimenté par l'IA,nan,nan,Logiciel et services informatiques,STELLANTIS (EX PSA & FCA),n.d.,n.d.,M&A (Int'l),n.d.,,,,,,,,,,,,,
02 janv. 2024,S.T.L,France |,Transfert et levage industriels,nan,nan,Produits & Services industriels,GROUPE FOSELEV,n.d.,n.d.,M&A Corporate,n.d.,,,,,,,,,,,,,
02 janv. 2024,ALLO NEUILLY EXPRESS,France |,Service de messagerie express,0.40,2018.0,nan,RUSH TRANSPORTS,n.d.,n.d.,Retournement,n.d.,,,,,,,,,,,,,
02 janv. 2024,STEELGO,France |,Société spécialisé dans la charpenterie métallique,nan,nan,Matières premières & industries de base (minerais,GROUPE GIUDICELLI,OCEAN PARTICIPATIONS,n.d.,M&A Corporate,n.d.,,,,,,,,,,,,,
02 janv. 2024,ARROSAGE SYSTEM BY IDVERDE (EX AR...,France |,Installation de systèmes d'arrosage,5,2023.0,Environnement & CleanTechs,IDVERDE,FONDATEUR(S),0-20 M€,Build-up,0-20,,,,,,,,,,,,,
02 janv. 2024,SARL INTERCEPT TREGOR,France |,Bureau d'étude spécialisé dans les produits radiofréquences et les produits électroniques,nan,nan,Electronique & Informatique,AMG MICROWAVE,n.d.,0-5 M€,M&A Corporate,0-5,,,,,,,,,,,,,
02 janv. 2024,OMENA,France |,Éditeur d'une application d'accompagnement des femmes ménopausées,nan,nan,Internet & ecommerce,FAIR EQUITY,nan,0-20 M€,Amorçage (seed),nan,,,,,,,,,,,,,
02 janv. 2024,MAISON BLEUE,France |,Construction d’éléments préfabriqués en béton,30,2023.0,Immobilier & construction,ARKEA CAPITAL,OCEAN PARTICIPATIONS,20-50 M€,MBO Bis,n.d.,,,,,,,,,,,,,
02 janv. 2024,DENDREO,France |,Éditeur de logiciels de gestion pour organismes et centres de formation,5,2023.0,Logiciel et services informatiques,SEPTEO,FONDATEUR(S),0-20 M€,Build-up,n.d.,,,,,,,,,,,,,
02 janv. 2024,PRIMUS SOFT,France |,Logiciel vin,nan,nan,Logiciel et services informatiques,GROUPE DIMOOD (EX ISATECH),FONDATEUR(S),0-20 M€,M&A Corporate,0-20,,,,,,,,,,,,,
02 janv. 2024,CORRELL GROUP,Royaume-Uni |,Installation électrique active dans l'industrie offshore/onshore,nan,nan,Produits & Services industriels,SPIE OPERATIONS (GROUPE...,n.d.,n.d.,M&A (Int'l),n.d.,,,,,,,,,,,,,
02 janv. 2024,FLATLOOKER (VOIR MANDA),France |,Plateforme digitale de gestion de location d’appartements,nan,nan,Immobilier & construction,NAXICAP PARTNERS,PARTECH,n.d.,LBO Primaire,nan,,,,,,,,,,,,,
02 janv. 2024,ACCEVENE PLUS,France |,Agence d'hôtesses et d'hôtes de service d'accueil pour les événements,2,2023.0,Services & Conseil aux entreprises,DSD ORGANISATION,MANAGER(S),0-5 M€,M&A Corporate,0-5,,,,,,,,,,,,,
02 janv. 2024,STTO,France |,Transport routier de vrac et marchandises,nan,nan,nan,MAUFFREY,GROUPE PATOUX,n.d.,Build-up,n.d.,,,,,,,,,,,,,
02 janv. 2024,DMS,France |,Manutention logistique fluviale et ferroviaire,nan,nan,nan,MAUFFREY,GROUPE PATOUX,n.d.,Build-up,n.d.,,,,,,,,,,,,,
02 janv. 2024,ANIMAL FACTORY DISTRIBUTION,France |,Réseau de magasins dédiés à la nutrition animale pour animaux de compagnie et de la basse-cour (enseignes Animal Factory et Patoon),11.50,2023.0,nan,nan,PERSONNE(S) PHYSIQUE(S),0-20 M€,Reprise Management,0-20,,,,,,,,,,,,,
02 janv. 2024,SIELLO,France |,Éditeur d'un logiciel d'assistance pour les agents immobiliers indépendants,nan,nan,Logiciel et services informatiques,nan,nan,0-5 M€,Amorçage (seed),nan,,,,,,,,,,,,,
02 janv. 2024,RESIDIS,France |,Hébergement d'urgence (exploitation de résidences pour la mise à l’abri des personnes en précarité),nan,nan,Tourisme,METRIC CAPITAL PARTNERS,n.d.,n.d.,LBO Bis,nan,,,,,,,,,,,,,
02 janv. 2024,CAPOSUD,France |,Distributeur de fruits à Rungis,nan,nan,nan,KEELINGS,n.d.,0-20 M€,M&A (Int'l),0-20,,,,,,,,,,,,,
02 janv. 2024,TO DO TODAY,France |,Service de conciergerie pour les entreprises,n.d.,nan,Services & Conseil aux entreprises,TDS ENTREPRISE (EX EASY...,n.d.,n.d.,M&A Corporate,nan,,,,,,,,,,,,,
02 janv. 2024,SOGOFA,France |,Distributeur de produits destinés à l'alimentation d'animaux de compagnie et de ferme (marques Ownat et Perfect Dog),5.50,2023.0,nan,ANIMAL FACTORY DISTRIBU...,MANAGER(S),0-20 M€,M&A Corporate,0-20,,,,,,,,,,,,,
02 janv. 2024,RAY STUDIOS,France |,Détatouage laser,nan,nan,Santé,NICKLEBY CAPITAL,nan,15-20 M€,1er tour,nan,,,,,,,,,,,,,
02 janv. 2024,ZEFIR,France |,Site de ventes immobilières collaboratives,nan,nan,Immobilier & construction,ZIGG CAPITAL,nan,20-50 M€,3e tour,nan,,,,,,,,,,,,,
02 janv. 2024,UNTER ASSISTANCES,France |,Une société de convoyage de véhicules avec ou sans passager,nan,nan,Services & Biens de consommation,nan,CD FINANCES,n.d.,M&A Corporate,nan,,,,,,,,,,,,,
02 janv. 2024,PENTHIÈVRE COUVERTURE BARDAGE (PCB),France |,Habillage de façades de bâtiments,nan,nan,Immobilier & construction,SMAC,MANAGER(S),0-20 M€,Build-up,0-20,,,,,,,,,,,,,
02 janv. 2024,CPMC,France |,Fabrication de palettes et caisses en bois,nan,nan,Produits & Services industriels,EPALIA,MANAGER(S),0-5 M€,M&A Corporate,0-5,,,,,,,,,,,,,
18 févr. 2025,BORNTOSTANDOUT,Corée du Sud |,Marque coréenne de parfums de luxe,nan,nan,Textile,TOUCH CAPITAL,nan,n.d.,1er tour,n.d.,,,,,,,,,,,,,
18 févr. 2025,TISMAIL,France |,Fabricant français de chaussettes pour la grande distribution,6.30,2024.0,Textile,BOLDODUC,MANAGER(S),0-20 M€,M&A Corporate,0-20,,,,,,,,,,,,,
18 févr. 2025,ICN BUSINESS SCHOOL NANCY,France |,Ecole d'enseignement supérieur,32,2024.0,Services & Biens de consommation,GEDU GLOBAL EDUCATION,MANAGER(S),20-50 M€,M&A (Int'l),n.d.,,,,,,,,,,,,,
17 févr. 2025,ALTAPAY,Danemark |,Prestataire de services de paiement en Scandinavie,nan,nan,nan,MARKET PAY,FONDATEUR(S),n.d.,Build-up international,n.d.,,,,,,,,,,,,,
17 févr. 2025,CLARIANE,France |,Exploitant privé d'établissements médico-sociaux et sanitaires,nan,nan,Santé,nan,n.d.,n.d.,Refinancement,nan,,,,,,,,,,,,,
17 févr. 2025,STILLA TECHNOLOGIES,France |,Fabricant d'un système d’analyse génétique de précision pour la recherche et le diagnostic médical,nan,nan,nan,BIO-RAD,KURMA PARTNERS,214 M€,M&A (Int'l),nan,,,,,,,,,,,,,
17 févr. 2025,LA TABLE DE CHARLOTTE,France |,Traiteur haut-de-gamme,3.20,2025.0,Services & Conseil aux entreprises,FS & CO,FONDATEUR(S),4 M€,M&A Corporate,nan,,,,,,,,,,,,,
14 févr. 2025,INOE GROUPE,France |,Production de combustibles biomasse - bois énergie,7.53,2023.0,nan,MEANINGS CAPITAL PARTNERS,FONDATEUR(S),20-50 M€,Augmentation de capital,20-50,,,,,,,,,,,,,
13 févr. 2025,KOESIO,France |,ESN offrant des solutions d’impression,1 112,2024.0,Services & Conseil aux entreprises,SOCIETE GENERALE (FINAN...,n.d.,n.d.,Refinancement,nan,,,,,,,,,,,,,
13 févr. 2025,HELIAQ,France |,Accompagnement et services IT,nan,nan,Services & Conseil aux entreprises,FEDERATION FRANCAISE DE...,KOESIO,n.d.,M&A Corporate,n.d.,,,,,,,,,,,,,
13 févr. 2025,EXCELLENS FORMATION,France |,Organisme de formation au service des personnels des fonctions publiques,5,2024.0,Services & Biens de consommation,TAKOMA,FONDATEUR(S),0-20 M€,Build-up,0-20,,,,,,,,,,,,,
13 févr. 2025,MOBILEIT,France |,Éditeur d'applications d’identification et de traçabilité pour les secteurs du transport ou de la logistique (solution cloud KeepTracking),2.10,2024.0,Logiciel et services informatiques,SOLUTYS GROUP,FONDATEUR(S),0-20 M€,Build-up,0-20,,,,,,,,,,,,,
13 févr. 2025,M2I FORMATION,France |,Formation informatique et multimédia,56,2024.0,Services & Conseil aux entreprises,SKOLAE,PROLOGUE,49 M€,OPA,n.d.,,,,,,,,,,,,,
13 févr. 2025,UCASE CONSULTING,France |,ESN spécialisée dans la prestation de services de traitement,8,2024.0,Logiciel et services informatiques,HUMANSKILLS,FONDATEUR(S),5-10 M€,Build-up,5-10,,,,,,,,,,,,,
12 févr. 2025,PLANISENSE,France |,Logiciel de planification de la Supply Chain.,2,2024.0,Logiciel et services informatiques,FUTURMASTER,FONDATEUR(S),15-20 M€,Build-up,15-20,,,,,,,,,,,,,
12 févr. 2025,DIGIFOOD,France |,Éditeur de logiciels et fournisseur de caisses enregistreuses pour les manifestations sportives et parcs d'attraction,nan,nan,Logiciel et services informatiques,EVERFIELD SOFTWARE,FONDATEUR(S),0-20 M€,Build-up international,0-20,,,,,,,,,,,,,
12 févr. 2025,API (ALARMES PROTECTION INTRUSION),France |,Conception,nan,nan,Services & Conseil aux entreprises,BIO-TECH,MANAGER(S),0-5 M€,Build-up,0-5,,,,,,,,,,,,,
12 févr. 2025,VAN DER DRIFT,Pays-Bas |,Producteur de roses,4,2024.0,Environnement & CleanTechs,OSMAIA,MANAGER(S),0-5 M€,Build-up international,0-5,,,,,,,,,,,,,
12 févr. 2025,MTB 111,France |,Conseil en systèmes et logiciels informatique.,nan,nan,Logiciel et services informatiques,GROUPE CREATIVE (CREATI...,MANAGER(S),0-5 M€,Retournement,0-5,,,,,,,,,,,,,
11 févr. 2025,GERMITEC,France |,Créateur d'un dispositif de désinfection de dispositifs médicaux (dont sondes d’échographie) par rayonnement ultraviolet C (UVC),8,2024.0,Produits Pharmaceutiques & matériel médical,EURAZEO,nan,50-150 M€,Augmentation de capital,nan,,,,,,,,,,,,,
11 févr. 2025,ALCYON,France |,Société de conseil d'expertise comptable et de commissariat aux comptes,8,2024.0,Services & Conseil aux entreprises,ENDRIX,FONDATEUR(S),n.d.,Build-up,n.d.,,,,,,,,,,,,,
11 févr. 2025,ECLAIRION,France |,Centre de calcul dédié à l’hébergement de calculateurs haute densité au sein de modules containers,nan,nan,Electronique & Informatique,TIKEHAU CAPITAL,n.d.,n.d.,Financement,nan,,,,,,,,,,,,,
11 févr. 2025,MUGO,France |,Spécialiste de l'entretien des espaces verts,40,2024.0,Environnement & CleanTechs,OSMAIA,MANAGER(S),20-50 M€,Build-up,nan,,,,,,,,,,,,,
11 févr. 2025,GROUPE CLIMATER,France |,Génie climatique et électrique,nan,nan,Immobilier & construction,INTERMEDIATE CAPITAL GR...,COBEPA,750 M€,LBO V,n.d.,,,,,,,,,,,,,
10 févr. 2025,GROUPE JARNIAS,France |,Spécialiste des travaux en hauteur et d'accès difficile,60,2024.0,Immobilier & construction,nan,GARIBALDI PARTICIPATIONS,20-50 M€,Reprise Management,20-50,,,,,,,,,,,,,
10 févr. 2025,FOSROC,Émirats Arabes Unis |,Fabricant de solutions chimiques pour la construction.,467,2024.0,Produits & Services industriels,SAINT-GOBAIN,JMH FZCO,960 M€,M&A (Int'l),nan,,,,,,,,,,,,,
07 févr. 2025,PARTI PRIS,France |,Agence de communication événementielle spécialisée dans le luxe,20,2024.0,Média,AUDITOIRE,FONDATEUR(S),5-10 M€,Majoritaire,n.d.,,,,,,,,,,,,,
07 févr. 2025,LUZEVA,France |,Conception et fabrication de luminaires d’intérieur et d'abat-jours.,1.20,2024.0,Produits & Services industriels,ALUMINOR,MANAGER(S),0.12 M€,Retournement,0-5,,,,,,,,,,,,,
07 févr. 2025,UUDS CABIN,France |,Conception,28,2024.0,Automobile,UUDS AERO,SATYS,0-20 M€,M&A Corporate,n.d.,,,,,,,,,,,,,
07 févr. 2025,ASMODEE GROUP,France |,Édition et distribution de jeux et cartes.,1 300,2024.0,Tourisme,NASDAQ STOCKHOLM,EMBRACER GROUP,2 000 M€,IPO,n.d.,,,,,,,,,,,,,
06 févr. 2025,CHAMPICARDE,France |,Vente de champignons BIO en ligne,12,2024.0,nan,IRD INVEST,ACTIONNAIRES,0-20 M€,LBO Bis,0-20,,,,,,,,,,,,,
06 févr. 2025,5EME RUE,France |,Cabinet de conseil en stratégie digitale,3,2024.0,Services & Conseil aux entreprises,THE ARCANE,FONDATEUR(S),0-5 M€,Build-up,0-5,,,,,,,,,,,,,
06 févr. 2025,MAI GROUP,Espagne |,Gestion de système d'énergie électrique,20,2024.0,nan,RTE INTERNATIONAL,FAMILY OFFICES,n.d.,M&A (Int'l),n.d.,,,,,,,,,,,,,
05 févr. 2025,FTAPI,Allemagne |,Éditeur de solutions sécurisées d'échange de données sensibles à destination des entreprises des secteurs des services financiers,nan,nan,Logiciel et services informatiques,TIKEHAU CAPITAL,FONDATEUR(S),150-250 M€,Augmentation de capital,nan,,,,,,,,,,,,,
05 févr. 2025,DOLIST,France |,Éditeur d'un logiciel Saas de routage et de conception d'e-mail et de SMS sécurisés,6,2023.0,Logiciel et services informatiques,TOTAL SPECIFIC SOLUTION...,FONDATEUR(S),0-20 M€,M&A (Int'l),n.d.,,,,,,,,,,,,,
05 févr. 2025,ONCODIAG,France |,Développement de tests de diagnostic pour la détection précoce des cancers,nan,nan,Produits Pharmaceutiques & matériel médical,ANGELS SANTÉ,nan,9 M€,2e tour,nan,,,,,,,,,,,,,
05 févr. 2025,TOURNIAYRE,France |,Fabrication et conditionnement de cornets et biscuits pour glaces et de pâtes feuilletées sucrées et salées pour les professionnels,9,2024.0,nan,nan,MANAGER(S),0-20 M€,M&A Corporate,0-20,,,,,,,,,,,,,
04 févr. 2025,SIRIUS NEOSIGHT,France |,Spécialiste dans l'isolement de cellules tumorales circulantes (CTC) et le développement de tests fonctionnels de prédiction de réponse thérapeutique en oncologie,nan,nan,nan,GO CAPITAL,nan,0-20 M€,Amorçage (seed),nan,,,,,,,,,,,,,
04 févr. 2025,LYV HEALTHCARE,France |,Développement d’une application de prise en charge de l’endométriose,nan,nan,Logiciel et services informatiques,XANGE,nan,0-20 M€,Amorçage (seed),nan,,,,,,,,,,,,,
04 févr. 2025,AKERVA,France |,Sécurité des systèmes d'informations,5,2024.0,Logiciel et services informatiques,MAGELLAN PARTNERS,ORIANS,10-15 M€,Build-up,10-15,,,,,,,,,,,,,
04 févr. 2025,SOMNOO,Belgique |,Gestion d'hôtels.,100,2024.0,Tourisme,BPIFRANCE INVESTISSEMENT,nan,n.d.,Augmentation de capital,n.d.,,,,,,,,,,,,,
04 févr. 2025,ESKER,France |,Éditeur de logiciels de dématérialisation des documents en mode cloud,178.60,2023.0,Logiciel et services informatiques,BRIDGEPOINT,EURONEXT GROWTH (EX ALT...,1 621 M€,OPA,n.d.,,,,,,,,,,,,,
03 févr. 2025,RTMD,France |,Transport de marchandises,11,2024.0,nan,DUCOURNAU TRANSPORTS,MAUDUIT TRANSPORT HOLDI...,10-15 M€,M&A Corporate,10-15,,,,,,,,,,,,,
03 févr. 2025,NETQUEST,Espagne |,Solution logicielle pour la collecte de données dans les études de marché en ligne,25,2023.0,Logiciel et services informatiques,BILENDI (EX MAXIMILES),NIELSENIQ,20-50 M€,M&A Corporate,20-50,,,,,,,,,,,,,
03 févr. 2025,MYEQUILIBRIA,Italie |,Conception et commercialisation de produits et d'équipements de fitness en plein air,3,2024.0,Services & Biens de consommation,AGORA MAKERS,FONDATEUR(S),0-5 M€,Build-up international,0-5,,,,,,,,,,,,,
03 févr. 2025,AGAMA IQ-EQ,France |,Conformité réglementaire,nan,nan,Services & Conseil aux entreprises,IQ-EQ (EX SGG GROUP),FONDATEUR(S),n.d.,Build-up,n.d.,,,,,,,,,,,,,
03 févr. 2025,KPIWEB,France |,Exploitation des données issues de différents systèmes de production,0.50,2024.0,Logiciel et services informatiques,NG AUDIT,FONDATEUR(S),0-5 M€,M&A Corporate,n.d.,,,,,,,,,,,,,
31 janv. 2025,FARMITOO,France |,Agtech : place de marché d'équipements et pièces détachées agricoles,nan,nan,Internet & ecommerce,AGRYCO,FONDATEUR(S),0-20 M€,Retournement,0-20,,,,,,,,,,,,,
31 janv. 2025,PROJECT DELIVERY PARTNERS (PDP),Singapour |,Société de conseil dans les domaines du CQV (Commissioning,45,2024.0,Services & Conseil aux entreprises,EFOR GROUP,FONDATEUR(S),50-150 M€,Build-up international,50-150,,,,,,,,,,,,,
31 janv. 2025,SCOREPLAY,États-Unis |,Éditeur d'une solution de gestion de photos et vidéos alimentée par l’intelligence artificielle pour les clubs et fédérations sportives,nan,nan,Logiciel et services informatiques,20VC (TWENTY VC),nan,50-150 M€,2e tour,nan,,,,,,,,,,,,,
31 janv. 2025,CDS GROUPE,France |,Plateformes de réservation hôtelière dédiée aux voyages d’affaires,500,2024.0,Tourisme,IDI,IDI,250-500 M€,Sponsorless,50-150,,,,,,,,,,,,,
31 janv. 2025,ENTREPRISE REDONNAISE D'ELECTRICI...,France |,Concepteur et fabricant de postes transformateurs haute tension (HTA/BT),30,2024.0,Produits & Services industriels,LBO FRANCE,CAPELIA,30 M€,LBO Bis,n.d.,,,,,,,,,,,,,
31 janv. 2025,ARAGO (VOIR MSB AVOCATS),France |,Cabinet d'avocats,nan,nan,nan,MSB & ARAGO AVOCATS,MANAGER(S),0-20 M€,Fusion,0-20,,,,,,,,,,,,,
31 janv. 2025,JETPULP,France |,Agences de marketing numérique,nan,nan,Média,DATASOLUTION,ALTAVIA,0-20 M€,M&A Corporate,0-20,,,,,,,,,,,,,
31 janv. 2025,ZIQY,France |,Editeur de logiciels Saas permettant aux distributeurs et e-commerçant de lancer des services de location,nan,nan,Logiciel et services informatiques,PFSTECH,FONDATEUR(S),0-20 M€,Build-up international,0-20,,,,,,,,,,,,,
30 janv. 2025,ALVEST,France |,Production,900,2024.0,Produits & Services industriels,PAI PARTNERS,CAISSE DE DEPOT ET PLAC...,1 700 M€,LBO V,n.d.,,,,,,,,,,,,,
30 janv. 2025,GROUPEMENT LES MOUSQUETAIRES (DON...,France |,Groupement d'entreprises de distribution,nan,nan,nan,nan,n.d.,n.d.,Emission obligataire,nan,,,,,,,,,,,,,
30 janv. 2025,PORTEFEUILLE D'ANNE-CHARLOTTE THE...,France |,Conseil en stratégie patrimoniale,nan,nan,nan,PATRIMMOFI,n.d.,0-20 M€,Build-up,0-20,,,,,,,,,,,,,
30 janv. 2025,WELLNESS SPORT CLUB,France |,Salles de sport,30,2024.0,Tourisme,WATERLAND PRIVATE EQUITY,SPARRING OPPORTUNITIES,50-150 M€,MBO,20-50,,,,,,,,,,,,,
30 janv. 2025,ALIAS FINANCE,France |,Cabinet de gestion de patrimoine,nan,nan,nan,PATRIMMOFI,MANAGER(S),0-20 M€,Build-up,0-20,,,,,,,,,,,,,
30 janv. 2025,DIGITAL NATIVE GROUP,France |,Cabinet de conseil en stratégie et opérations pour le secteur consumer.,nan,nan,Services & Conseil aux entreprises,MBO+,ELEVEN STRATEGY,10-15 M€,MBO,n.d.,,,,,,,,,,,,,
30 janv. 2025,CARMAT,France |,Concepteur de cœurs artificiels,7,2024.0,Produits Pharmaceutiques & matériel médical,LOHAS,nan,20-50 M€,Augmentation de capital,nan,,,,,,,,,,,,,
30 janv. 2025,FAIENCERIE DE PORNIC,France |,Conception,3.60,2023.0,Services & Biens de consommation,MAT !,MANAGER(S),5-10 M€,M&A Corporate,5-10,,,,,,,,,,,,,
30 janv. 2025,E.C PATRIMOINE,France |,Cabinet de gestion de patrimoine,nan,nan,nan,PATRIMMOFI,MANAGER(S),0-20 M€,Build-up,0-20,,,,,,,,,,,,,
30 janv. 2025,E.C.G.P. (EXPERTISE & CONSEIL GES...,France |,Cabinet de gestion de patrimoine,nan,nan,nan,PATRIMMOFI,MANAGER(S),0-20 M€,Build-up,0-20,,,,,,,,,,,,,
30 janv. 2025,HELIA CONSEIL,France |,Conseil en structuration de dette,nan,nan,nan,CAISSE D'EPARGNE AQUITA...,n.d.,n.d.,M&A Corporate,n.d.,,,,,,,,,,,,,
30 janv. 2025,NETRI,France |,Biotech développant un dispositif visant à améliorer la recherche médicale,1.20,2024.0,nan,CLERY,nan,20-50 M€,2e tour,nan,,,,,,,,,,,,,
29 janv. 2025,ANYBUDDY,France |,Application de réservation de terrains de sports de raquette (court de tennis,1.40,2024.0,Internet & ecommerce,SEVENTURE PARTNERS,nan,5-10 M€,3e tour,nan,,,,,,,,,,,,,
29 janv. 2025,MIR (MEDICAL INTERNATIONAL RESEARCH),Italie |,Spiromètres et oxymètres portatifs,20,2024.0,Produits Pharmaceutiques & matériel médical,QUADRIVIO,AKSÌA GROUP,50-150 M€,LBO Bis,50-150,,,,,,,,,,,,,
29 janv. 2025,GROUPE HDV,France |,Constructions de maisons individuelles,80,2024.0,Immobilier & construction,HEXAOM,MANAGER(S),n.d.,M&A Corporate,n.d.,,,,,,,,,,,,,
29 janv. 2025,INVENTURA,Norvège |,Développement et amélioration des chaînes de valeur axées sur l'approvisionnement,16,2024.0,Services & Conseil aux entreprises,EPSA,n.d.,n.d.,Build-up international,n.d.,,,,,,,,,,,,,
28 janv. 2025,KLAXOON,France |,Éditeur d'une solution collaborative d'animation de réunions en entreprise,nan,nan,Logiciel et services informatiques,WRIKE,FONDATEUR(S),50-150 M€,Build-up international,nan,,,,,,,,,,,,,
28 janv. 2025,NOGENT***,France |,"Fabricant labellisé ""Entreprise du Patrimoine Vivant"" de couteaux de cuisine et couteaux de table",5,2024.0,Services & Biens de consommation,UI INVESTISSEMENT,ACTIONNAIRES HISTORIQUES,0-5 M€,MBI,n.d.,,,,,,,,,,,,,
28 janv. 2025,LES NOUVEAUX AFFINEURS,France |,Fromagers-affineurs développant des fromages végétaux,nan,nan,nan,JAY & JOY,FONDATEUR(S),0.30 M€,Retournement,nan,,,,,,,,,,,,,
28 janv. 2025,UTI GROUP,France |,ESN active auprès des grands comptes,21.18,2023.0,Logiciel et services informatiques,EEKEM GROUP,ACTIONNAIRES FAMILIAUX,0-20 M€,OPA,0-20,,,,,,,,,,,,,
27 janv. 2025,MACOCCO OUEST,France |,Façonnage et transformation du verre plat,8,2024.0,Produits & Services industriels,CEVINO GLASS,n.d.,0-20 M€,M&A Corporate,0-20,,,,,,,,,,,,,
27 janv. 2025,JAY & JOY,France |,Fabrication d'alternatives biologiques et végétaliennes au fromage,nan,nan,nan,HIGH FLYERS CAPITAL (HFC),nan,0-20 M€,1er tour,nan,,,,,,,,,,,,,
27 janv. 2025,THE KOOPLES,France |,Marque de vêtements et accessoires de luxe accessible pour femmes et hommes.,150,2024.0,Textile,VERDOSO INVESTMENTS SA,MAUS FRERES,n.d.,Retournement,n.d.,,,,,,,,,,,,,
27 janv. 2025,THE RAMP,France |,Éditeur d'un logiciel Saas de gestion de campagnes publicitaires ciblées en fonction de la géolocalisation,nan,nan,Logiciel et services informatiques,EUROPEAN DIGITAL GROUP ...,FONDATEUR(S),n.d.,Build-up,n.d.,,,,,,,,,,,,,
27 janv. 2025,TOUMAI,Maroc |,Suite d’outils d’intelligence artificielle permettant aux entreprises une meilleure compréhension de leurs clients et de personnaliser les interactions à grand échelle,nan,nan,Logiciel et services informatiques,ORANGE VENTURES,nan,0-5 M€,Amorçage (seed),nan,,,,,,,,,,,,,
02 janv. 2024,CAPOSUD,France |,Distributeur de fruits à Rungis,nan,nan,nan,KEELINGS,n.d.,0-20 M€,M&A (Int'l),0-20,,,,,,,,,,,,,
02 janv. 2024,ECRANS DU MONDE,France |,Production audiovisuelle,1.80,2023.0,Média,GROUPE SUD-OUEST,n.d.,15-20 M€,M&A Corporate,nan,,,,,,,,,,,,,
02 janv. 2024,SIELLO,France |,Éditeur d'un logiciel d'assistance pour les agents immobiliers indépendants,nan,nan,Logiciel et services informatiques,nan,nan,0-5 M€,Amorçage (seed),nan,,,,,,,,,,,,,
02 janv. 2024,DENDREO,France |,Éditeur de logiciels de gestion pour organismes et centres de formation,5,2023.0,Logiciel et services informatiques,SEPTEO,FONDATEUR(S),0-20 M€,Build-up,n.d.,,,,,,,,,,,,,
02 janv. 2024,MAISON BLEUE,France |,Construction d’éléments préfabriqués en béton,30,2023.0,Immobilier & construction,ARKEA CAPITAL,OCEAN PARTICIPATIONS,20-50 M€,MBO Bis,n.d.,,,,,,,,,,,,,
02 janv. 2024,RESIDIS,France |,Hébergement d'urgence (exploitation de résidences pour la mise à l’abri des personnes en précarité),nan,nan,Tourisme,METRIC CAPITAL PARTNERS,n.d.,n.d.,LBO Bis,nan,,,,,,,,,,,,,
02 janv. 2024,TO DO TODAY,France |,Service de conciergerie pour les entreprises,n.d.,nan,Services & Conseil aux entreprises,TDS ENTREPRISE (EX EASY...,n.d.,n.d.,M&A Corporate,nan,,,,,,,,,,,,,
02 janv. 2024,CORRELL GROUP,Royaume-Uni |,Installation électrique active dans l'industrie offshore/onshore,nan,nan,Produits & Services industriels,SPIE OPERATIONS (GROUPE...,n.d.,n.d.,M&A (Int'l),n.d.,,,,,,,,,,,,,
02 janv. 2024,ACCEVENE PLUS,France |,Agence d'hôtesses et d'hôtes de service d'accueil pour les événements,2,2023.0,Services & Conseil aux entreprises,DSD ORGANISATION,MANAGER(S),0-5 M€,M&A Corporate,0-5,,,,,,,,,,,,,
02 janv. 2024,PRIMUS SOFT,France |,Logiciel vin,nan,nan,Logiciel et services informatiques,GROUPE DIMOOD (EX ISATECH),FONDATEUR(S),0-20 M€,M&A Corporate,0-20,,,,,,,,,,,,,
02 janv. 2024,FLATLOOKER (VOIR MANDA),France |,Plateforme digitale de gestion de location d’appartements,nan,nan,Immobilier & construction,NAXICAP PARTNERS,PARTECH,n.d.,LBO Primaire,nan,,,,,,,,,,,,,
02 janv. 2024,ANIMAL FACTORY DISTRIBUTION,France |,Réseau de magasins dédiés à la nutrition animale pour animaux de compagnie et de la basse-cour (enseignes Animal Factory et Patoon),11.50,2023.0,nan,nan,PERSONNE(S) PHYSIQUE(S),0-20 M€,Reprise Management,0-20,,,,,,,,,,,,,
02 janv. 2024,PENTHIÈVRE COUVERTURE BARDAGE (PCB),France |,Habillage de façades de bâtiments,nan,nan,Immobilier & construction,SMAC,MANAGER(S),0-20 M€,Build-up,0-20,,,,,,,,,,,,,
02 janv. 2024,DMS,France |,Manutention logistique fluviale et ferroviaire,nan,nan,nan,MAUFFREY,GROUPE PATOUX,n.d.,Build-up,n.d.,,,,,,,,,,,,,
02 janv. 2024,SOGOFA,France |,Distributeur de produits destinés à l'alimentation d'animaux de compagnie et de ferme (marques Ownat et Perfect Dog),5.50,2023.0,nan,ANIMAL FACTORY DISTRIBU...,MANAGER(S),0-20 M€,M&A Corporate,0-20,,,,,,,,,,,,,
02 janv. 2024,STTO,France |,Transport routier de vrac et marchandises,nan,nan,nan,MAUFFREY,GROUPE PATOUX,n.d.,Build-up,n.d.,,,,,,,,,,,,,
02 janv. 2024,ZEFIR,France |,Site de ventes immobilières collaboratives,nan,nan,Immobilier & construction,ZIGG CAPITAL,nan,20-50 M€,3e tour,nan,,,,,,,,,,,,,
02 janv. 2024,RAY STUDIOS,France |,Détatouage laser,nan,nan,Santé,NICKLEBY CAPITAL,nan,15-20 M€,1er tour,nan,,,,,,,,,,,,,
02 janv. 2024,LIMO+,Royaume-Uni |,Chauffeurs haut de gamme,nan,nan,nan,CHABÉ (EX CHABÉ LIMOUSI...,n.d.,0-20 M€,Build-up international,0-20,,,,,,,,,,,,,
02 janv. 2024,CPMC,France |,Fabrication de palettes et caisses en bois,nan,nan,Produits & Services industriels,EPALIA,MANAGER(S),0-5 M€,M&A Corporate,0-5,,,,,,,,,,,,,
02 janv. 2024,UNTER ASSISTANCES,France |,Une société de convoyage de véhicules avec ou sans passager,nan,nan,Services & Biens de consommation,nan,CD FINANCES,n.d.,M&A Corporate,nan,,,,,,,,,,,,,
01 janv. 2024,O2 VICHY,France |,Services à la personne,nan,nan,Services & Biens de consommation,OUI CARE,n.d.,n.d.,Build-up,n.d.,,,,,,,,,,,,,
01 janv. 2024,ALB SAP PLAISIR (APEF SERVICES),France |,Services à la personne,nan,nan,Services & Biens de consommation,OUI CARE,n.d.,n.d.,Build-up,n.d.,,,,,,,,,,,,,
01 janv. 2024,CLINIQUE VÉTÉRINAIRE DE L'ESCAILLON,France |,Clinique vétérinaire,nan,nan,Santé,MON VETO,MANAGER(S),0-5 M€,Build-up,n.d.,,,,,,,,,,,,,
01 janv. 2024,ADAMANTE,France |,Cabinet de conseil en Propriété Intellectuelle,nan,nan,Services & Conseil aux entreprises,BRINGER IP,FONDATEUR(S),n.d.,M&A Corporate,n.d.,,,,,,,,,,,,,
31 déc. 2023,LISI GROUP,France |,Fixation et composants d'assemblage,1 420,2022.0,Produits & Services industriels,nan,PEUGEOT INVEST (EX FFP),n.d.,Cession de titres,nan,,,,,,,,,,,,,
31 déc. 2023,CONSEQUENCE,Royaume-Uni |,Développement d’outils d’intelligence artificielle permettant de massifier le calcul et le traitement des données carbone,nan,nan,Logiciel et services informatiques,SWEEP,FONDATEUR(S),n.d.,M&A (Int'l),n.d.,,,,,,,,,,,,,
31 déc. 2023,JABI,France |,Développement d'une application de communication et gestion pour les résidences hébergeant les seniors,nan,nan,Logiciel et services informatiques,nan,nan,0-5 M€,1er tour,nan,,,,,,,,,,,,,
30 déc. 2023,DIGIPHARMACIE,France |,Logiciel Saas de gestion de la facturation des pharmacies,nan,nan,Logiciel et services informatiques,EQUASENS,FONDATEUR(S),n.d.,Majoritaire,0-20,,,,,,,,,,,,,
30 déc. 2023,GEOPIXEL,France |,Logiciel de topographie,1.50,2023.0,Logiciel et services informatiques,SOGELINK,n.d.,n.d.,Build-up,n.d.,,,,,,,,,,,,,
30 déc. 2023,ELAIS ORIUM (EX ELAIS CAPITAL - V...,France |,Société de gestion small cap,nan,nan,nan,DEALBYDEAL INVEST,FONDATEUR(S),0-5 M€,Fusion,n.d.,,,,,,,,,,,,,
30 déc. 2023,DOUBLERAINBOW,États-Unis |,Gamme de produits de consommation et industriels à base d'ingrédients naturels,nan,nan,Services & Biens de consommation,LESAFFRE,MANAGER(S),n.d.,M&A (Int'l),n.d.,,,,,,,,,,,,,
30 déc. 2023,LE VAL D'EVRE : LA MANUFACTURE FO...,France |,Traiteur,7.20,2022.0,nan,FOODLES (LA BOÎTE À ENCAS),FONDATEUR(S),5-10 M€,M&A Corporate,5-10,,,,,,,,,,,,,
30 déc. 2023,ESHANGE (ESHANGE MAROQUINERIE USI...,France |,Centre de formation spécialisé dans le métier d'ouvrier maroquinier pour les Grandes Maisons de Maroquinerie.,nan,nan,Services & Biens de consommation,GROUPE RIOLAND (MAROQUI...,FONDATEUR(S),0-5 M€,M&A Corporate,n.d.,,,,,,,,,,,,,
29 déc. 2023,CITWELL,France |,Cabinet de conseil en transformation opérationnelle de la supply chain,21,2023.0,Services & Conseil aux entreprises,KRESK DEVELOPPEMENT,FONDATEUR(S),20-50 M€,MBO,n.d.,,,,,,,,,,,,,
29 déc. 2023,WISE TRAIL RUNNING,France |,Marchand en ligne et concepteur de vêtements et d'équipements éco-responsables pour le trail et l'ultra-trail,0.40,2023.0,Textile,SAVOIE MONT BLANC ANGEL...,nan,0-5 M€,Amorçage (seed),nan,,,,,,,,,,,,,
29 déc. 2023,VSP-LOGELY,France |,Hébergements d'urgence (Logely) et agence pour les séjours de loisirs et d’affaires opérant une plateforme de réservation hôtelière (Voyages Services Plus),66,2023.0,Tourisme,RESIDIS,ACTIONNAIRES FAMILIAUX,20-50 M€,Build-up,n.d.,,,,,,,,,,,,,
29 déc. 2023,SYNALP,France |,Conseil en gestion de patrimoine,nan,nan,nan,CAPITAL CROISSANCE,FONDATEUR(S),20-50 M€,OBO,n.d.,,,,,,,,,,,,,
29 déc. 2023,GORE BATIMENT SERVICES,France |,Négoce matériaux de construction,nan,nan,Immobilier & construction,BIGMAT FRANCE,n.d.,0-5 M€,M&A Corporate,0-5,,,,,,,,,,,,,
29 déc. 2023,DIVISION SAFESWIM DE LA SOCIÉTÉ S...,France |,Division Safeswim de la société Soprefa.,nan,nan,Produits & Services industriels,NEXTPOOL GROUP,SOPREFA,n.d.,Build-up,n.d.,,,,,,,,,,,,,
29 déc. 2023,EINWERT,Allemagne |,Plateforme d'évaluation et d'agrégation de toutes les datas du marché immobilier.,nan,nan,Logiciel et services informatiques,VENTECH,nan,0-20 M€,Amorçage (seed),n.d.,,,,,,,,,,,,,
29 déc. 2023,GROUPE FACTORIA (DONT SOCIÉTÉ MAR...,France |,Impression,210,2023.0,Services & Conseil aux entreprises,BPIFRANCE INVESTISSEMENT,nan,n.d.,Augmentation de capital,nan,,,,,,,,,,,,,
29 déc. 2023,SOPREFA,Portugal |,Conception,4.50,2023.0,Produits & Services industriels,CJ PLAST,n.d.,n.d.,Build-up international,n.d.,,,,,,,,,,,,,
29 déc. 2023,MAGDALEON,France |,Groupement de pharmacies d’officines,250,2023.0,Produits Pharmaceutiques & matériel médical,GROUPE LAF SANTE (HYGIE31),FONDATEUR(S),n.d.,Build-up,n.d.,,,,,,,,,,,,,
29 déc. 2023,TWIN LABS,France |,Éditeur d'un système d'IA automatisant les manipulations répétitives des salariés d'entreprise sur ordinateur,nan,nan,Logiciel et services informatiques,BETAWORKS,nan,10-15 M€,Amorçage (seed),nan,,,,,,,,,,,,,
29 déc. 2023,CLOSER CONSULTING,Portugal |,Data science,15,2023.0,Logiciel et services informatiques,SMART4 ENGINEERING,FONDATEUR(S),0-20 M€,Build-up international,0-20,,,,,,,,,,,,,
29 déc. 2023,SQUADRA- PRESTIGE,France |,Concessionnaire 2 roues,6.80,2023.0,nan,nan,MANAGER(S),n.d.,M&A Corporate,n.d.,,,,,,,,,,,,,
29 déc. 2023,PROLONG,France |,Édition logiciel de gestion de l'entretien et de la réparation d'objets,nan,nan,Logiciel et services informatiques,IMAGINATION MACHINE,nan,0-5 M€,Amorçage (seed),nan,,,,,,,,,,,,,
29 déc. 2023,ATELIER ATHEM,France |,Conception et installation d’habillage de façades d’immeuble,70,2023.0,Média,THE INDEPENDENTS,MANAGER(S),50-150 M€,Build-up,50-150,,,,,,,,,,,,,
29 déc. 2023,KING JOUET,France |,Magasins de jouets,400,2023.0,nan,GARIBALDI PARTICIPATIONS,PRG RETAIL GROUP,100 M€,LBO Primaire,n.d.,,,,,,,,,,,,,
29 déc. 2023,NIAGARA TECH,France |,Éditeur d'un logiciel d'automatisation de la production industrielle pour les industriels,nan,nan,Logiciel et services informatiques,VITESSE AUTOMATION (EX-...,FONDATEUR(S),0-20 M€,M&A Corporate,n.d.,,,,,,,,,,,,,
29 déc. 2023,PRIMER IMPACTO,Espagne |,Mise en place de solutions pour augmenter les ventes des marques sur le point de vente,nan,nan,Média,GLOBE GROUPE,n.d.,n.d.,Build-up international,n.d.,,,,,,,,,,,,,
29 déc. 2023,LIBU,France |,Déploiement de systèmes d’éclairage biomimétiques (reproduisant la lumière du jour) pour veiller à la qualité de vie au travail,0.60,2024.0,Produits & Services industriels,3A VENTURE,nan,0-20 M€,1er tour,nan,,,,,,,,,,,,,
29 déc. 2023,ABRAXIO,France |,Éditeur d'un logiciel collaboratif de pilotage pour les directions des services informatiques des PME-ETI et institutions publiques (budget,nan,nan,Logiciel et services informatiques,EVOLEM,nan,8.50 M€,1er tour,nan,,,,,,,,,,,,,
29 déc. 2023,LES 3 COLONNES DU MAINTIEN AU DOM...,France |,Coopérative proposant une solution de viagers mutualisés accompagnée de services pour le maintien à domicile des personnes âgées,nan,nan,nan,nan,nan,n.d.,Augmentation de capital,nan,,,,,,,,,,,,,
29 déc. 2023,MELIAE CONSULTING,France |,Conseil en opérations industrielles,nan,nan,Services & Conseil aux entreprises,CITWELL,MANAGER(S),n.d.,Build-up,n.d.,,,,,,,,,,,,,
29 déc. 2023,VETOAVENUE (VETFRIENDLY),France |,Plateforme de click & collect pour les vétérinaires,20,2023.0,Santé,VETAPHARMA,FONDATEUR(S),n.d.,M&A Corporate,n.d.,,,,,,,,,,,,,
29 déc. 2023,AGRI TUBE EXTRUSION (A.T.E. DRAIN...,France |,Conception et fabrication de solutions en matières plastiques pour la gestion de gestion des fluides (drainage,nan,nan,Produits & Services industriels,FITT,FONDATEUR(S),0-20 M€,Build-up international,0-20,,,,,,,,,,,,,
29 déc. 2023,CONNECT TELERADIOLOGIE,France |,Radiologie,33,2023.0,Santé,IMADIS (VOIR IMADIS GRO...,MANAGER(S),n.d.,M&A Corporate,n.d.,,,,,,,,,,,,,
29 déc. 2023,20 SUR VIN,France |,Vente en ligne de vins et spiritueux,nan,nan,Internet & ecommerce,FINANCIERE PHENIX,n.d.,0-20 M€,Majoritaire,0-5,,,,,,,,,,,,,
29 déc. 2023,OXFORD BIOMEDICA,Royaume-Uni |,Groupe de thérapie génique et cellulaire,nan,nan,nan,INSTITUT MERIEUX,n.d.,n.d.,M&A (Int'l),20-50,,,,,,,,,,,,,
29 déc. 2023,PAMS,France |,Fonds de fonds,nan,nan,nan,H8 COLLECTION,MANAGER(S),0-20 M€,Build-up,0-20,,,,,,,,,,,,,
29 déc. 2023,GUIDED ENERGY (VOLTIFY),France |,Logiciel d'optimisation de gestion des flottes de véhicules électriques,nan,nan,Logiciel et services informatiques,SEQUOIA CAPITAL,nan,n.d.,Amorçage (seed),nan,,,,,,,,,,,,,
29 déc. 2023,EBEN HOME,France |,Plateforme de gestion de projet et achat de mobilier pour les architectes d'intérieur,nan,nan,Internet & ecommerce,CLINT CAPITAL,nan,0-5 M€,Amorçage (seed),nan,,,,,,,,,,,,,
29 déc. 2023,CIRCULAR PLACE,France |,Plateforme de réemploi,0.11,2023.0,Logiciel et services informatiques,ATICCO VENTURES,nan,5-10 M€,1er tour,nan,,,,,,,,,,,,,
29 déc. 2023,WINERIZ,France |,Logiciel tout-en-un de gestion commerciale pour les vignerons,nan,nan,Logiciel et services informatiques,SIDE CAPITAL,nan,0-20 M€,Amorçage (seed),nan,,,,,,,,,,,,,
29 déc. 2023,DELTABLOCK,France |,Fintech spécialisée dans les marchés de capitaux,nan,nan,nan,BLAST.CLUB (BLAST CLUB),nan,5-10 M€,Amorçage (seed),nan,,,,,,,,,,,,,
29 déc. 2023,FEELBAT,France |,Concepteur de capteurs de suivi des fissures,0.70,2023.0,Electronique & Informatique,APICAP,nan,0-20 M€,Amorçage (seed),nan,,,,,,,,,,,,,
28 déc. 2023,CAPITAL BANKING SOLUTIONS (CBS),France |,Éditeur de solutions logicielles bancaires intégrées,30,2022.0,Logiciel et services informatiques,AMETHIS,BANK AUDI,20-50 M€,LBO Primaire,n.d.,,,,,,,,,,,,,
28 déc. 2023,EDIXIA AUTOMATION,France |,Solutions de détection des défauts de surface par vision artificielle,2.60,2022.0,Produits & Services industriels,TESTIA,INVESTISSEURS INDIVIDUELS,0-5 M€,Retournement,n.d.,,,,,,,,,,,,,
28 déc. 2023,VALOTEL,France |,Groupe hôtelier familial (10 hôtels,29,2023.0,Immobilier & construction,BPIFRANCE FINANCEMENT,n.d.,0-20 M€,Financement,nan,,,,,,,,,,,,,
28 déc. 2023,OVERSEED,France |,Producteur de cannabis thérapeutique et fabrication de produits pharmaceutiques à base de cette plante (notamment huile par voie d'administration sous-linguale),nan,nan,Produits Pharmaceutiques & matériel médical,nan,nan,0-20 M€,Bridge,nan,,,,,,,,,,,,,
28 déc. 2023,KLARK,France |,Édition d'un outil d'IA générative plug&play pour les services clients des marchands en ligne ou des commerçants présents sur places de marché,nan,nan,Logiciel et services informatiques,KIMA VENTURES,nan,0-20 M€,Amorçage (seed),nan,,,,,,,,,,,,,
28 déc. 2023,MAO BOA,France |,Outil collaboratif pour accélérer la transformation sociale et environnementale des entreprises,nan,nan,Internet & ecommerce,YPIK (YOUR PARTNER IS K...,nan,0-5 M€,Amorçage (seed),nan,,,,,,,,,,,,,
28 déc. 2023,ACTIVITE D’EXPLOITATION DU POLE L...,France |,29 résidences de la marque Senioriales 22 résidences sont ouvertes et 7 sont en cours de construction.,nan,nan,Immobilier & construction,ACAPACE,PIERRE & VACANCES CENTE...,n.d.,M&A Corporate,n.d.,,,,,,,,,,,,,
27 déc. 2023,ALOGIA,France |,Habitat en faveur de l'autonomie des personnes âgées,nan,nan,Services & Conseil aux entreprises,BANQUE DES TERRITOIRES,nan,0-20 M€,Augmentation de capital,nan,,,,,,,,,,,,,
27 déc. 2023,JARVIS,France |,Solution de gestion des cabinets d'avocats,nan,nan,Logiciel et services informatiques,LEXISNEXIS,FONDATEUR(S),n.d.,M&A (Int'l),n.d.,,,,,,,,,,,,,
27 déc. 2023,SCALINX,France |,Circuits intégrés pour la conversion analogique-numérique et numérique-analogique,nan,nan,Electronique & Informatique,BPIFRANCE INVESTISSEMENT,nan,20-50 M€,2e tour,nan,,,,,,,,,,,,,
27 déc. 2023,CHAINTRUST,France |,Solution logicielle automatisant les saisies comptables,2.90,2023.0,Logiciel et services informatiques,VISMA,MANAGER(S),20-50 M€,Build-up international,20-50,,,,,,,,,,,,,
27 déc. 2023,CAYOLA GROUPE,France |,Média dédié aux acteurs de l'environnement et de la construction,6,2023.0,Média,ARKANUM PARTNERS,MANAGER(S),0-20 M€,MBI,0-20,,,,,,,,,,,,,
27 déc. 2023,CIRCLE SAFE,France |,Dispositif médical de prévention des risques dans la chirurgie cardiaque,nan,nan,Produits Pharmaceutiques & matériel médical,BPIFRANCE INVESTISSEMENT,nan,0-5 M€,Amorçage (seed),nan,,,,,,,,,,,,,
27 déc. 2023,ABILWAYS,France |,Formation professionnelle et continue,nan,nan,Services & Biens de consommation,SKOLAE,CREADEV,n.d.,M&A Corporate,n.d.,,,,,,,,,,,,,
27 déc. 2023,LIZY,Belgique |,Location de véhicules d'occasion en ligne,nan,nan,Internet & ecommerce,ALYCHLO,nan,20-50 M€,3e tour,nan,,,,,,,,,,,,,
27 déc. 2023,TRYON ENVIRONNEMENT,France |,Développeur et exploitant de mini-méthaniseurs valorisant les biodéchets alimentaires,nan,nan,Environnement & CleanTechs,EREN GROUPE,SWEN CAPITAL PARTNERS,15-20 M€,1er tour,nan,,,,,,,,,,,,,
27 déc. 2023,CLINIQUE DES ORMEAUX,France |,Établissement de santé,nan,nan,Santé,GENERATION SAINT HILAIRE,n.d.,n.d.,M&A Corporate,n.d.,,,,,,,,,,,,,
26 déc. 2023,NEWEXT RH,France |,Conseil SIRH et digitalisation des processus RH,6.30,2023.0,Logiciel et services informatiques,FORTIFY,FONDATEUR(S),0-20 M€,Build-up,n.d.,,,,,,,,,,,,,
26 déc. 2023,AQEMIA,France |,"Solution technologique de recherche de nouvelles molécules ""candidats-médicaments"" pour l'industrie pharmaceutique",nan,nan,nan,WENDEL,nan,n.d.,2e tour,nan,,,,,,,,,,,,,
26 déc. 2023,LABORATOIRE BENEWMEDICAL,France |,Distributeur de produits médicaux et de dispositifs chirurgicaux,7.30,2023.0,Produits Pharmaceutiques & matériel médical,AXIO CAPITAL,FONDATEUR(S),0-20 M€,MBO,0-20,,,,,,,,,,,,,
26 déc. 2023,PVP LABORATOIRES SEBBIN,France |,Fabrication de dispositifs médicaux et d'implants  pour  la  chirurgie  esthétique  et  reconstructrice,20,2023.0,Produits Pharmaceutiques & matériel médical,SYMATESE GROUP,ALTUR INVESTISSEMENT,n.d.,Retournement,n.d.,,,,,,,,,,,,,
26 déc. 2023,BIOGY,France |,Valorisation des co-produits agricoles et agro-alimentaires,nan,nan,Environnement & CleanTechs,EVERGAZ,FONDATEUR(S),n.d.,Build-up,n.d.,,,,,,,,,,,,,
26 déc. 2023,NABLA,France |,Éditeur de Nabla Copilot,nan,nan,Logiciel et services informatiques,CATHAY INNOVATION,nan,162 M€,2e tour,nan,,,,,,,,,,,,,
26 déc. 2023,GENICADO,France |,Goodies publicitaires et personnalisables (cadeaux promotionnels et vêtements personnalisés),18,2023.0,Média,BNP PARIBAS DEVELOPPEMENT,MANAGER(S),0-20 M€,OBO,n.d.,,,,,,,,,,,,,
26 déc. 2023,LMS FACTORY,France |,Solution de gestion de l'apprentissage sur mesure,nan,nan,Internet & ecommerce,KOSMOS,FONDATEUR(S),0-20 M€,M&A Corporate,0-20,,,,,,,,,,,,,
26 déc. 2023,KALIOP GROUP,France |,Applications web autour de CMS et de frameworks open source,nan,nan,Logiciel et services informatiques,GALIA GESTION,BNP PARIBAS DEVELOPPEMENT,10-15 M€,LBO Primaire,n.d.,,,,,,,,,,,,,
26 déc. 2023,CIRCOULEUR,France |,Recyclage et remanufacturage des peintures par un travail de chimie de formulation,0.40,2023.0,Produits & Services industriels,UNIKALO,FONDATEUR(S),0-5 M€,Retournement,0-5,,,,,,,,,,,,,
26 déc. 2023,OCO TECHNICAL,Belgique |,Spécialiste des travaux d'accès difficile et en espaces confinés,nan,nan,Produits & Services industriels,GROUPE NA (EX NA INVEST...,FONDATEUR(S),0-20 M€,Build-up international,n.d.,,,,,,,,,,,,,
26 déc. 2023,LIFEBEE (LIFE BEE),Italie |,Numérisation des entreprises des sciences de la vie.,nan,nan,Services & Conseil aux entreprises,PRODUCTLIFE CONSULTING ...,FONDATEUR(S),20-50 M€,Build-up international,20-50,,,,,,,,,,,,,
26 déc. 2023,CERES BRAIN THERAPEUTICS,France |,Développement de traitements de pointe pour les maladies neurologiques,nan,nan,nan,nan,nan,0-20 M€,Amorçage (seed),nan,,,,,,,,,,,,,
26 déc. 2023,BIOTROP,Brésil |,Solutions biologiques pour l’agriculture,125,2023.0,nan,BIOFIRST (EX BIOBEST),AQUA CAPITAL,532 M€,M&A (Int'l),n.d.,,,,,,,,,,,,,
26 déc. 2023,CAMILLE FOURNET,France |,Maroquinerie de haute qualité,40,2023.0,Textile,CREDIT MUTUEL EQUITY,PICARDIE INVESTISSEMENT,n.d.,Augmentation de capital,n.d.,,,,,,,,,,,,,
26 déc. 2023,OTTA,Royaume-Uni |,Média et éditeur de logiciels spécialisé dans le recrutement développant un algorithme de job matching,nan,nan,Média,CORUSCANT (WELCOME TO T...,TIGER GLOBAL MANAGEMENT,0-20 M€,M&A (Int'l),0-20,,,,,,,,,,,,,
26 déc. 2023,CABINET LECAM,France |,Courtier en assurance responsabilité civile des commerçants non-sédentaires.,0.80,2023.0,nan,GROUPE LEADER INSURANCE,FONDATEUR(S),n.d.,Build-up,n.d.,,,,,,,,,,,,,
26 déc. 2023,BIOFIRST (EX BIOBEST),Belgique |,Solutions naturelles de pollinisation et de protection des cultures,323,2022.0,nan,SOFINA,nan,1 500 M€,Augmentation de capital,nan,,,,,,,,,,,,,
26 déc. 2023,RESEAU C&S,France |,Formation professionnelle (City'Pro) et auto-écoles (City’Zen),26,2023.0,Services & Biens de consommation,GALIA GESTION,EXPANSO CAPITAL,20-50 M€,OBO,nan,,,,,,,,,,,,,
26 déc. 2023,TIAMAT,France |,Batteries utilisant des ions sodium,nan,nan,nan,STELLANTIS VENTURES,nan,n.d.,3e tour,nan,,,,,,,,,,,,,
26 déc. 2023,BCC VITA,Italie |,Compagnie d'assurance-vie,nan,nan,nan,BNP PARIBAS CARDIF,GROUPE BCC ICCREA,n.d.,M&A (Int'l),n.d.,,,,,,,,,,,,,
26 déc. 2023,HYLIGHT,France |,Conception de drones dirigeables à hydrogène dédiés à l’inspection d’infrastructures énergétiques,nan,nan,Automobile,Y COMBINATOR,nan,0-20 M€,Amorçage (seed),0-5,,,,,,,,,,,,,
26 déc. 2023,INODESIGN,France |,Conception,8,2023.0,Electronique & Informatique,IRD INVEST,nan,0-20 M€,Augmentation de capital,nan,,,,,,,,,,,,,
26 déc. 2023,LEONARDO.AI,Australie |,Éditeur d'un logiciel de génération de contenus graphiques basé sur l'intelligence artificielle,1 848,2023.0,Logiciel et services informatiques,SIDE STAGE VENTURES,nan,n.d.,Augmentation de capital,nan,,,,,,,,,,,,,
26 déc. 2023,STARFISH BIOSCIENCE,France |,Développement de solutions microbiologiques pour l'agriculture et la viticulture,nan,nan,nan,SEVENTURE PARTNERS,nan,3.80 M€,Amorçage (seed),nan,,,,,,,,,,,,,
26 déc. 2023,DECOTEC,France |,Conception,26.10,2022.0,Services & Biens de consommation,nan,n.d.,n.d.,Financement,n.d.,,,,,,,,,,,,,
26 déc. 2023,BSSI CONSEILS,France |,Ingénierie thermique et énergétique,3,2023.0,Services & Conseil aux entreprises,SOCOTEC,MANAGER(S),0-20 M€,Build-up,n.d.,,,,,,,,,,,,,
26 déc. 2023,BESSET,France |,Mise en service et maintenance de bus électriques,nan,nan,Environnement & CleanTechs,CBM,n.d.,n.d.,M&A Corporate,n.d.,,,,,,,,,,,,,
25 déc. 2023,PREVENTIVE MAINTENANCE GROUP (PMG),Pays-Bas |,Spécialiste de la lubrification préventive de première ligne,nan,nan,Produits & Services industriels,IJSSEL TECHNOLOGIE,n.d.,n.d.,Build-up international,n.d.,,,,,,,,,,,,,
25 déc. 2023,DEALT,France |,Solution Saas et API de mise à disposition de services post-achat pour les enseignes de distribution et marchands en ligne (livraison,nan,nan,Internet & ecommerce,LA POSTE VENTURES,nan,10-15 M€,3e tour,nan,,,,,,,,,,,,,
25 déc. 2023,NOUS ANTI-GASPI,France |,Réseau d’épiceries éco-responsables engagées dans la lutte contre le gaspillage alimentaire,41,2023.0,nan,CREADEV,nan,n.d.,Bridge,nan,,,,,,,,,,,,,
25 déc. 2023,DK,France |,Éditeur de technologies de mesure de l'empreinte carbone des campagnes publicitaires,nan,nan,Logiciel et services informatiques,nan,nan,0-20 M€,Amorçage (seed),nan,,,,,,,,,,,,,
23 déc. 2023,CLIMBING DISTRICT,France |,Salles d’escalade de bloc urbaines,nan,nan,Tourisme,PLEIADE VENTURE,nan,0-20 M€,Augmentation de capital,nan,,,,,,,,,,,,,
23 déc. 2023,MYPHOTOAGENCY,France |,Agence conseil spécialisée dans la production de contenus audiovisuels à destination des réseaux intégrés,10,2023.0,Média,CÈDRE CAPITAL,MANAGER(S),0-20 M€,LBO Primaire,0-20,,,,,,,,,,,,,
23 déc. 2023,MANUDO,France |,Opérateur et intégrateur de solutions d’étanchéité pour la santé et l’industrie,nan,nan,Produits & Services industriels,nan,SIPAREX ENTREPRENEURS,20-50 M€,Sponsorless,n.d.,,,,,,,,,,,,,
23 déc. 2023,FOODFLOW,France |,Service de livraison de produits de consommation auprès des acteurs de l'hôtellerie-restauration,nan,nan,Internet & ecommerce,JERIKO,nan,5-10 M€,Amorçage (seed),nan,,,,,,,,,,,,,
22 déc. 2023,PI SERVICES (PRESTATIONS INFORMAT...,France |,Conseil et intégrateur spécialisé dans les solutions cloud de Microsoft,11,2023.0,Logiciel et services informatiques,COEXYA,FONDATEUR(S),20-50 M€,Build-up,n.d.,,,,,,,,,,,,,
22 déc. 2023,FOOD PILOT,France |,Solution digitale permettant de piloter le progrès environnemental et la décarbonation des produits alimentaires,0.40,2023.0,Logiciel et services informatiques,IRDI CAPITAL INVESTISSE...,nan,5-10 M€,Amorçage (seed),nan,,,,,,,,,,,,,
22 déc. 2023,HIBOO,France |,Logiciel destiné aux industriels souhaitant optimiser l'usage et l'efficacité énergétique de leurs engins de chantier à partir des données,nan,nan,Logiciel et services informatiques,EMERALD TECHNOLOGY VENT...,nan,n.d.,1er tour,nan,,,,,,,,,,,,,
22 déc. 2023,WHITE'IN,France |,Cabinet de conseil en monétique et moyens de paiement pour les banques,1.80,2023.0,nan,MIPISE,FONDATEUR(S),0-5 M€,M&A Corporate,nan,,,,,,,,,,,,,
22 déc. 2023,OPAL DEMETZ,France |,Conception et distribution de montures de lunettes,45,2023.0,Services & Biens de consommation,WEINBERG CAPITAL PARTNERS,n.d.,20-50 M€,OBO,n.d.,,,,,,,,,,,,,
22 déc. 2023,IMAGIS,France |,Activités de radiodiagnostic et de radiothérapie,nan,nan,Santé,IMDEV (IMAGERIE DÉVELOP...,MANAGER(S),20-50 M€,Build-up,5-10,,,,,,,,,,,,,
22 déc. 2023,WOMED,France |,Élaboration de traitements pour lutter contre l'infertilité et les pathologies utérines difficiles,nan,nan,Produits Pharmaceutiques & matériel médical,IRDI CAPITAL INVESTISSE...,nan,0-20 M€,1er tour,nan,,,,,,,,,,,,,
22 déc. 2023,TERIDEAL SPARFEL,France |,Réalisation de sols sportifs et d’aménagement paysager et urbain pour des clients publics et privés,nan,nan,Environnement & CleanTechs,TERIDEAL,ACTIONNAIRES FAMILIAUX,n.d.,M&A Corporate,n.d.,,,,,,,,,,,,,
22 déc. 2023,ONCODESIGN SERVICES,France |,CRO spécialiste des tests pré-cliniques,44,2023.0,nan,EURAZEO,nan,50-150 M€,Augmentation de capital,20-50,,,,,,,,,,,,,
22 déc. 2023,ZOBIO,Pays-Bas |,CRO spécialisée dans premières phases de la découverte de médicaments,nan,nan,nan,ONCODESIGN SERVICES,FONDATEUR(S),20-50 M€,Build-up international,n.d.,,,,,,,,,,,,,
22 déc. 2023,PIXAGILITY,France |,Livraison de contenus vidéo,6.50,2023.0,Média,ODMEDIA,FONDATEUR(S),15 M€,M&A (Int'l),n.d.,,,,,,,,,,,,,
22 déc. 2023,MIPISE,France |,Fintech créatrice de plateformes de crowdfunding en marque blanche,3.80,2023.0,Logiciel et services informatiques,THEOS,nan,0-20 M€,4e tour,nan,,,,,,,,,,,,,
22 déc. 2023,URBAN LOISIRS (LE 1055),France |,Exploitation de centres de loisirs indoor de grande dimension,14,2023.0,Tourisme,BPIFRANCE INVESTISSEMENT,FONDATEUR(S),0-20 M€,Augmentation de capital,0-5,,,,,,,,,,,,,
22 déc. 2023,GETKEY,France |,Logiciel de gestion de la diffusion d'annonces en ligne,0.50,2023.0,Logiciel et services informatiques,ACHETER-LOUER.FR,nan,0-5 M€,1er tour,nan,,,,,,,,,,,,,
22 déc. 2023,VELCO,France |,Équipementier pour vélos connectés et éditeur de logiciels,3.50,2022.0,Electronique & Informatique,GO CAPITAL,nan,n.d.,4e tour,nan,,,,,,,,,,,,,
22 déc. 2023,VALBIOTIS,France |,Recherche et Développement de nutraceutiques contre maladies métaboliques,nan,nan,Produits Pharmaceutiques & matériel médical,EURONEXT GROWTH (EX ALT...,nan,50-150 M€,Augmentation de capital,nan,,,,,,,,,,,,,
22 déc. 2023,PLANITY,France |,Plateforme de prise de rendez-vous et logiciels pour les salons de coiffure et instituts de beauté.,nan,nan,Internet & ecommerce,INFRAVIA GROWTH EQUITY,nan,150-250 M€,4e tour,nan,,,,,,,,,,,,,
22 déc. 2023,MINDFLOW,France |,Plateforme d'automatisation des processus de cybersécurité,nan,nan,Logiciel et services informatiques,AURIGA PARTNERS,nan,15-20 M€,Amorçage (seed),0-5,,,,,,,,,,,,,
22 déc. 2023,MOMENT,France |,Concepteur d'équipements Wi-Fi et de plateformes de streaming à bord des avions,nan,nan,Média,EIFFEL INVESTMENT GROUP,nan,20-50 M€,Augmentation de capital,nan,,,,,,,,,,,,,
22 déc. 2023,AVATAR MEDICAL,France |,Créateur d'une solution de visualisation 3D d'images médicales à travers des casques de réalité virtuelles,0.10,2023.0,Logiciel et services informatiques,GO CAPITAL,nan,15-20 M€,1er tour,nan,,,,,,,,,,,,,
22 déc. 2023,APICAP,France |,Spécialiste du capital investissement en Real Estate et en Private Equity dans les PME en forte croissance,6.50,2023.0,Services & Conseil aux entreprises,ALTEX CONSEILS ET EXPER...,n.d.,0-5 M€,Retournement,nan,,,,,,,,,,,,,
22 déc. 2023,LAGO,États-Unis |,Plateforme open-source de facturation à destination des entreprises,nan,nan,Logiciel et services informatiques,FIRSTMARK CAPITAL,nan,20-50 M€,1er tour,nan,,,,,,,,,,,,,
22 déc. 2023,KAMAE,France |,Éditeur d'un outil Saas de sensibilisation aux risques cyber par une approche ludique,nan,nan,Logiciel et services informatiques,AURIGA PARTNERS,nan,0-20 M€,Amorçage (seed),nan,,,,,,,,,,,,,
21 déc. 2023,ROC SKINCARE,États-Unis |,Dermo-cosmétique,nan,nan,Santé,BRIDGEPOINT,GRYPHON INVESTORS,250-500 M€,LBO Bis,n.d.,,,,,,,,,,,,,
21 déc. 2023,ACWA ROBOTICS,France |,Robots de sondage des canalisations d'eau pour repérage fuites,nan,nan,Electronique & Informatique,BANQUE DES TERRITOIRES,nan,0-20 M€,1er tour,nan,,,,,,,,,,,,,
21 déc. 2023,SCM IMAGES,France |,Mise en commun des moyens utiles à l'exercice de la profession d'électroradiologiste,nan,nan,Santé,IMDEV (IMAGERIE DÉVELOP...,MANAGER(S),0-20 M€,Build-up,5-10,,,,,,,,,,,,,
21 déc. 2023,SHIPFIX,France |,Plateforme numérisation industrie du transport de marchandises sèches,nan,nan,Logiciel et services informatiques,VESON NAUTICAL,EURAZEO GLOBAL INVESTOR,n.d.,M&A (Int'l),n.d.,,,,,,,,,,,,,
21 déc. 2023,ELYSEES LANGUES,France |,Formation linguistique,7,2023.0,Services & Conseil aux entreprises,MONCEAU EDUCATION (GME),TURENNE GROUPE,0-20 M€,M&A Corporate,0-20,,,,,,,,,,,,,
21 déc. 2023,ACTIVITES DE DIAGNOSTICS MOLECULA...,France |,Activités de Diagnostics moléculaires (MDx),150,2022.0,Produits Pharmaceutiques & matériel médical,BRUKER,PAI PARTNERS,870 M€,M&A (Int'l),n.d.,,,,,,,,,,,,,
21 déc. 2023,EPSENS,France |,Épargne salariale,nan,nan,nan,MALAKOFF HUMANIS,CNP ASSURANCES,n.d.,M&A Corporate,n.d.,,,,,,,,,,,,,
21 déc. 2023,BECHEROVKA,République tchèque |,Liqueur aux herbes,nan,nan,nan,MASPEX,PERNOD RICARD,n.d.,M&A (Int'l),n.d.,,,,,,,,,,,,,
21 déc. 2023,TRIAGO,France |,Cabinet de conseil en levée de fonds et en stratégie,nan,nan,nan,HOULIHAN LOKEY,FONDATEUR(S),n.d.,M&A (Int'l),n.d.,,,,,,,,,,,,,
21 déc. 2023,IMAGINE HUMAN,France |,Édition de solutions pour la prévention des risques en entreprise (hygiène,nan,nan,Logiciel et services informatiques,EXTENS,EVOLEM,0-20 M€,LBO Bis,n.d.,,,,,,,,,,,,,
21 déc. 2023,LONESTAR TECHNICAL SERVICES,Émirats Arabes Unis |,Laboratoires d'essais et mesures industriels,10,2023.0,Produits & Services industriels,APAVE,MANAGER(S),0-20 M€,Build-up international,n.d.,,,,,,,,,,,,,
21 déc. 2023,PATRIAM,France |,ACTION PATRIMOINE CONSEIL (APC),nan,nan,nan,ASTORIA FINANCE,MANAGER(S),50-150 M€,Build-up,50-150,,,,,,,,,,,"cabinets de conseil en gestion de patrimoine
SAPIENTA GESTION : société de gestion privée",,
21 déc. 2023,SUBLIME ENERGIE,France |,Conception et fabrication de liquéfacteurs de biogaz,nan,nan,nan,CREDIT MUTUEL IMPACT,nan,20-50 M€,1er tour,nan,,,,,,,,,,,,,
21 déc. 2023,WINGLY,France |,Plateforme de mise en relation entre des pilotes d'avions privés et des particuliers,14,2023.0,Internet & ecommerce,INNOVACOM,nan,10-15 M€,3e tour,nan,,,,,,,,,,,,,
21 déc. 2023,ANOZR WAY,France |,Solution de cyberdéfense protégeant les entreprises des failles humaines,nan,nan,Logiciel et services informatiques,HI INOV - DENTRESSANGLE,nan,15-20 M€,1er tour,nan,,,,,,,,,,,,,
21 déc. 2023,CASANOVA,France |,Pré-câblage de l'habitat,nan,nan,Electronique & Informatique,TKH FRANCE (CAE GROUPE),ASTER CAPITAL,0-20 M€,Build-up,0-20,,,,,,,,,,,,,
21 déc. 2023,COMASYS,France |,Solutions informatiques et de téléphonie,7.50,2023.0,Electronique & Informatique,PIERRE DE REYNAL ET CIE,n.d.,n.d.,M&A Corporate,0-5,,,,,,,,,,,,,
21 déc. 2023,INCA PRODUCTIONS,Royaume-Uni |,Agence de production d’événements,nan,nan,Média,THE INDEPENDENTS,n.d.,n.d.,Build-up international,n.d.,,,,,,,,,,,,,
21 déc. 2023,GENEVOS,France |,Intégration de piles à combustibles alimentées en hydrogène.,nan,nan,nan,GO CAPITAL,nan,0-20 M€,Amorçage (seed),nan,,,,,,,,,,,,,
21 déc. 2023,SORELLA (SANTE FEMMES),France |,Modèle de soin hybride,nan,nan,Santé,BLISCE/,nan,15-20 M€,1er tour,nan,,,,,,,,,,,,,
21 déc. 2023,FICHORGA,France |,SSII et logiciel du notariat.,15,2023.0,Logiciel et services informatiques,BANQUE DES TERRITOIRES,nan,20-50 M€,Augmentation de capital,nan,,,,,,,,,,,,,
20 déc. 2023,ACTIVITÉ NON-CORE DE BIO-RAD GÉME...,France |,Activité non-core de Bio-Rad Gemenos (fabrication des cartes SIM,3,2023.0,Produits & Services industriels,FRANCIA,BIO-RAD GEMENOS (EX PLA...,0-20 M€,M&A Corporate,0-20,,,,,,,,,,,,,
20 déc. 2023,LE BERCEAU DES ROIS,France |,Micro-crèches,nan,nan,Services & Biens de consommation,ADAXTRA CAPITAL,n.d.,20-50 M€,OBO,20-50,,,,,,,,,,,,,
20 déc. 2023,BUTTERFLY TRAITEUR,France |,Traiteur évènementiel,4.50,2022.0,Services & Conseil aux entreprises,ALIVE GROUPE,FONDATEUR(S),0-5 M€,Build-up,0-5,,,,,,,,,,,,,
20 déc. 2023,ANAVEO,France |,Systèmes de vidéo surveillance,83.20,2023.0,Services & Conseil aux entreprises,LGT CAPITAL PARTNERS,n.d.,n.d.,Refinancement,50-150,,,,,,,,,,,,,
20 déc. 2023,SMTRT 45,France |,Transport frigorifique,18,2023.0,nan,GAGNE (EX OMNITRANS-GAGNE),ACTIONNAIRES FAMILIAUX,0-20 M€,Build-up,0-20,,,,,,,,,,,,,
20 déc. 2023,VERITAS INVESTMENTS ASSOCIATES (V...,France |,Gestionnaire d’actifs,7,2023.0,nan,CAPITAL MANAGEMENT FRAN...,MANAGER(S),5-10 M€,Majoritaire,n.d.,,,,,,,,,,,,,
20 déc. 2023,GROUPE RÜTSCHI,France |,Production de pompes centrifuges pour applications nucléaires,22.30,2023.0,Produits & Services industriels,NEWCLEO,GRUPPO ATURIA,68.80 M€,M&A (Int'l),nan,,,,,,,,,,,,,
20 déc. 2023,3 SITES INDUSTRIELS D’HAGONDANGE ...,France |,3 sites industriels d’Hagondange (Moselle),nan,nan,Produits & Services industriels,ACCIAIERIE VENETE,ASCOMETAL (ASCO INDUSTR...,n.d.,M&A (Int'l),n.d.,,,,,,,,,,,,,
20 déc. 2023,GAGNE (EX OMNITRANS-GAGNE),France |,Transport frigorifique,65,2023.0,nan,nan,MANAGER(S),n.d.,Cession de titres,n.d.,,,,,,,,,,,,,
20 déc. 2023,NEXTKIDNEY,Pays-Bas |,Dispositif médical portable d’hémodialyse,nan,nan,Produits Pharmaceutiques & matériel médical,MUTUELLE ASSURANCES COR...,nan,50-150 M€,3e tour,nan,,,,,,,,,,,,,
20 déc. 2023,ERMITAGE INTERNATIONAL SCHOOL OF ...,France |,École d’enseignement internationale,25,2023.0,Services & Biens de consommation,QUILVEST CAPITAL PARTNERS,n.d.,n.d.,LBO Bis,n.d.,,,,,,,,,,,,,
20 déc. 2023,LOGIPROX,France |,Conception,nan,nan,Produits & Services industriels,CICLAD,MANAGER(S),5-10 M€,MBI,0-20,,,,,,,,,,,,,
20 déc. 2023,CEE SCHISLER PACKAGING SOLUTIONS,France |,Fabrication d'emballages en carton : sacs,135,2022.0,Produits & Services industriels,UNIGRAINS,MANAGER(S),50-150 M€,OBO,n.d.,,,,,,,,,,,,,
20 déc. 2023,AKTOR INTERACTIVE (THALIA),France |,Conseil en stratégie de recrutement.,14,2022.0,Services & Conseil aux entreprises,RE-SOURCES CAPITAL,n.d.,0-20 M€,MBO,n.d.,,,,,,,,,,,,,
20 déc. 2023,RADIO ALOUETTE,France |,Édition et diffusion programmes radio,8.50,2023.0,Média,SODERO (EX SODERO GESTION),MANAGER(S),0-20 M€,Augmentation de capital,nan,,,,,,,,,,,,,
20 déc. 2023,CESIFORM,France |,Organisme de formation continue pour les professionnels de santé,nan,nan,Services & Biens de consommation,CERF FORMATION,MANAGER(S),n.d.,Build-up,n.d.,,,,,,,,,,,,,
20 déc. 2023,KLINZING FRERES ET CIE,France |,Transport par citernes d'hydrocarbures,28,2023.0,nan,EVOLE ENERGY (F3C),ACTIONNAIRES FAMILIAUX,10-15 M€,M&A Corporate,10-15,,,,,,,,,,,,,
20 déc. 2023,LES P'TITS BABADINS,France |,Micro-crèches,nan,nan,Services & Biens de consommation,LE BERCEAU DES ROIS,RESEAU AMA,20-50 M€,Build-up,20-50,,,,,,,,,,,,,
20 déc. 2023,ALTITUDE 44,France |,Expertise dans les secteurs du bâtiment,12.50,2023.0,Immobilier & construction,GLOBAL ACCESS,MANAGER(S),5-10 M€,Build-up,n.d.,,,,,,,,,,,,,
20 déc. 2023,OKOMERA,France |,Développement d'un dispositif de reproduction des cellules cancéreuses pour tester ou créer des thérapies,nan,nan,Produits Pharmaceutiques & matériel médical,OTIUM CAPITAL,nan,n.d.,Amorçage (seed),nan,,,,,,,,,,,,,
20 déc. 2023,MYTRAFFIC,France |,Analyse des flux visiteurs,nan,nan,Logiciel et services informatiques,ELAIA PARTNERS,nan,n.d.,Augmentation de capital,n.d.,,,,,,,,,,,,,
20 déc. 2023,CSM GROUPE (CSM PARTICIPATIONS),France |,Diverses compétences complémentaires dans le domaine de l’efficacité énergétique.,20,2023.0,Immobilier & construction,BPIFRANCE INVESTISSEMENT,MANAGER(S),0-20 M€,OBO,0-20,,,,,,,,,,,,,
20 déc. 2023,LATITUDE (EX VENTURE ORBITAL SYST...,France |,Fabrication de composants pour l’industrie aéronautique et aérospatiale dont lanceur spatial réutilisable,nan,nan,Automobile,CREDIT MUTUEL INNOVATION,nan,150-250 M€,2e tour,n.d.,,,,,,,,,,,,,
20 déc. 2023,HYDRETUDES,France |,Conseil,6,2022.0,Services & Conseil aux entreprises,ALTEREO,MANAGER(S),5-10 M€,Build-up,5-10,,,,,,,,,,,,,
20 déc. 2023,GEOBLINK,Espagne |,Plateforme d'intelligence géospatiale,nan,nan,Logiciel et services informatiques,MYTRAFFIC,ELAIA PARTNERS,17 M€,M&A (Int'l),n.d.,,,,,,,,,,,,,
20 déc. 2023,ASYS,France |,Logiciel Gestion RH,20,2023.0,Logiciel et services informatiques,CAPZA,MANAGER(S),n.d.,LBO Primaire,n.d.,,,,,,,,,,,,,
20 déc. 2023,SAULAS ET COMPAGNIE,France |,Solutions de criblage,8,2023.0,Produits & Services industriels,TARGA CAPITAL,DEMETER (VOIR DEMA INVEST),0-20 M€,Cession de titres,nan,,,,,,,,,,,,,
20 déc. 2023,COMMERCIAL EYES,Australie |,Fournisseur de services réglementaires,12,2023.0,Santé,PRODUCTLIFE CONSULTING ...,FONDATEUR(S),20-50 M€,Build-up international,n.d.,,,,,,,,,,,,,
20 déc. 2023,ENFRIO,Espagne |,Froid Industriel,nan,nan,Produits & Services industriels,SYCLEF,MANAGER(S),n.d.,Build-up international,n.d.,,,,,,,,,,,,,
20 déc. 2023,ADEUNIS,France |,Digitalisation par l’IoT d'équipements et services des entreprises,5.50,2023.0,Electronique & Informatique,WEBDYN,TEMPOCAP (EX TEMPO CAPI...,0-5 M€,OPA,0-5,,,,,,,,,,,,,
20 déc. 2023,ARCOMETAL,France |,Concepteur et fabricant de mobilier de grande cuisine haut de gamme,4.50,2022.0,Produits & Services industriels,CODIGEL,MANAGER(S),0-5 M€,M&A Corporate,n.d.,,,,,,,,,,,,,
19 déc. 2023,BIZOUARD PATRIMOINE,France |,"Conseil en Gestion de Patrimoine (CGP)
Pater Familias : Family office",2,2022.0,nan,METAGRAM,MANAGER(S),10-15 M€,Build-up,n.d.,,,,,,,,,,,,,
19 déc. 2023,GSA (GUADELOUPE SERVICES AUTOMOBI...,France |,Distributeurs automobiles Volkswagen et Porsche,45,2022.0,nan,GROUPE CITADELLE,MANAGER(S),n.d.,M&A Corporate,n.d.,,,,,,,,,,,,,
19 déc. 2023,FOGALE SENSORS,France |,Fabrication et commercialisation de capteurs liés aux technologies capacitives,6.20,2022.0,Electronique & Informatique,ISATIS CAPITAL,nan,n.d.,Augmentation de capital,n.d.,,,,,,,,,,,,,
19 déc. 2023,MARVELOUS PRODUCTIONS,France |,Studio de production audiovisuelle,nan,nan,Média,PULLUP ENTERTAINMENT (E...,MANAGER(S),n.d.,Majoritaire,n.d.,,,,,,,,,,,,,
19 déc. 2023,HUMENS,France |,Production de spécialités minérales (principalement du carbonate et du bicarbonate) purifiés,200,2023.0,Matières premières & industries de base (minerais,LETO PARTNERS,EURAZEO,n.d.,LBO Bis,n.d.,,,,,,,,,,,,,
19 déc. 2023,EVUM MOTORS,Allemagne |,Constructeur de véhicules utilitaires électriques,nan,nan,Automobile,JOLT CAPITAL,nan,50-150 M€,2e tour,nan,,,,,,,,,,,,,
19 déc. 2023,GROUPE HERMÈS/PLAGE,France |,Cliniques vétérinaires,nan,nan,Santé,CONNECT PRO,FONDATEUR(S),0-20 M€,OBO,n.d.,,,,,,,,,,,,,
19 déc. 2023,AVM UP,France |,Opérateur dans le domaine des communications d’entreprise spécialisé dans la fourniture de services cloud,22,2022.0,Média,SPIE ICS (EX SPIE COMMU...,MANAGER(S),0-20 M€,M&A Corporate,0-20,,,,,,,,,,,,,
19 déc. 2023,TEXYS,France |,Capteurs dédiés aux applications complexes pour sports mécaniques,14,2023.0,Electronique & Informatique,FOGALE SENSORS,ISATIS CAPITAL,20-50 M€,Build-up,n.d.,,,,,,,,,,,,,
19 déc. 2023,EXPERTIME,France |,Intégration de solutions Microsoft concernant le cloud public,20,2023.0,Logiciel et services informatiques,ORANGE BUSINESS (EX ORA...,FONDATEUR(S),20-50 M€,M&A Corporate,20-50,,,,,,,,,,,,,
19 déc. 2023,PREDILIFE,France |,Prédiction des risques de maladies graves,0.29,2022.0,Santé,EURONEXT (BOURSE),n.d.,21.41 M€,Emission obligataire,nan,,,,,,,,,,,,,
19 déc. 2023,EMEIS (EX ORPEA),France |,Maisons de retraite et cliniques pour personnes dépendantes,4 670,2022.0,Santé,CAISSE DES DEPOTS ET CO...,ACTIONNAIRES,n.d.,Retournement,nan,,,,,,,,,,,,,
19 déc. 2023,TEAM TEX,France |,Fabrication de sièges auto pour enfants,80,2022.0,Services & Biens de consommation,MUTARES FRANCE,CREDIT MUTUEL EQUITY,n.d.,Retournement,n.d.,,,,,,,,,,,,,
19 déc. 2023,LA TOLERIE PLASTIQUE,France |,Conception et fabrication de boîtiers plastiques sur-mesure pour appareils électroniques de petites et moyennes séries sans moule,nan,nan,Produits & Services industriels,nan,MANAGER(S),n.d.,Build-up,n.d.,,,,,,,,,,,,,
19 déc. 2023,LA TOLERIE PLASTIQUE,France |,Conception et fabrication de boîtiers plastiques sur-mesure pour appareils électroniques de petites et moyennes séries sans moule,nan,nan,Produits & Services industriels,nan,MANAGER(S),n.d.,Build-up,n.d.,,,,,,,,,,,,,
18 déc. 2023,LA DEBAUCHE,France |,Brasserie spécialisée dans la production de bière,nan,nan,Tourisme,OCEALIA,n.d.,0-20 M€,Build-up,0-20,,,,,,,,,,,,,
18 déc. 2023,LABORATOIRE ONYLIGNE (CREAPHARM C...,France |,Façonnage de produits cosmétiques,8,2023.0,Santé,PREVOST LABORATORY CONCEPT,CREAPHARM GROUP (SODIA),20-50 M€,Build-up,n.d.,,,,,,,,,,,,,
18 déc. 2023,EDILINK,France |,Éditeur de solutions de gestion de documents en entreprise,nan,nan,Logiciel et services informatiques,ARIANE (DONT ARIANE CAP...,MANAGER(S),n.d.,OBO,n.d.,,,,,,,,,,,,,
18 déc. 2023,FUNDBOT,France |,Digitalisation des processus d’affacturage,nan,nan,nan,HAMBRO PERKS,nan,0-20 M€,1er tour,nan,,,,,,,,,,,,,
18 déc. 2023,SAINT-PAUL RADIOLOGIE,France |,Centre de radiologie,nan,nan,Santé,IMDEV (IMAGERIE DÉVELOP...,MANAGER(S),0-20 M€,Build-up,5-10,,,,,,,,,,,,,
18 déc. 2023,ACTIVITÉ D’ASSET SERVICING POUR C...,Luxembourg |,Asset Servicing pour compte de Tiers.,nan,nan,nan,APEX GROUP,GROUPE EDMOND DE ROTHSC...,n.d.,Carve-out,n.d.,,,,,,,,,,,,,
18 déc. 2023,ALPINE RACING LTD,Royaume-Uni |,Entité en charge des activités de Formule 1 du groupe Renault,nan,nan,Automobile,OTRO CAPITAL,nan,833 M€,Augmentation de capital,nan,,,,,,,,,,,,,
18 déc. 2023,ISALUD HEALTH SERVICES,Espagne |,Comparateur d'assurance santé en ligne,nan,nan,Internet & ecommerce,nan,CNP ASSURANCES,n.d.,Reprise Management,n.d.,,,,,,,,,,,,,
18 déc. 2023,BATIMPRO,France |,Conception,14.80,2022.0,Immobilier & construction,ALTURIA (EX ALUVAIR),MANAGER(S),5-10 M€,M&A Corporate,nan,,,,,,,,,,,,,
18 déc. 2023,LA FRANCE MUTUALISTE,France |,Conseil en assurance mutualiste : assurance vie,nan,nan,nan,MALAKOFF HUMANIS,MANAGER(S),n.d.,M&A Corporate,n.d.,,,,,,,,,,,,,
18 déc. 2023,IDEX,France |,Production,2 300,2023.0,nan,BNP PARIBAS (FINANCEMENT),n.d.,n.d.,Refinancement,nan,,,,,,,,,,,,,
18 déc. 2023,EUROSUBSTRAT CALLAC,France |,Fabrication de substrat pour la production de champignons exotiques,5.20,2023.0,nan,BREIZH REBOND,MANAGER(S),0-20 M€,LBO Primaire,0-20,,,,,,,,,,,,,
18 déc. 2023,DOCENT,France |,Marchand en ligne d'art contemporain utilisant l'intelligence artificielle pour recommander des œuvres.,nan,nan,Internet & ecommerce,POLYTECHNIQUE VENTURES SAS,nan,15-20 M€,Amorçage (seed),nan,,,,,,,,,,,,,
17 déc. 2023,DATAKALAB,France |,Analyse d’images par l’intelligence artificielle et compression d’algorithmes §logiciel de lecture d'émotions faciales visant notamment à analyser des réactions de panélistes,0.65,2020.0,Logiciel et services informatiques,APPLE,FONDATEUR(S),0-20 M€,M&A (Int'l),0-20,,,,,,,,,,,,,
15 déc. 2023,SAKOWIN,France |,Réacteur d'hydrogène à base de méthane utilisant une technologie plasma micro-ondes,nan,nan,nan,VOL-V,nan,0-20 M€,2e tour,nan,,,,,,,,,,,,,
15 déc. 2023,ARBH,France |,Design d’interface,1.12,2022.0,Média,PUBLICIS GROUPE,FONDATEUR(S),0-20 M€,M&A Corporate,0-20,,,,,,,,,,,,,
15 déc. 2023,YUCCAN LEAD,France |,Application mobile de parrainage digital,nan,nan,Logiciel et services informatiques,SIDE CAPITAL,nan,0-20 M€,Amorçage (seed),nan,,,,,,,,,,,,,
15 déc. 2023,SUN ZU LAB,France |,Fournisseur d'outils et de services d'analyse quantitative sur le marché des crypto-monnaies,nan,nan,Logiciel et services informatiques,ELAIA PARTNERS,nan,0-20 M€,Amorçage (seed),nan,,,,,,,,,,,,,
15 déc. 2023,ABE COURTAGE,France |,Courtage en assurance pour les professionnels du BTP,nan,nan,nan,UNEXO,MANAGER(S),n.d.,MBO,n.d.,,,,,,,,,,,,,
15 déc. 2023,BRACCHI,Italie |,Transports et logistique,nan,nan,nan,ARGOS WITYU,SIPAREX,n.d.,LBO Ter,n.d.,,,,,,,,,,,,,
15 déc. 2023,RHÔNE ENERGIES,France |,Entretien et maintenance des chaudières,nan,nan,nan,nan,n.d.,n.d.,M&A Corporate,n.d.,,,,,,,,,,,,,
15 déc. 2023,DIGITAL BANANA STUDIO,France |,Conception des cinématiques et trailers de jeux vidéo,nan,nan,Média,NEWEN,n.d.,n.d.,M&A Corporate,n.d.,,,,,,,,,,,,,
15 déc. 2023,BRAIN COMET,France |,Développement de concepts uniques pour séries et films en utilisant des techniques d’animation variées,nan,nan,Média,NEWEN,n.d.,n.d.,Majoritaire,n.d.,,,,,,,,,,,,,
15 déc. 2023,SMARTPRICING,Italie |,Logiciel de gestion des prix et des revenus pour les hôtels qui permet aux gérants d'augmenter leur chiffre d'affaires grâce à des technologies de machine-learning.,nan,nan,Logiciel et services informatiques,PARTECH,nan,n.d.,1er tour,nan,,,,,,,,,,,,,
15 déc. 2023,MICRO CRECHE LES CARAMBOLES,France |,Micro-crèches,nan,nan,Services & Biens de consommation,RUN ENFANCE,MANAGER(S),n.d.,M&A Corporate,n.d.,,,,,,,,,,,,,
15 déc. 2023,1001PNEUS.FR,France |,Vente de pneus discount en ligne,nan,nan,Internet & ecommerce,MPSA - GROUPE MASSA (AT...,CNOVA NV (HOLDING DE CD...,0-20 M€,M&A (Int'l),0-20,,,,,,,,,,,,,
15 déc. 2023,FORMATION TRANSPORT GESTION RISQU...,France |,Formation professionnelle pour le transport de marchandises,5,2022.0,Services & Conseil aux entreprises,SPS (SUD PREVENTION SEC...,FONDATEUR(S),5-10 M€,Build-up,0-20,,,,,,,,,,,,,
15 déc. 2023,EUGENE-PERMA,France |,Fabricant de shampoings et soins capillaires pour la grande distribution et les salons de coiffure,83.70,2022.0,Santé,NATUROPERA,MANAGER(S),0-20 M€,Retournement,nan,,,,,,,,,,,,,
15 déc. 2023,NEWLODE GROUP,France |,Intégrateur de solutions en cybersécurité,20,2023.0,Logiciel et services informatiques,SQUAD,FONDATEUR(S),50-150 M€,Build-up,n.d.,,,,,,,,,,,,,
15 déc. 2023,REATHLETIK (EX REATHLETIC),France |,Centre de réathlétisation du sportif professionnel et amateur,nan,nan,Services & Biens de consommation,KINVENT,n.d.,n.d.,M&A Corporate,n.d.,,,,,,,,,,,,,
15 déc. 2023,SOCIETE DE TOLERIE INDUSTRIELLE F...,France |,Fabrication de composants industriels de protection passive contre les explosions,31.20,2022.0,Produits & Services industriels,EURONEXT GROWTH (EX ALT...,n.d.,20-50 M€,IPO,nan,,,,,,,,,,,,,
15 déc. 2023,BEEDEEZ,France |,"Plateforme de formation LMS visant à assurer la montée en compétences des collaborateurs dits “de terrain""",nan,nan,Internet & ecommerce,ARKEA CAPITAL,nan,n.d.,1er tour,nan,,,,,,,,,,,,,
15 déc. 2023,B2EBIKE,France |,Vélos à assistance électrique (VAE)  loués en flotte avec des services associés,4,2023.0,nan,KREAXI (VOIR UI INVESTI...,nan,0-5 M€,1er tour,nan,,,,,,,,,,,,,
15 déc. 2023,MISTERTEMP GROUP (EX ALPHYR),France |,Agences de travail temporaire et recrutement basées sur un modèle hybride « phygital »,420,2023.0,Services & Conseil aux entreprises,ANDERA PARTNERS,MONTEFIORE INVESTMENT,150-250 M€,MBO,nan,,,,,,,,,,,,,
15 déc. 2023,MAKE IT HAPPEN STUDIO,France |,Société de production audiovisuelle,nan,nan,Média,PULLUP ENTERTAINMENT (E...,ALLIANCE ENTREPRENDRE (...,n.d.,Majoritaire,n.d.,,,,,,,,,,,,,
15 déc. 2023,RÉSEAU DE SALLES DE SPORT FRANCHI...,France |,Réseau de salles de sport,nan,nan,Tourisme,nan,FONDATEUR(S),n.d.,M&A Corporate,n.d.,,,,,,,,,,,,,
15 déc. 2023,NLINE ENERGY,États-Unis |,Fournisseur de solutions d'efficacité énergétique,nan,nan,nan,MIROVA,nan,n.d.,2e tour,nan,,,,,,,,,,,,,
15 déc. 2023,GREEN ACCESS ACADEMY (G2A),France |,Formation continue pour adultes,nan,nan,Services & Biens de consommation,MITEM FRANCE,n.d.,0-20 M€,Minoritaire,0-20,,,,,,,,,,,,,
15 déc. 2023,LOMEDIS,France |,Formation continue pour adultes,nan,nan,Services & Biens de consommation,MITEM FRANCE,n.d.,0-20 M€,Minoritaire,0-20,,,,,,,,,,,,,
15 déc. 2023,D'UN SEUL GESTE (PLS EXPERIENCE),France |,Édition de solutions pour former,nan,nan,Services & Conseil aux entreprises,nan,nan,0-5 M€,Amorçage (seed),nan,,,,,,,,,,,,,
15 déc. 2023,GUESTVIEWS,France |,Éditeur d'un livre d'or numérique,nan,nan,Logiciel et services informatiques,ARENAMETRIX,FONDATEUR(S),0-5 M€,M&A Corporate,0-5,,,,,,,,,,,,,
15 déc. 2023,CETIH (BEL'M,France |,Enveloppe de l’habitat et rénovation énergétique,273,2023.0,Immobilier & construction,nan,n.d.,n.d.,Financement,nan,,,,,,,,,,,,,
15 déc. 2023,GRAVIS,France |,Distribution d’emballage en verre et en plastique pour les industries pharmaceutiques,25,2023.0,Produits & Services industriels,SC PACK (SACCOF PACKAGI...,n.d.,n.d.,M&A Corporate,n.d.,,,,,,,,,,,,,
15 déc. 2023,LESTRINGUEZ,France |,Commercialisation de caravanes et de camping-cars,23,2023.0,Automobile,GROUPE TRIGANO,MANAGER(S),n.d.,M&A Corporate,n.d.,,,,,,,,,,,,,
15 déc. 2023,VALLEE NATURE,France |,Développement et la commercialisation de compléments alimentaires naturels,nan,nan,Santé,LABORATOIRES HERBOLISTIQUE,MANAGER(S),0-5 M€,Build-up,0-5,,,,,,,,,,,,,
15 déc. 2023,WALTR,France |,Service de conseil et de fourniture de données pour le contrôle et la réduction de la pollution de l’air,nan,nan,Environnement & CleanTechs,ADP (EX AEROPORTS DE PA...,nan,5-10 M€,Amorçage (seed),nan,,,,,,,,,,,,,
15 déc. 2023,ISABEL MARANT,France |,Marque de prêt-à-porter.,nan,nan,Textile,MONTEFIORE INVESTMENT,n.d.,n.d.,Cession secondaire,n.d.,,,,,,,,,,,,,
15 déc. 2023,KIWEE.CARE,France |,Solution de paiement,nan,nan,nan,nan,nan,0-20 M€,Amorçage (seed),nan,,,,,,,,,,,,,
15 déc. 2023,PLAYMAKERS,France |,Éditeur d'une plateforme permettant aux studios de jeux vidéo d'engager les joueurs dans la création de contenus,nan,nan,Logiciel et services informatiques,ROCKAWAYX,nan,5-10 M€,Amorçage (seed),nan,,,,,,,,,,,,,
15 déc. 2023,NABOO,France |,Éditeur d'un site de réservation de séminaires (lieux,nan,nan,Internet & ecommerce,ISAI,nan,0-20 M€,1er tour,nan,,,,,,,,,,,,,
15 déc. 2023,SIPEARL,France |,Concepteur de microprocesseurs à très hautes performances (HPC) pour supercalculateurs,nan,nan,Electronique & Informatique,BPIFRANCE INVESTISSEMENT,nan,n.d.,1er tour,nan,,,,,,,,,,,,,
15 déc. 2023,WOÔ,France |,Agence de publicité et plateforme de mise en relation entre marques et influenceurs,18.80,2023.0,Média,OLYN GROUP,ELEVATION CAPITAL PARTNERS,20-50 M€,Build-up,20-50,,,,,,,,,,,,,
14 déc. 2023,AGRI 32,France |,Vente,2.90,2023.0,nan,DELTA SUD,n.d.,0-20 M€,Majoritaire,0-20,,,,,,,,,,,,,
14 déc. 2023,CAKESMITHS,Royaume-Uni |,Fabricant de gâteaux artisanaux,30,2023.0,nan,ONORÉ (EX BONCOLAC),MANAGER(S),50-150 M€,Build-up international,n.d.,,,,,,,,,,,,,
14 déc. 2023,LAZARD ELAIA CAPITAL (LEC),France |,Société de gestion consacrée au growth et au LBO tech,nan,nan,nan,LAZARD FRÈRES GESTION,n.d.,n.d.,M&A (Joint Venture),n.d.,,,,,,,,,,,,,
14 déc. 2023,QUICKLIZARD,Israël |,Plateforme de tarification dynamique en temps réel à destination des professionnels du e-commerce et des détaillants omnicanaux,nan,nan,Logiciel et services informatiques,PUBLICIS GROUPE,n.d.,n.d.,M&A (Int'l),20-50,,,,,,,,,,,,,
14 déc. 2023,ACTIVITES BATIMENT ET SERVICES UR...,France |,Activités bâtiment et services urbains,nan,nan,Immobilier & construction,GROUPE ERI,AVENEL,n.d.,M&A Corporate,n.d.,,,,,,,,,,,,,
14 déc. 2023,GROUPE MARIE-LAURE PLV,France |,Publicité et agencement de point de vente : conception et fabrication de présentoirs et meubles et objets permettant de mettre en avant les produits cosmétiques de grandes marques,70,2022.0,Média,HIVEST CAPITAL PARTNERS,FONDATEUR(S),50-150 M€,LBO Primaire,n.d.,,,,,,,,,,,,,
14 déc. 2023,GALILEE,France |,Intégration de solutions logicielles dédiées au marketing (Plateforme de Production Marketing - PPM),5,2022.0,Logiciel et services informatiques,DATASOLUTION,WEDIA,0-5 M€,Majoritaire,5-10,,,,,,,,,,,,,
14 déc. 2023,COURVOISIER,France |,Marque de cognac,228,2022.0,nan,CAMPARI,BEAM SUNTORY,1 220 M€,M&A (Int'l),nan,,,,,,,,,,,,,
14 déc. 2023,INALVE,France |,Production de microalgues destinées à l’alimentation animale,nan,nan,nan,SEVENTURE PARTNERS,nan,0-20 M€,2e tour,nan,,,,,,,,,,,,,
14 déc. 2023,INSURELY,Suède |,Logiciels d'open finance (de collecte et d'ouverture des données financières aux acteurs agréés) pour le secteur de l'assurance,nan,nan,Logiciel et services informatiques,CNI NORDIC,nan,n.d.,2e tour,nan,,,,,,,,,,,,,
14 déc. 2023,CAMIF MATELSOM (EX GROUPE MATELSOM),France |,Vente en ligne de meubles et objets de décoration fabriqués exclusivement en Europe et offre de location de chambres d’enfant,30,2023.0,Internet & ecommerce,MUTUELLE GENERALE EDUCA...,n.d.,40 M€,Minoritaire,nan,,,,,,,,,,,,,
14 déc. 2023,MAKA E-COMMERCE,Nigeria |,Plateforme sociale interactive se basant sur des vidéos d’essayage en direct,nan,nan,Internet & ecommerce,JANNGO CAPITAL,nan,0-20 M€,Amorçage (seed),nan,,,,,,,,,,,,,
14 déc. 2023,UNIFII,Royaume-Uni |,Implémentation et intégration de la plateforme cloud pour entreprises ServiceNow,nan,nan,Logiciel et services informatiques,INETUM,n.d.,20-50 M€,Build-up international,20-50,,,,,,,,,,,,,
14 déc. 2023,MAMA EDITIONS,France |,Edition de livres sur les thèmes du chamanisme,nan,nan,Média,HACHETTE LIVRE,n.d.,n.d.,M&A Corporate,n.d.,,,,,,,,,,,,,
14 déc. 2023,TME PHARMA,Allemagne |,Développement de nouvelles thérapies pour le traitement des cancers,nan,nan,Produits Pharmaceutiques & matériel médical,EURONEXT GROWTH (EX ALT...,nan,0-20 M€,Augmentation de capital,nan,,,,,,,,,,,,,
13 déc. 2023,PIVOT,France |,Logiciel de contrôle des dépenses clé en main conçu pour les équipes achat.,nan,nan,Logiciel et services informatiques,VISIONARIES CLUB,nan,50-150 M€,1er tour,nan,,,,,,,,,,,,,
13 déc. 2023,RADIO PHARMA LOGISTICS GROUP (RLG),France |,Logistique des produits radiopharmaceutiques et des matières sensibles,nan,nan,nan,LIFE COURIERS,n.d.,n.d.,M&A (Int'l),n.d.,,,,,,,,,,,,,
13 déc. 2023,DOMAINE VITICOLE DU CHÂTEAU GISCOURS,France |,Domaine viticole,nan,nan,nan,SOCIÉTÉ D'EXPLOITATION ...,GFA CHATEAU GISCOURS,n.d.,M&A Corporate,n.d.,,,,,,,,,,,,,
13 déc. 2023,TRANSPORTS CHARRIER,France |,Transport de marchandises à la demande,nan,nan,nan,GROUPE ROUSSEAU,MANAGER(S),0-20 M€,M&A Corporate,n.d.,,,,,,,,,,,,,
13 déc. 2023,NISSAN,Japon |,Constructeur automobile,17 944,2022.0,Automobile,NISSAN,GROUPE RENAULT,n.d.,Cession de titres,nan,,,,,,,,,,,,,
13 déc. 2023,ONE OPERATEUR,France |,Opérateur et intégrateur télécom : téléphonie sur site ou cloud,9,2022.0,Média,KOESIO,FONDATEUR(S),0-20 M€,Build-up,n.d.,,,,,,,,,,,,,
13 déc. 2023,FOOTBAR,France |,Concepteur d'un capteur,0.63,2022.0,Electronique & Informatique,nan,nan,0-20 M€,Amorçage (seed),nan,,,,,,,,,,,,,
13 déc. 2023,ARC BUILDING PRODUCTS,Irlande |,Adhésifs et mastics pour la construction,nan,nan,Immobilier & construction,ARKEMA,n.d.,n.d.,M&A (Int'l),n.d.,,,,,,,,,,,,,
13 déc. 2023,TECHNICOLOR CREATIVE STUDIOS (TCS),France |,Effets spéciaux pour les films et séries,784,2022.0,Média,ANGELO GORDON,EURONEXT (BOURSE),42 M€,OPA,20-50,,,,,,,,,,,,,
13 déc. 2023,TESCA GROUP,France |,Textile,290,2022.0,Textile,BPIFRANCE INVESTISSEMENT,nan,n.d.,Augmentation de capital,n.d.,,,,,,,,,,,,,
13 déc. 2023,MAROQUINERIE THOMAS,France |,Confection de sacs et petits articles en cuir et textile de luxe (soie...) pour le compte de grandes marques,144,2021.0,Textile,RAISE,ACTIONNAIRES FAMILIAUX,120 M€,Augmentation de capital,n.d.,,,,,,,,,,,,,
13 déc. 2023,ELAN,France |,Distributeur de vins & spiritueux en Asie,45,2022.0,nan,UNIGRAINS,LEITMOTIV,20-50 M€,LBO Bis,n.d.,,,,,,,,,,,,,
13 déc. 2023,BEALINK,France |,Editeur de Learning Experience Platform (LXP),1.70,2023.0,Logiciel et services informatiques,SYFADIS,FONDATEUR(S),0-20 M€,M&A Corporate,n.d.,,,,,,,,,,,,,
13 déc. 2023,CINQ CLINIQUES VÉTÉRINAIRES DU GR...,France |,Réseau de cliniques vétérinaires,15,2022.0,Santé,FOVEA,MANAGER(S),15-20 M€,Build-up,n.d.,,,,,,,,,,,,,
13 déc. 2023,FRAÎCHE CANCAN (EX I LUNCH),France |,Société de restauration collective et de frigos connectés,3.50,2022.0,Tourisme,NEOCORNER (NSEDA),FONDATEUR(S),0-20 M€,Retournement,nan,,,,,,,,,,,,,
13 déc. 2023,SMARTAPPS,France |,Éditeur d'une solution de médiation culturelle,nan,nan,Logiciel et services informatiques,ARENAMETRIX,FONDATEUR(S),0-5 M€,M&A Corporate,0-5,,,,,,,,,,,,,
13 déc. 2023,ZAMA,France |,Développement et distribution de services de chiffrement homomorphe (homomorphic encryption).,nan,nan,Logiciel et services informatiques,MULTICOIN CAPITAL,nan,250-500 M€,1er tour,nan,,,,,,,,,,,,,
13 déc. 2023,CXS THERAPEUTICS,France |,Plateforme de medtech impliquée dans le screening et la réaffectation de molécules thérapeutiques dans le cadre des maladies touchant le SNC.,nan,nan,Santé,VALEUREUX,nan,0-5 M€,Amorçage (seed),nan,,,,,,,,,,,,,
13 déc. 2023,RAISERS PARTNERS,France |,nan,nan,nan,nan,RAISERS PARTNERS,n.d.,n.d.,Fusion,n.d.,,,,,,,,,,,,,
13 déc. 2023,3DEUS DYNAMICS,France |,Fabrication additive de matériaux souples avec son procédé innovant de moulage dynamique,nan,nan,Electronique & Informatique,ELKEM SILICONES,nan,15-20 M€,1er tour,nan,,,,,,,,,,,,,
12 déc. 2023,DSFLOW,France |,Solution Saas pour surveiller les actifs énergétiques en temps réel et ainsi optimiser leur stratégie d’approvisionnement.,nan,nan,Logiciel et services informatiques,TOTAL ENERGIES (TOTALEN...,MANAGER(S),n.d.,M&A Corporate,n.d.,,,,,,,,,,,,,
12 déc. 2023,ARIA,France |,Fintech proposant une solution de paiement BtoB incluant le KYC,nan,nan,nan,ADEVINTA VENTURES,nan,50-150 M€,1er tour,nan,,,,,,,,,,,,,
12 déc. 2023,RESMA,France |,Équipementier dédié à la carrosserie pour les poids lourds,22,2021.0,Produits & Services industriels,CAPELIA,n.d.,0-20 M€,LBO Primaire,0-5,,,,,,,,,,,,,
12 déc. 2023,CENTRAL PEINTURE,France |,Peinture et ravalement de façade,nan,nan,Immobilier & construction,GROUPE ANDRÉ,MANAGER(S),n.d.,M&A Corporate,n.d.,,,,,,,,,,,,,
12 déc. 2023,GROUPE NATIMPACT,France |,Fédération de PME indépendantes spécialisées dans l'alimentation biologique,40,2023.0,nan,ESFIN GESTION,nan,20-50 M€,Augmentation de capital,20-50,,,,,,,,,,,,,
12 déc. 2023,AQUARAMA,Italie |,Fabrique et commercialise des portiques,nan,nan,Produits & Services industriels,LAVANCE,n.d.,n.d.,Minoritaire,n.d.,,,,,,,,,,,,,
12 déc. 2023,DIONYMER,France |,Technologie de transformation par fermentation bactérienne de biodéchets en polymères biodégradables,nan,nan,Environnement & CleanTechs,AQUITI GESTION,nan,0-5 M€,Amorçage (seed),nan,,,,,,,,,,,,,
12 déc. 2023,AGRAL SA / JM CABAY SA,Belgique |,Producteur de beurre,nan,nan,nan,BRIOIS,MANAGER(S),5-10 M€,M&A (Int'l),n.d.,,,,,,,,,,,,,
12 déc. 2023,NASH RENEWABLES,Allemagne |,Optimisation des paramètres de conception et d’exploitation des projets renouvelables,nan,nan,Logiciel et services informatiques,TOTAL ENERGIES (TOTALEN...,MANAGER(S),n.d.,M&A (Int'l),n.d.,,,,,,,,,,,,,
12 déc. 2023,REVERT SAS,France |,Distribution d’outillage,12,2023.0,nan,GROUPE BAELEN,MANAGER(S),0-20 M€,M&A Corporate,0-20,,,,,,,,,,,,,
12 déc. 2023,ANTABIO,France |,Biotech spécialisée le traitement contre des infections nosocomiales pulmonaires,nan,nan,nan,AMR ACTION FUND,nan,n.d.,2e tour,nan,,,,,,,,,,,,,
12 déc. 2023,PALKIT,France |,Production de carrosseries en kit pour véhicules industriels,13.50,2022.0,Produits & Services industriels,RESMA,LIBNER,n.d.,Build-up,n.d.,,,,,,,,,,,,,
12 déc. 2023,ORION SANTE,France |,Formation continue pour professionnels de santé,8,2023.0,Services & Conseil aux entreprises,NEXTSTAGE AM,SOCIÉTÉ FINANCIÈRE DU L...,15-20 M€,MBO Bis,5-10,,,,,,,,,,,,,
12 déc. 2023,TIME2PLUG,France |,Développement de charges pour les véhicules électriques,nan,nan,Electronique & Informatique,TOTAL ENERGIES (TOTALEN...,MANAGER(S),0-20 M€,Majoritaire,5-10,,,,,,,,,,,,,
12 déc. 2023,BASE ORGANIC FOOD,France |,Produits bio en vrac et produits d’épicerie conditionnés,17,2022.0,nan,GROUPE NATIMPACT,FONDATEUR(S),0-20 M€,Build-up,0-20,,,,,,,,,,,,,
12 déc. 2023,DECO RELIEF,France |,Fabrication de colorants alimentaires et moules pour la pâtisserie et la chocolaterie,6,2022.0,Services & Biens de consommation,CARAMBELLE (SCRAPCOOKING),FONDATEUR(S),0-5 M€,Build-up,0-5,,,,,,,,,,,,,
12 déc. 2023,BCV (BASECAMP VASCULAR),France |,Développement d'un dispositif médical (fil guide mécatronique) pour faciliter la navigation directe lors de procédures endovasculaires mini-invasives,nan,nan,Produits Pharmaceutiques & matériel médical,FOREPONT CAPITAL PARTNERS,nan,n.d.,1er tour,nan,,,,,,,,,,,,,
12 déc. 2023,NEOCARBON,Allemagne |,Créateur d'une technologie de capture des émissions carbonées des sites industriels,nan,nan,Environnement & CleanTechs,RAISE VENTURES,nan,0-20 M€,Amorçage (seed),nan,,,,,,,,,,,,,
12 déc. 2023,PREDICTIVE LAYER,Suisse |,Réalisation de projections sur les prix de l’énergie,nan,nan,Logiciel et services informatiques,TOTAL ENERGIES (TOTALEN...,MANAGER(S),n.d.,M&A (Int'l),n.d.,,,,,,,,,,,,,
12 déc. 2023,ALYRA,France |,École de formation en ligne autour des métiers de la blockchain et de l'IA,nan,nan,Services & Biens de consommation,MBGO DEV,FONDATEUR(S),0-20 M€,Majoritaire,0-20,,,,,,,,,,,,,
12 déc. 2023,CRMS,France |,Développement de solutions de localisation des personnes et de prévention des chutes en milieu hospitalier,6,2023.0,Santé,FARGEOT PODOWELL (BON P...,MANAGER(S),0-20 M€,Build-up,0-20,,,,,,,,,,,,,
12 déc. 2023,LES PLANARDS,France |,Parc de loisirs et du domaine skiable,nan,nan,Tourisme,nan,123 IM,n.d.,Reprise Management,0-5,,,,,,,,,,,,,
12 déc. 2023,MAXIMIS RETRAITE CONSEIL,France |,Conseil et d'expertise en matière de droits à la retraite,nan,nan,nan,CMA CGM,FONDATEUR(S),n.d.,Minoritaire,n.d.,,,,,,,,,,,,,
12 déc. 2023,ELEC DOMOTIQUE MAINTENANCE INSTAL...,France |,Conception,9,2023.0,nan,TURENNE GROUPE,FONDATEUR(S),0-20 M€,MBO,0-20,,,,,,,,,,,,,
12 déc. 2023,TRIGO,France |,Contrôle qualité,nan,nan,Services & Conseil aux entreprises,ARDIAN BUYOUT,n.d.,n.d.,Refinancement,nan,,,,,,,,,,,,,
11 déc. 2023,MISTRAL AI,France |,Intelligence artificielle générative,nan,nan,Logiciel et services informatiques,ANDREESSEN HOROWITZ (A16Z),nan,2 000 M€,1er tour,nan,,,,,,,,,,,,,
11 déc. 2023,CERTIFER,France |,Missions de conseil et d’inspection quant à la sûreté des installations et équipements ferroviaires,50,2023.0,nan,APAVE,ASSOCIATION CERTIFER,50-150 M€,Build-up,n.d.,,,,,,,,,,,,,
11 déc. 2023,LONGCHAMP ASSET MANAGEMENT (VOIR ...,France |,Société de gestion née de la fusion entre Sanso Investment Solutions et Longchamp Asset Management,20,2023.0,nan,SANSO LONGCHAMP ASSET M...,MANAGER(S),50-150 M€,Fusion,n.d.,,,,,,,,,,,,,
11 déc. 2023,CIAO TECHNOLOGIES INC,Canada |,ESN spécialisée dans le secteur public,7.30,2022.0,Logiciel et services informatiques,IT LINK,FONDATEUR(S),n.d.,M&A (Int'l),n.d.,,,,,,,,,,,,,
11 déc. 2023,GROUPE BEMING,France |,Ingénierie technique Tous Corps d’État (TCE) et Environnement,11,2023.0,Immobilier & construction,BNP PARIBAS DEVELOPPEMENT,UI INVESTISSEMENT,n.d.,LBO Bis,n.d.,,,,,,,,,,,,,
11 déc. 2023,CARTHERA,France |,Dispositifs médicaux à base d'ultrasons pour traitement des maladies du cerveau,nan,nan,Produits Pharmaceutiques & matériel médical,UNORTHODOX VENTURES,nan,44 M€,2e tour,nan,,,,,,,,,,,,,
11 déc. 2023,ACTIVITÉS B2C DE LE POT COMMUN,France |,Cagnotte en ligne,nan,nan,Internet & ecommerce,UNTY (EX LE POT COMMUN),SWILE,0-5 M€,M&A Corporate,0-5,,,,,,,,,,,,,
11 déc. 2023,EUROPEAN DIGITAL GROUP (EDG),France |,Regroupement d'experts pour accompagner les entreprises dans la stratégie digitale,270,2023.0,Services & Conseil aux entreprises,LATOUR CAPITAL,MANAGER(S),500-1000 M€,LBO Bis,n.d.,,,,,,,,,,,,,
11 déc. 2023,PHOSPHO,France |,Plateforme de surveillance sémantique pour les applications génératives de langage,nan,nan,Logiciel et services informatiques,ELAIA PARTNERS,nan,0-5 M€,Amorçage (seed),nan,,,,,,,,,,,,,
11 déc. 2023,EOS INFORMATIQUE,France |,ESN proposant des solutions d’hébergement,2.90,2022.0,Logiciel et services informatiques,VINCI ENERGIES,FONDATEUR(S),0-20 M€,M&A Corporate,0-20,,,,,,,,,,,,,
11 déc. 2023,SKYNOPY,France |,Entreprise du newspace mettant à disposition des infrastructures de communication au sol,nan,nan,Electronique & Informatique,HEARTCORE CAPITAL (EX S...,nan,5-10 M€,Amorçage (seed),nan,,,,,,,,,,,,,
11 déc. 2023,SCALEX INVEST (BY EARLY METRICS),France |,Solution alimentée par l'IA afin de fournir une vue d'ensemble du potentiel de croissance des entreprises tech,nan,nan,Services & Conseil aux entreprises,AETHER FINANCIAL SERVICES,n.d.,n.d.,Minoritaire,n.d.,,,,,,,,,,,,,
09 déc. 2023,LA ROSEE COSMETIQUES,France |,Marque de cosmétiques,nan,nan,Santé,FG BROS,n.d.,250-500 M€,LBO Bis,250-500,,,,,,,,,,,,,
08 déc. 2023,PARTHENA CONSULTANT,France |,Solutions de gestion au service des fonctions finance et ressources humaines,34,2023.0,Logiciel et services informatiques,nan,n.d.,n.d.,Financement,n.d.,,,,,,,,,,,,,
08 déc. 2023,DOCTIBIKE (DOCTINNOVATION),France |,Réparation,2,2023.0,nan,DEMETER (VOIR DEMA INVEST),nan,0-20 M€,Augmentation de capital,nan,,,,,,,,,,,,,
08 déc. 2023,FINANCIÈRE ARBEVEL (VOIR MONTPENS...,France |,Gestion d’actifs financiers,23,2023.0,nan,WEINBERG CAPITAL PARTNERS,MANAGER(S),50-150 M€,LBO Primaire,n.d.,,,,,,,,,,,,,
08 déc. 2023,IZITEK,France |,Services et distribution de produits et services informatiques (informatique,20,2022.0,Services & Conseil aux entreprises,AXIO CAPITAL,FONDATEUR(S),0-20 M€,OBO,0-5,,,,,,,,,,,,,
08 déc. 2023,EAGLE FOOTBALL GROUP (EX OL GROUP),France |,Club de football,nan,nan,Tourisme,GROUPAMA BANQUE PRIVEE,n.d.,n.d.,Refinancement,nan,,,,,,,,,,,,,
08 déc. 2023,ENTREPRENEUR INVEST,France |,Fonds d'entrepreneurs,28,2022.0,nan,NAXICAP PARTNERS,MANAGER(S),50-150 M€,LBO Primaire,n.d.,,,,,,,,,,,,,
08 déc. 2023,CINQ ENTITÉS DE CRÉDIT-BAIL DE DE...,France |,Cinq entités de crédit-bail non réglementées de Dexia : DCL Evolution,nan,nan,nan,BAWAG,DEXIA,n.d.,M&A (Int'l),n.d.,,,,,,,,,,,,,
08 déc. 2023,AQUA LUNG,France |,Matériel de plongée sous-marine,nan,nan,Services & Biens de consommation,BARINGS (BARINGS AM),MONTAGU,n.d.,LBO Bis,n.d.,,,,,,,,,,,,,
07 déc. 2023,ATRIX,France |,Services de conseil en ingénierie dans les secteurs nucléaire mais aussi agroalimentaire,20,2022.0,Produits & Services industriels,EGIS,FONDATEUR(S),20-50 M€,Build-up,20-50,,,,,,,,,,,,,
07 déc. 2023,SOCIÉTÉ GÉNÉRALE BURKINA FASO,Burkina Faso |,Banque,nan,nan,nan,VISTA BANK (EX FIRST IN...,GROUPE SOCIETE GENERALE,n.d.,M&A (Int'l),n.d.,,,,,,,,,,,,,
07 déc. 2023,MEDEXPRIM,France |,Plateforme de collecte et redistribution de données médicales spécialisée dans l'imagerie,nan,nan,Santé,BC PLATFORMS,MANAGER(S),0-20 M€,M&A (Int'l),0-20,,,,,,,,,,,,,
07 déc. 2023,GROUPE SEB,France |,Fabrication et distribution d’articles culinaires et de petit électroménager,8 000,2022.0,Services & Biens de consommation,nan,n.d.,n.d.,Financement,nan,,,,,,,,,,,,,
07 déc. 2023,INGRAALYS,France |,Développement de stratégies de reprogrammation cellulaire pour un rajeunissement cutané,nan,nan,nan,SATT AXLR (SATT OCCITAN...,nan,0-20 M€,Amorçage (seed),nan,,,,,,,,,,,,,
07 déc. 2023,KAPPTIVATE,France |,Développement et la commercialisation d'une solution technologique d’amélioration et de surveillance des applications et interfaces IT.,nan,nan,Logiciel et services informatiques,ELEVATION CAPITAL PARTNERS,nan,n.d.,Augmentation de capital,nan,,,,,,,,,,,,,
07 déc. 2023,NOWAK,France |,Fonderie de précision pour industrie (pièces de sécurité,30,2023.0,Produits Pharmaceutiques & matériel médical,GROUPE MARLE,SIPAREX,20-50 M€,Build-up,n.d.,,,,,,,,,,,,,
07 déc. 2023,YSEOP,France |,Génération automatique de texte avec intelligence artificielle,nan,nan,Logiciel et services informatiques,NOVARTIS,nan,n.d.,4e tour,n.d.,,,,,,,,,,,,,
07 déc. 2023,MASCARET (EX DENTSU CONSULTING),France |,Cabinet de conseil en stratégie d’entreprise et communication,3,2022.0,Média,ENTREPRENEUR INVEST,nan,5-10 M€,Augmentation de capital,0-5,,,,,,,,,,,,,
07 déc. 2023,BIOGRAFY GROUP,France |,Propriétaire et gestionnaire d’hôtels haut de gamme,26,2022.0,Tourisme,FOR TALENTS TRANSMISSION,nan,n.d.,Augmentation de capital,n.d.,,,,,,,,,,,,,
07 déc. 2023,FIABILA,France |,Fabrication de vernis à ongles,137,2023.0,Santé,APHEON (EX ERGON CAPITAL),CREDIT MUTUEL EQUITY,n.d.,MBI,n.d.,,,,,,,,,,,,,
07 déc. 2023,I-VIRTUAL (CADUCY),France |,Outil de mesure des signes vitaux par vidéo,0.30,2023.0,Logiciel et services informatiques,MALAKOFF HUMANIS,nan,12 M€,2e tour,nan,,,,,,,,,,,,,
07 déc. 2023,FAHRNER,France |,Solutions plastiques techniques à haute valeur ajoutée destinées à une clientèle industrielle,30,2022.0,Produits & Services industriels,GEI,ACTIONNAIRES FAMILIAUX,20-50 M€,Augmentation de capital,0-20,,,,,,,,,,,,,
07 déc. 2023,ATELIER LUM,France |,Agence créative spécialisée dans la production événementielle de luxe,nan,nan,Média,THE INDEPENDENTS,n.d.,n.d.,Build-up,n.d.,,,,,,,,,,,,,
07 déc. 2023,COLONIES,France |,Plateforme et services de coliving,nan,nan,Services & Biens de consommation,EURAZEO,nan,n.d.,3e tour,nan,,,,,,,,,,,,,
07 déc. 2023,PARIS SAINT GERMAIN (PSG),France |,Club de football,670,2022.0,Tourisme,ARCTOS PARTNERS,nan,4 225 M€,Augmentation de capital,nan,,,,,,,,,,,,,
07 déc. 2023,ACTIFS OPHTALMOLOGIQUES SEPOFARSE...,Pays-Bas |,Actifs ophtalmologiques Sepofarsen et Ultevursen,nan,nan,Santé,LABORATOIRES THEA,PROQR THERAPEUTICS,n.d.,M&A (Int'l),n.d.,,,,,,,,,,,,,
07 déc. 2023,TRI'N'COLLECT,France |,Gestion responsable des déchets de chantiers,3.60,2022.0,Environnement & CleanTechs,BANQUE DES TERRITOIRES,nan,0-20 M€,3e tour,nan,,,,,,,,,,,,,
07 déc. 2023,GROUPE LEXOM,France |,Organisme de formations professionnelles,15,2023.0,Services & Conseil aux entreprises,IXO PRIVATE EQUITY,MANAGER(S),16 M€,LBO Primaire,nan,,,,,,,,,,,,,
07 déc. 2023,FR-ENTERPRISE (PETIT AMI),France |,Agence de production créative œuvrant dans les domaines des arts et de la mode.,6.70,2022.0,Média,WMH PROJECT (EX FC2),n.d.,0-5 M€,M&A Corporate,0-5,,,,,,,,,,,,,
07 déc. 2023,ALAIN RENAULT COMMUNICATION (ARC),France |,Organisme de formation proposant aux entreprises des approches créatives en matière de dispositifs,nan,nan,Services & Conseil aux entreprises,TAKOMA,n.d.,0-20 M€,Build-up,0-20,,,,,,,,,,,,,
07 déc. 2023,SOMEFORM,France |,Organisme de formations professionnelles jusqu’à Bac + 5,nan,nan,Services & Conseil aux entreprises,GROUPE LEXOM,MANAGER(S),0-20 M€,Build-up,0-20,,,,,,,,,,,,,
06 déc. 2023,GROUPE HOSPITALIER MUTUALISTE LES...,France |,Offre de soins en Médecine (Chirurgie,nan,nan,Santé,CD-RUN,n.d.,n.d.,Retournement,n.d.,,,,,,,,,,,,,
06 déc. 2023,SEGEPO GROUP,France |,Décolletage,nan,nan,Produits & Services industriels,ARKEA CAPITAL,DENTRESSANGLE CAPITAL,20-50 M€,MBO Bis,0-20,,,,,,,,,,,,,
06 déc. 2023,AXXON COMPOSITES,Roumanie |,Fabrication d’espars en composite pour les voiliers de plaisance et de course,10,2022.0,Automobile,WICHARD (DECK DEVELOPPE...,MANAGER(S),0-20 M€,Build-up international,0-20,,,,,,,,,,,,,
06 déc. 2023,ROAM.AI,Pays-Bas |,Solution de suivi de localisation et d'intelligence,nan,nan,Logiciel et services informatiques,ECHO ANALYTICS,FONDATEUR(S),n.d.,M&A (Int'l),n.d.,,,,,,,,,,,,,
06 déc. 2023,CAPITALIS INTELLIGENCE,France |,Courtier spécialisé en fusions-acquisitions,nan,nan,nan,nan,n.d.,3 M€,Minoritaire,n.d.,,,,,,,,,,,,,
06 déc. 2023,MOMA GROUP,France |,Restauration festive et premium et évènementiel,130,2023.0,Tourisme,BUTLER INDUSTRIES,ACTIONNAIRES,50-150 M€,Minoritaire,nan,,,,,,,,,,,,,
06 déc. 2023,KOA,Suisse |,Valorisation du cacao et de sa pulpe,nan,nan,nan,MIROVA,nan,n.d.,Augmentation de capital,nan,,,,,,,,,,,,,
06 déc. 2023,AUTO PIECES CARÉCO REIMS,France |,Recyclage automobile,nan,nan,Automobile,AUTOCIRC,n.d.,n.d.,M&A (Int'l),n.d.,,,,,,,,,,,,,
05 déc. 2023,ELIGO BIOSCIENCE,France |,Développement de la thérapie génique technologie CRISPR,nan,nan,nan,SANOFI VENTURES,nan,n.d.,2e tour,nan,,,,,,,,,,,,,
05 déc. 2023,SPORTYTOTE (HONORE GAMING),France |,Éditeur de solutions Saas destinées aux opérateurs de jeux régulés et aux États voulant digitaliser leur économie,29,2023.0,Logiciel et services informatiques,AGILACAPITAL (EX AGILAG...,ACTIONNAIRES,50-150 M€,Augmentation de capital,nan,,,,,,,,,,,,,
05 déc. 2023,DLCM FINANCES,France |,Cabinet de conseil en gestion de patrimoine,1,2022.0,nan,CYRUS CONSEIL (VOIR CYR...,FONDATEUR(S),n.d.,Build-up,n.d.,,,,,,,,,,,,,
05 déc. 2023,DISTRIMED,France |,Distribution de matériel médical pour les professionnels de santé,13.30,2022.0,Produits Pharmaceutiques & matériel médical,GROUPE LAF SANTE (HYGIE31),ACTIONNAIRES FAMILIAUX,0-20 M€,Build-up,0-20,,,,,,,,,,,,,
05 déc. 2023,AUUM,France |,Concepteur d'une machine de nettoyage de verres en entreprises,nan,nan,Environnement & CleanTechs,SEB ALLIANCE,nan,n.d.,2e tour,n.d.,,,,,,,,,,,,,
05 déc. 2023,POTTERS CROUCH CANDLES,Royaume-Uni |,Fabricant de bougies parfumées,5,2023.0,Santé,SGP (SOCIETE GRASSOISE ...,MANAGER(S),0-20 M€,M&A (Int'l),0-20,,,,,,,,,,,,,
05 déc. 2023,KARAVEL PROMOVACANCES,France |,Tour-opérateur : marques d'agences de voyages Promovacances,1 000,2022.0,Tourisme,ADNEC GROUP (ABU DHABI ...,EQUISTONE PARTNERS,n.d.,M&A (Int'l),n.d.,,,,,,,,,,,,,
05 déc. 2023,DEMGY GROUP (EX-DEDIENNE MULTIPLA...,France |,Sous-traitant de solutions en plastique et composites pour l’industrie aéronautique et automobile,75,2022.0,Produits & Services industriels,BPIFRANCE INVESTISSEMENT,BPIFRANCE INVESTISSEMENT,50-150 M€,MBO IV,20-50,,,,,,,,,,,,,
05 déc. 2023,SEIBO,France |,Vente et maintenance de moteurs électriques et de variateurs de fréquence,20,2023.0,Produits & Services industriels,BPIFRANCE INVESTISSEMENT,SEVENTURE PARTNERS,5-10 M€,MBO Bis,0-5,,,,,,,,,,,,,
05 déc. 2023,EGIS,France |,Groupe international de conseil,1 480,2022.0,Immobilier & construction,nan,n.d.,>1000 M€,Refinancement,nan,,,,,,,,,,,,,
05 déc. 2023,DRONE GEOFENCING,France |,Logiciel de gestion de flotte de drones,nan,nan,Logiciel et services informatiques,BUSINESS ANGELS DES GRA...,nan,0-20 M€,Amorçage (seed),nan,,,,,,,,,,,,,
05 déc. 2023,ARKEON ENERGY SYSTEMS,France |,Installation de pompes à chaleur haute température pour bâtiments collectifs résidentiels et tertiaires,nan,nan,Environnement & CleanTechs,TEAM FOR THE PLANET (EX...,nan,7.70 M€,Amorçage (seed),nan,,,,,,,,,,,,,
05 déc. 2023,COOKUT,France |,Marque de produits éco-responsables pour la cuisine,16,2023.0,Services & Biens de consommation,ENTREPRENEUR INVEST,FONDATEUR(S),0-20 M€,MBI,0-20,,,,,,,,,,,,,
05 déc. 2023,CENTRE IMAGERIE MEDICALE CARDINET,France |,Radiologie,30,2022.0,Santé,ANDERA ACTO (EX ACTOMEZZ ),MANAGER(S),50-150 M€,Sponsorless,nan,,,,,,,,,,,,,
05 déc. 2023,XRAY PHOCEA,France |,Groupe de services d’imagerie,16,2023.0,Santé,ESSLING CAPITAL,MANAGER(S),20-50 M€,OBO,n.d.,,,,,,,,,,,,,
05 déc. 2023,GTA (GESTION TRANSPORT AFFRÈTEMENT),France |,Commissionnaire de transports : acheminement de marchandises (notamment produits agroalimentaires),14.50,2022.0,nan,LE ROY LOGISTIQUE,MANAGER(S),0-20 M€,Build-up,n.d.,,,,,,,,,,,,,
05 déc. 2023,CHRONOS DENTAL,France |,Groupement de laboratoires de prothèses dentaires de proximité,nan,nan,Santé,APERA ASSET MANAGEMENT,n.d.,n.d.,Financement,n.d.,,,,,,,,,,,,,
05 déc. 2023,SCIENTA LAB,France |,Recherche en immunologie,nan,nan,nan,CENTRALESUPELEC,nan,0-5 M€,Amorçage (seed),nan,,,,,,,,,,,,,
05 déc. 2023,QSC (EXTRABAT),France |,Logiciels B2B dédiés à la construction pour les professionnels du bâtiment,4.50,2023.0,Logiciel et services informatiques,CRAFTVIEW SOFTWARE,FONDATEUR(S),0-20 M€,M&A (Int'l),0-20,,,,,,,,,,,,,
05 déc. 2023,SIX LABORATOIRES DE PROTHÈSES DEN...,France |,Laboratoires de prothèses dentaires,nan,nan,Santé,CHRONOS DENTAL,n.d.,n.d.,M&A Corporate,n.d.,,,,,,,,,,,,,
04 déc. 2023,TECHNIC AVIATION,France |,Maintenance et réparation d'hélices et régulateurs,9,2023.0,Automobile,DOMUSA GROUP (EX SATORI),MANAGER(S),5-10 M€,Build-up,5-10,,,,,,,,,,,,,
04 déc. 2023,ACI GROUPE,France |,Le groupe couvre tous les métiers de la métallurgie et services associés (traitement thermique,93,2022.0,Produits & Services industriels,nan,n.d.,n.d.,Emission obligataire,nan,,,,,,,,,,,,,
04 déc. 2023,ROULEAUX PACK,France |,Rouleaux de manutention pour convoyeur de charges,32,2023.0,Produits & Services industriels,ALTIS CAPITAL,UI INVESTISSEMENT,0-20 M€,MBO Bis,n.d.,,,,,,,,,,,,,
04 déc. 2023,DEGRE CELSIUS (DEGRE CELSIUS,France |,Conception,21,2022.0,Immobilier & construction,MYRIUM (EX GROUPE ROUGNON),FONDATEUR(S),n.d.,Build-up,n.d.,,,,,,,,,,,,,
04 déc. 2023,FLUX SOFTWARE ENGINEERING (FLUX::),France |,Outils logiciels audio,1,2022.0,Logiciel et services informatiques,HARMAN PROFESSIONAL SOL...,FONDATEUR(S),n.d.,M&A (Int'l),n.d.,,,,,,,,,,,,,
04 déc. 2023,GROUPE ATELIERS DE FRANCE (EX MÉR...,France |,Restauration du patrimoine et artisanat décoratif haut de gamme,550,2023.0,Immobilier & construction,SALARIES,IDI,250-500 M€,LBO Ter,n.d.,,,,,,,,,,,,,
04 déc. 2023,NANOBIOTIX,France |,Développement de nanoparticules (oncologie),nan,nan,nan,JOHNSON & JOHNSON INNOV...,nan,235 M€,Augmentation de capital,nan,,,,,,,,,,,,,
04 déc. 2023,KEREIS,France |,Courtage en assurance de personnes et en solutions de financement,nan,nan,nan,JP MORGAN,n.d.,n.d.,Refinancement,nan,,,,,,,,,,,,,
04 déc. 2023,JOBEXIT,France |,Legaltech qui automatise le calcul des indemnités de rupture de contrat de travail,nan,nan,Logiciel et services informatiques,FORSETI (DOCTRINE),n.d.,0-20 M€,Build-up,0-20,,,,,,,,,,,,,
04 déc. 2023,HERO (CORUSCANT),France |,Plateforme de paiement et de financement en ligne et en magasin pour les clients professionnels,nan,nan,nan,VALAR VENTURES,nan,40 M€,2e tour,nan,,,,,,,,,,,,,
04 déc. 2023,IMPACTIVA GROUP,Chine |,Assurance qualité pour l'industrie de l'habillement et des chaussures,8,2022.0,Services & Conseil aux entreprises,BUREAU VERITAS,n.d.,n.d.,M&A (Int'l),n.d.,,,,,,,,,,,,,
04 déc. 2023,GROOVER,France |,Plateforme de mise en relation entre artistes,nan,nan,Internet & ecommerce,ONERAGTIME,nan,n.d.,2e tour,nan,,,,,,,,,,,,,
01 déc. 2023,DOTTXT,France |,Amélioration des modèles de langage (LLM),nan,nan,Logiciel et services informatiques,nan,nan,0-20 M€,Amorçage (seed),nan,,,,,,,,,,,,,
01 déc. 2023,CLEVY,France |,Éditeur BtoB d'assistants conversationnels,nan,nan,Logiciel et services informatiques,IDETA,FONDATEUR(S),n.d.,M&A Corporate,n.d.,,,,,,,,,,,,,
01 déc. 2023,TECHNOMARK,France |,Fabrication de machines de marquage industriel,9,2023.0,Produits & Services industriels,SIC MARKING,FONDATEUR(S),0-20 M€,M&A Corporate,n.d.,,,,,,,,,,,,,
01 déc. 2023,PANOPLI (BALIBART),France |,Agence d'envoi de cadeaux d'entreprises et édition d'un logiciel de gestion des récompenses salariés,4,2023.0,Logiciel et services informatiques,THE MOON VENTURE,nan,0-20 M€,2e tour,nan,,,,,,,,,,,,,
01 déc. 2023,GREENERWAVE,France |,Deeptech qui développe une antenne de contrôle des ondes électromagnétiques 5G et radar,5.50,2023.0,Electronique & Informatique,BPIFRANCE INVESTISSEMENT,nan,20-50 M€,1er tour,nan,,,,,,,,,,,,,
01 déc. 2023,LA BOUTIQUE DU COIFFEUR,France |,Ventes d'équipements de coiffure et d'esthétique pour particuliers et professionnels,nan,nan,nan,TROCADERO CAPITAL PARTNERS,ACTIONNAIRES FAMILIAUX,50-150 M€,MBO,n.d.,,,,,,,,,,,,,
01 déc. 2023,VERDEVELENO,Espagne |,Tannerie spécialisée dans le traitement et la finition des peaux exotiques,nan,nan,Textile,LVMH,MANAGER(S),n.d.,M&A (Int'l),n.d.,,,,,,,,,,,,,
01 déc. 2023,SUPERSONIC IMAGINE,France |,Imagerie médicale ultrasonore,22,2020.0,Produits Pharmaceutiques & matériel médical,nan,HOLOGIC,n.d.,M&A Corporate,n.d.,,,,,,,,,,,,,
01 déc. 2023,ATA ELECTRONICS,France |,Conception,10,2023.0,Logiciel et services informatiques,JADEL,MANAGER(S),0-20 M€,OBO,0-20,,,,,,,,,,,,,
01 déc. 2023,FRENCHFOOD CAPITAL (FFC),France |,Société de gestion spécialisée dans le financement des entreprises du secteur alimentaire,nan,nan,nan,SOFIPROTEOL,nan,n.d.,Augmentation de capital,n.d.,,,,,,,,,,,,,
01 déc. 2023,AGRO INVEST (VOIR FRENCHFOOD CAPI...,France |,Société d'investissement dans le secteur agro-alimentaire,nan,nan,nan,FRENCHFOOD CAPITAL (FFC),MANAGER(S),n.d.,M&A Corporate,n.d.,,,,,,,,,,,,,
01 déc. 2023,CÔTÉ MAISON,France |,Société d’édition spécialisée dans le domaine de la décoration et de l’aménagement d’intérieur : magazines bimestriels et semestriel,7,2022.0,Textile,PRISMA MEDIA,MANAGER(S),0-20 M€,M&A Corporate,5-10,,,,,,,,,,,,,
01 déc. 2023,CIEL ET TERRE INTERNATIONAL (CTI),France |,Spécialiste du solaire flottant,nan,nan,Environnement & CleanTechs,NORIA (TIBI FIDO),nan,20-50 M€,Augmentation de capital,20-50,,,,,,,,,,,,,
01 déc. 2023,MOSAIC,France |,Services de développement et d’hébergement Internet orientée vers les services professionnels et bancaires.,nan,nan,Média,GROUPE BAELEN,MANAGER(S),n.d.,M&A Corporate,n.d.,,,,,,,,,,,,,
25 févr. 2025,AKRIS GROUP,France |,Fabrication d'outils haute précision pour compaction de poudre,10,2024.0,Produits & Services industriels,ARKEA CAPITAL,MANAGER(S),10-15 M€,MBO,0-5,,,,,,,,,,,,,
24 févr. 2025,VINPAI,France |,Ingrédients fonctionnels pour l'industrie agro-alimentaire et l'industrie cosmétique,9.20,2024.0,nan,CAMLIN FINE SCIENCES (CFS),SAFFELBERT INVESTMENTS,27 M€,OPA,nan,,,,,,,,,,,,,
24 févr. 2025,MB THERAPEUTICS,France |,Spécialiste de l'impression 3D de produits pharmaceutiques,nan,nan,Produits Pharmaceutiques & matériel médical,BEPREP,nan,n.d.,Amorçage (seed),nan,,,,,,,,,,,,,
24 févr. 2025,DISPEO (ACTIFS À GUICHAINVILLE),France |,Spécialiste des opérations logistiques du e-commerce,nan,nan,nan,BIGBLUE,HOPPS GROUP,n.d.,Retournement,n.d.,,,,,,,,,,,,,
24 févr. 2025,DISPEO (ACTIFS DE BEAUVAIS),France |,Spécialiste des opérations logistiques du e-commerce,30,2024.0,nan,LUNDI MATIN,HOPPS GROUP,n.d.,Retournement,n.d.,,,,,,,,,,,,,
21 févr. 2025,JV UNIGESTION / KEPLER CHEUVREUX,France |,Société de gestion d'actifs commune,nan,nan,nan,UNIGESTION ASSET MANAGE...,n.d.,n.d.,M&A (Joint Venture),n.d.,,,,,,,,,,,,,
20 févr. 2025,LMB AEROSPACE,France |,Concepteur et fabricant de ventilateurs et solutions de refroidissement sur mesure pour l'industrie aérospatiale et la défense (hélicoptères,40,2024.0,Automobile,LOAR GROUP,TIKEHAU IM,409 M€,M&A (Int'l),n.d.,,,,,,,,,,,,,
20 févr. 2025,EG 427 (GENELPIS),France |,Biotech de thérapie génique utilisant des vecteurs dérivés du virus Herpes simplex,nan,nan,nan,BPIFRANCE INVESTISSEMENT,nan,50-150 M€,2e tour,nan,,,,,,,,,,,,,
20 févr. 2025,NOIISE,France |,Agence indépendante de marketing digital,nan,nan,Média,BPIFRANCE INVESTISSEMENT,FONDATEUR(S),n.d.,Augmentation de capital,n.d.,,,,,,,,,,,,,
20 févr. 2025,MEDINCELL,France |,Société pharmaceutique ayant mis au point une technologie de délivrance des médicaments de façon prolongée (médicaments injectables longue durée d'action),8.60,2024.0,Produits Pharmaceutiques & matériel médical,nan,nan,n.d.,Augmentation de capital,nan,,,,,,,,,,,,,
20 févr. 2025,BRIDEWELL,Royaume-Uni |,ESN de cybersécurité,50,2024.0,Logiciel et services informatiques,I-TRACING,GROWTH CAPITAL PARTNERS...,50-150 M€,Build-up international,50-150,,,,,,,,,,,,,
20 févr. 2025,ADD ASSOCIES,France |,Groupe de généalogie successorale spécialisé dans la recherche d'héritiers missionnés par des professionnels dans le cadre de successions complexes.,nan,nan,Services & Conseil aux entreprises,L-GAM,n.d.,n.d.,MBO,n.d.,,,,,,,,,,,,,
19 févr. 2025,SANAS,États-Unis |,Solution de compréhension et d'ajustement de la parole en temps réel.,nan,nan,Logiciel et services informatiques,QUADRILLE CAPITAL,nan,478 M€,2e tour,nan,,,,,,,,,,,,,
19 févr. 2025,VISIBLE PATIENT,France |,Service de modélisation 3D en ligne de l'anatomie du patient à partir d'images médicales et logiciels de simulation pré-opération,3.20,2024.0,Logiciel et services informatiques,nan,CREDIT MUTUEL INNOVATION,0-5 M€,Retournement,n.d.,,,,,,,,,,,,,
19 févr. 2025,73 STRINGS,France |,Éditeur de solutions d'IA de collecte d'informations et d'évaluation d'actifs non cotés,nan,nan,Logiciel et services informatiques,GOLDMAN SACHS GROWTH,nan,150-250 M€,2e tour,nan,,,,,,,,,,,,,
19 févr. 2025,TOP PART,Irlande |,Distribution multimarques de pièces mécaniques automobiles,50,2024.0,nan,PARTS HOLDING EUROPE (PHE),FONDATEUR(S),20-50 M€,Majoritaire,20-50,,,,,,,,,,,,,
18 févr. 2025,IN2+ (SIC MARKING),France |,Solutions de marquage industriel,145,2024.0,Produits & Services industriels,CREDIT MUTUEL EQUITY,n.d.,50-150 M€,OBO,nan,,,,,,,,,,,,,
01 déc. 2023,LAMBERIGTS,Belgique |,Transport maritime et activité portuaire,nan,nan,nan,LVO GROUPE (LV OVERSEAS),MANAGER(S),n.d.,Build-up international,n.d.,,,,,,,,,,,,,
01 déc. 2023,FONDASOL,France |,Bureau d’études en ingénierie géotechnique,80,2023.0,Immobilier & construction,SIPAREX,n.d.,n.d.,Financement,nan,,,,,,,,,,,,,
01 déc. 2023,900.CARE,France |,Produits d'hygiène-beauté éco-responsables avec flacons rechargeables,10,2023.0,Santé,LOMBARD ODIER INVESTMEN...,360 CAPITAL PARTNERS,50-150 M€,1er tour,nan,,,,,,,,,,,,,
01 déc. 2023,LA FOURCHE,France |,Magasin en ligne proposant des marques bio,53,2023.0,Internet & ecommerce,AURAE (AZH IMPACT),nan,n.d.,3e tour,nan,,,,,,,,,,,,,
01 déc. 2023,SPINEM ROBOTICS,France |,Création d'une technologie pour la chirurgie de la colonne vertébrale assistée par robot,nan,nan,nan,nan,nan,n.d.,Amorçage (seed),nan,,,,,,,,,,,,,
01 déc. 2023,ICR INGENIERIE,France |,Bureau d'études spécialisé dans le domaine de la construction,nan,nan,Immobilier & construction,JL&P,n.d.,n.d.,M&A Corporate,n.d.,,,,,,,,,,,,,
01 déc. 2023,BUILDCONNECT (EX BULDI),France |,Proptech proposant une plateforme d'intermédiation entre constructeurs de logements individuels et potentiels clients,nan,nan,Internet & ecommerce,SOUL INVEST,nan,0-20 M€,Augmentation de capital,nan,,,,,,,,,,,,,
01 déc. 2023,IN CITEUM,France |,Conseil dédié aux collectivités publiques sur les sujets financiers,9,2023.0,Services & Conseil aux entreprises,UI INVESTISSEMENT,nan,5-10 M€,Augmentation de capital,0-5,,,,,,,,,,,,,
01 déc. 2023,WIZAMA,France |,Consoles de jeu de société,nan,nan,Electronique & Informatique,nan,nan,0-5 M€,1er tour,nan,,,,,,,,,,,,,
01 déc. 2023,SPACEDREAMS,France |,Société spécialisée dans le développement et l’exploitation de ports spatiaux et de complexes de lancement,nan,nan,Automobile,AMBA INVEST,nan,0-20 M€,Amorçage (seed),nan,,,,,,,,,,,,,
01 déc. 2023,EQUANS ENERGY SOLUTIONS,Pays-Bas |,Fournisseur de solutions complètes de stockage d'énergie thermique des aquifères (ATES) pour les particuliers et les entreprises,nan,nan,nan,ESSENT,EQUANS,50-150 M€,M&A (Int'l),50-150,,,,,,,,,,,,,
01 déc. 2023,PAPREC METAL DECONSTRUCTION (EX-V...,France |,Déconstruction pour les projets les plus complexes (intégrant le désamiantage et la valorisation des déchets) et propose des services de démantèlement destinés à un large panel de matériels de transport hors d’usage (routiers,nan,nan,Environnement & CleanTechs,PAPREC,VEOLIA,n.d.,Carve-out,n.d.,,,,,,,,,,,,,
01 déc. 2023,CHADOTEL,France |,Hôtellerie de plein air haut de gamme (campings 4 et 5 étoiles),20,2023.0,Tourisme,BPIFRANCE INVESTISSEMENT,MANAGER(S),20-50 M€,OBO,n.d.,,,,,,,,,,,,,
01 déc. 2023,ENVIRONNEMENT RECYCLING,France |,Recyclage et valorisation des déchets d’équipements électriques et électroniques (DEEE),15,2018.0,Environnement & CleanTechs,UNITED.B (UNITED B),BPIFRANCE INVESTISSEMENT,n.d.,M&A Corporate,0-20,,,,,,,,,,,,,
01 déc. 2023,HOMNEO (EX IMT BUSINESS SCHOOL),France |,Groupe d'enseignement en alternance et formation continue,7,2023.0,Services & Biens de consommation,EURO CAPITAL,FONDATEUR(S),0-20 M€,Augmentation de capital,0-20,,,,,,,,,,,,,
01 déc. 2023,ABL BIOMANUFACTURING,France |,CDMO spécialisée dans le développement et la distribution de vecteurs viraux GMP impliquées dans des immunothérapies,nan,nan,Produits Pharmaceutiques & matériel médical,OXFORD BIOMEDICA,n.d.,20-50 M€,M&A (Int'l),20-50,,,,,,,,,,,,,
01 déc. 2023,STORED,Royaume-Uni |,Fournisseur de services en ligne de stockage,nan,nan,nan,YOUSTOCK,FONDATEUR(S),4.40 M€,M&A (Int'l),0-20,,,,,,,,,,,,,
01 déc. 2023,AGRILOOPS,France |,Aquaponie en eau salée (production crustacés et légumes),nan,nan,nan,BNP PARIBAS DEVELOPPEMENT,nan,0-20 M€,1er tour,nan,,,,,,,,,,,,,
01 déc. 2023,BRIGHTSENS DIAGNOSTICS,France |,Tests de diagnostic moléculaire,nan,nan,nan,WISEED,nan,n.d.,Amorçage (seed),nan,,,,,,,,,,,,,
01 déc. 2023,BIO POOL TECH,France |,Piscines naturelles,nan,nan,Immobilier & construction,HUMAN FOR IMPACT (H4I),n.d.,n.d.,Financement,nan,,,,,,,,,,,,,
01 déc. 2023,CENTURY 21 LA CHARTREUSE,France |,Agence immobilière,nan,nan,Immobilier & construction,SQUARE HABITAT,n.d.,n.d.,M&A Corporate,0-20,,,,,,,,,,,,,
01 déc. 2023,CAMBRIDGE MECHATRONICS,Royaume-Uni |,Actionneurs pour smartphone et des circuits de contrôle intégrés,11.70,2023.0,Electronique & Informatique,ATLANTIC BRIDGE,nan,50-150 M€,Augmentation de capital,nan,,,,,,,,,,,,,
01 déc. 2023,GROUPE KAIZEN (KAIZEN SOLUTIONS),France |,Entreprise de services du numérique sur des systèmes complexes et critiques,nan,nan,Logiciel et services informatiques,nan,FONDATEUR(S),n.d.,Reprise Management,15-20,,,,,,,,,,,,,
01 déc. 2023,MAILINGWORK,Allemagne |,Plateforme d'automatisation marketing,nan,nan,Logiciel et services informatiques,GROUPE POSITIVE (EX SAR...,n.d.,n.d.,Build-up international,n.d.,,,,,,,,,,,,,
01 déc. 2023,SPECTRONITE,France |,Développement de produits radio de liaison point à point et de réseaux d'accès.,nan,nan,Média,BPIFRANCE INVESTISSEMENT,nan,0-20 M€,Amorçage (seed),nan,,,,,,,,,,,,,
01 déc. 2023,MYCOPHYTO,France |,Solutions biologiques pour accroissement productivité des cultures,nan,nan,nan,BPIFRANCE INVESTISSEMENT,nan,0-20 M€,1er tour,nan,,,,,,,,,,,,,
01 déc. 2023,GROUPE RG,France |,Équipements de protection individuelle (EPI),330,2022.0,Produits & Services industriels,ARDIAN EXPANSION,n.d.,n.d.,Refinancement,n.d.,,,,,,,,,,,,,
30 nov. 2023,SINGULIER (EX SQUADIGITAL),France |,Conseil en stratégie et en transformation digitale,14,2022.0,Services & Conseil aux entreprises,FOUNDERS FUTURE,EKIMETRICS (EKI METRICS),n.d.,Augmentation de capital,nan,,,,,,,,,,,,,
30 nov. 2023,GASCOGNE,France |,Groupe industriel intégré dans l’ensemble de la chaîne Bois-Papier-Emballage (fourniture de papier kraft,460.20,2022.0,Produits & Services industriels,BIOLANDES TECHNOLOGIES,ELECTRICITE ET EAUX DE ...,50-150 M€,Cession de titres,nan,,,,,,,,,,,,,
30 nov. 2023,ROGER DELATTRE,France |,Charpente,nan,nan,Immobilier & construction,NORD CAPITAL PARTENAIRES,ACTIONNAIRES FAMILIAUX,50-150 M€,OBO,n.d.,,,,,,,,,,,,,
30 nov. 2023,SMIIRL,France |,Concepteur de compteurs personnalisables (pouvant compter tout type de données) sur les réseaux sociaux pour les commerçants,2.80,2023.0,Electronique & Informatique,nan,nan,0-20 M€,Augmentation de capital,nan,,,,,,,,,,,,,
30 nov. 2023,TECHNIC PLAISANCE,France |,Activités de concession,nan,nan,Automobile,nan,MANAGER(S),0-20 M€,M&A Corporate,0-20,,,,,,,,,,,,,
30 nov. 2023,SATE,France |,Conception et fabrication de coffrets et armoires électriques à destination de l’industrie,45,2023.0,Produits & Services industriels,AMDG PRIVATE EQUITY,MANAGER(S),n.d.,LBO Primaire,n.d.,,,,,,,,,,,,,
30 nov. 2023,SAGES INFORMATIQUE (ZEENDOC),France |,Éditeur d’un logiciel de gestion électronique de documents (GED),25,2023.0,Logiciel et services informatiques,nan,DOXENSE (DOXSA),50-150 M€,Sponsorless,n.d.,,,,,,,,,,,,,
30 nov. 2023,STEVENIN-NOLLEVAUX,France |,Pièces forgées par estampage,20,2022.0,Produits & Services industriels,SIFCOR (FORGES DE COURC...,ACTIONNAIRES FAMILIAUX,0-20 M€,M&A Corporate,0-20,,,,,,,,,,,,,
30 nov. 2023,SER (SOCIETE ELECTRIQUE DU RHONE),France |,Conception et fabrication de tableaux,12,2023.0,Produits & Services industriels,SATE,MANAGER(S),0-20 M€,Build-up,0-20,,,,,,,,,,,,,
30 nov. 2023,KOOKAI,France |,Prêt-à-porter,45,2022.0,Textile,ANTONELLE - UN JOUR AIL...,MAGI AUSTRALIA,n.d.,Retournement,n.d.,,,,,,,,,,,,,
30 nov. 2023,MAESTRIUM,France |,Cabinet de conseil en management de transition,nan,nan,Services & Conseil aux entreprises,FINANCIERE DE COURCELLE...,FONDATEUR(S),n.d.,M&A Corporate,n.d.,,,,,,,,,,,,,
30 nov. 2023,METYCLE,Allemagne |,Place de marché dédiée aux métaux de seconde main,nan,nan,Internet & ecommerce,PROJECT A VENTURES,nan,0-20 M€,1er tour,nan,,,,,,,,,,,,,
30 nov. 2023,SOLUTIONSMAGS,France |,Agencement de magasin,nan,nan,Immobilier & construction,GROUPE HMY (HERMES META...,n.d.,0-20 M€,Build-up,n.d.,,,,,,,,,,,,,
30 nov. 2023,INFOCOM GROUP,France |,Développement de logiciels sur mesure,5,2022.0,Logiciel et services informatiques,HN SERVICES,FONDATEUR(S),0-20 M€,M&A Corporate,0-20,,,,,,,,,,,,,
30 nov. 2023,DELCROS,France |,Réalisation de travaux de traitement de surface (décapage,1.46,2022.0,Produits & Services industriels,ANODUR,MANAGER(S),0-5 M€,M&A Corporate,nan,,,,,,,,,,,,,
30 nov. 2023,KUANTIC,France |,Gestion et l’optimisation des flottes de véhicules d’entreprise.,nan,nan,Electronique & Informatique,FREE2MOVE,VALEO,20-50 M€,M&A Corporate,nan,,,,,,,,,,,,,
30 nov. 2023,PEINTURES ET COULEURS DU BERRY,France |,Peinture,nan,nan,Produits & Services industriels,nan,FONDATEUR(S),n.d.,M&A Corporate,n.d.,,,,,,,,,,,,,
30 nov. 2023,GROUPE RENAULT,France |,Constructeur automobile,46 391,2022.0,Automobile,ALLIANCE RENAULT NISSAN...,n.d.,n.d.,M&A (Int'l),nan,,,,,,,,,,,,,
30 nov. 2023,L2C TECHNOLOGIES,France |,Spécialiste du développement de solutions notamment basée sur la technologie blockchain,nan,nan,Média,SOVERENCY,nan,n.d.,1er tour,nan,,,,,,,,,,,,,
30 nov. 2023,VOLTR,France |,Reconditionnement de batteries au lithium,nan,nan,Electronique & Informatique,C4 VENTURES,nan,0-20 M€,Amorçage (seed),nan,,,,,,,,,,,,,
30 nov. 2023,NIJTA,France |,Logiciel d'anonymisation biométrique des fichiers audio se basant sur l'intelligence artificielle,nan,nan,Logiciel et services informatiques,ELAIA PARTNERS,nan,0-20 M€,Amorçage (seed),nan,,,,,,,,,,,,,
30 nov. 2023,BEAUGRAIN,France |,Négoce et livraison de viandes,10,2023.0,nan,BOUCHERIES NIVERNAISES,MANAGER(S),5-10 M€,Majoritaire,5-10,,,,,,,,,,,,,
29 nov. 2023,TECHNIPIPE,France |,Fournisseur de services de surveillance,8,2022.0,Produits & Services industriels,INFRANEO,MANAGER(S),0-20 M€,Build-up,n.d.,,,,,,,,,,,,,
29 nov. 2023,KALIVA,France |,Entreprise de Services Numériques (ESN),nan,nan,Services & Conseil aux entreprises,BLUE SOFT,n.d.,n.d.,M&A Corporate,n.d.,,,,,,,,,,,,,
29 nov. 2023,CONSIGAS,Irlande |,Fournisseur de services de cybersécurité spécialisé dans la formation et le conseil,3.10,2022.0,Logiciel et services informatiques,EXCLUSIVE NETWORKS,MANAGER(S),0-20 M€,M&A (Int'l),n.d.,,,,,,,,,,,,,
29 nov. 2023,NETIS,Maroc |,Prestataire de services aux réseaux télécoms,107,2022.0,Média,AMETHIS,ENKO CAPITAL,50-150 M€,LBO Bis,50-150,,,,,,,,,,,,,
29 nov. 2023,TAK,France |,Agence de conseil en product management,3,2023.0,Logiciel et services informatiques,EXOMIND,MANAGER(S),n.d.,M&A Corporate,0-5,,,,,,,,,,,,,
29 nov. 2023,CHAUFFAMAT,France |,Négoce de matériel et accessoires de chauffage,28,2023.0,nan,IRD INVEST,MANAGER(S),20-50 M€,OBO,5-10,,,,,,,,,,,,,
29 nov. 2023,FLEXLIVING,France |,Service en ligne de réservation de logements pour les déplacements professionnels,nan,nan,Internet & ecommerce,SIDE ANGELS,nan,0-20 M€,1er tour,nan,,,,,,,,,,,,,
29 nov. 2023,NODARIUS (ALTOGEN,France |,"Conseil en ingénierie et en sciences de la vie englobant 3 sociétés  : 
- Altogen",40,2023.0,Services & Conseil aux entreprises,EFOR GROUP,FONDATEUR(S),50-150 M€,Build-up,n.d.,,,,,,,,,,,,Industrie pharmaceutique,
29 nov. 2023,EXTRUFLEX INDUSTRIES,France |,Fabrication de matériaux isolants en PVC souple par extrusion (lanières,43,2023.0,Produits & Services industriels,GALIENA CAPITAL,INITIATIVE & FINANCE,20-50 M€,LBO V,n.d.,,,,,,,,,,,,,
29 nov. 2023,ORDAGO,France |,Gestion de lignes fixes et mobile pour professionnels des services à la personne,10,2022.0,Média,STELOGY (EX NOMOTECH ET...,FONDATEUR(S),n.d.,Build-up,n.d.,,,,,,,,,,,,,
29 nov. 2023,KERCIA SOLUTIONS (ALPHAVOTE),France |,Solution sécurisée de vote électronique,7,2023.0,Services & Conseil aux entreprises,SIPAREX ENTREPRENEURS,FONDATEUR(S),20-50 M€,OBO,5-10,,,,,,,,,,,,,
29 nov. 2023,DYDESYS,France |,Produits et services technologiques pour les secteurs de l’électronique et du monitoring industriel,25,2023.0,Electronique & Informatique,INNOVAFONDS,GARIBALDI PARTICIPATIONS,20-50 M€,LBO Bis,n.d.,,,,,,,,,,,,,
29 nov. 2023,LABQUALITY,Finlande |,Société de recherche sous contrat (CRO) et d'assurance qualité externe (AQE) pour le secteur de la santé,17,2023.0,Services & Conseil aux entreprises,MERIEUX EQUITY PARTNERS,MANAGER(S),50-150 M€,Spin Off,20-50,,,,,,,,,,,,,
29 nov. 2023,LOCAL INFUSION,États-Unis |,Medtech spécialisée dans les perfusions à destination des patients atteints de maladies chroniques,nan,nan,Produits Pharmaceutiques & matériel médical,BLISCE/,nan,n.d.,1er tour,nan,,,,,,,,,,,,,
29 nov. 2023,LUCINE,France |,Thérapies numériques de soins : logiciels d'IA permettant de mesurer et soulager les douleurs chroniques,1.27,2020.0,Produits Pharmaceutiques & matériel médical,BUTTERFLY THERAPEUTICS,n.d.,0-20 M€,Retournement,0-20,,,,,,,,,,,,,
29 nov. 2023,EDF,France |,Producteur d'électricité,143 500,2022.0,nan,EURONEXT (BOURSE),n.d.,n.d.,Emission obligataire,nan,,,,,,,,,,,,,
28 nov. 2023,ACTIVITES DE NEXI DANS LE DOMAINE...,Italie |,Activités dans le domaine de l’identité numérique (eID),nan,nan,nan,IN GROUPE (EX IMPRIMERI...,NEXI,n.d.,M&A (Int'l),nan,,,,,,,,,,,,,
28 nov. 2023,NEOLITHE,France |,Procédé de fossilisation de déchets industriels ménagers en cailloux pour la construction,nan,nan,Environnement & CleanTechs,OTIUM CAPITAL,nan,n.d.,2e tour,nan,,,,,,,,,,,,,
28 nov. 2023,3T DEVELOPPEMENT,France |,Holding de participations dédiée à l'univers de la franchise (fastfood,nan,nan,Tourisme,BNP PARIBAS (FINANCEMENT),n.d.,n.d.,Financement,nan,,,,,,,,,,,,,11 marques - Pitaya
28 nov. 2023,EDGARD OPTICIENS (EDGARD DEVELOPP...,France |,Produits d’optique-lunetterie de créateurs,31,2023.0,nan,OUEST CROISSANCE,FONDATEUR(S),20-50 M€,MBO,nan,,,,,,,,,,,,,
28 nov. 2023,TEB V&S IBERICA,Espagne |,Filiale de TEB Video et Sécurité en Espagne.,nan,nan,Services & Conseil aux entreprises,SCUTUM,TEB,0-5 M€,M&A (Int'l),0-5,,,,,,,,,,,,,
28 nov. 2023,TCV TRANSPORTS & LOGISTICS,France |,Transport routier de marchandises.,nan,nan,nan,GROUPE JACKY PERRENOT,SOGEBRAS,n.d.,Build-up,n.d.,,,,,,,,,,,,,
28 nov. 2023,FLOW 48 (FLOW48),France |,Solution de financement pour les PME basé sur les revenus récurrents,nan,nan,nan,SPEEDINVEST,nan,50-150 M€,1er tour,nan,,,,,,,,,,,,,
28 nov. 2023,ICOM BY KPMG (EX ICOM CLOUD),France |,Cabinet de conseil et d'intégration,15,2023.0,Logiciel et services informatiques,KPMG,FONDATEUR(S),n.d.,M&A (Int'l),n.d.,,,,,,,,,,,,,
28 nov. 2023,FICHET-BAUCHE TELESURVEILLANCE,France |,Services de télésurveillance à distance,nan,nan,Services & Conseil aux entreprises,SCUTUM,MANAGER(S),n.d.,M&A Corporate,n.d.,,,,,,,,,,,,,
28 nov. 2023,FUNDOFFICE (FUND OFFICE),Autriche |,Agence marketing relationnel pour les organismes à but non lucratif,5,2023.0,Média,BONUM GROUP (ADFINITAS),FONDATEUR(S),5-10 M€,Build-up international,n.d.,,,,,,,,,,,,,
28 nov. 2023,ECOLOC (SUDRENT),France |,Location de courte durée de voitures et de véhicules automobiles légers,1.70,2022.0,nan,nan,MANAGER(S),n.d.,M&A Corporate,n.d.,,,,,,,,,,,,,
28 nov. 2023,ONE CLICK LCA,Finlande |,Éditeur d'un logiciel de mesure et d'analyse de l'empreinte carbone des bâtiments et des matériaux qui le compose,8.50,2022.0,Logiciel et services informatiques,INFRAVIA GROWTH EQUITY,nan,20-50 M€,Augmentation de capital,nan,,,,,,,,,,,,,
28 nov. 2023,WOBEE,France |,Édition d'un logiciel RH dédié à la gestion des moments clés d'un salarié dans une société (notamment son arrivée et son départ),nan,nan,Logiciel et services informatiques,JPA INVEST,nan,0-5 M€,Amorçage (seed),nan,,,,,,,,,,,,,
28 nov. 2023,ROBUR INDUSTRY SERVICES GROUP,Allemagne |,Services d'ingénierie,380,2023.0,Produits & Services industriels,SPIE OPERATIONS (GROUPE...,INTERALPEN PARTNERS,250-500 M€,M&A (Int'l),n.d.,,,,,,,,,,,,,
28 nov. 2023,SAGIS ASSET MANAGEMENT,France |,Gérant d'actifs proposant des services de family office et de multi-gestion déléguée,nan,nan,nan,SIPAREX ENTREPRENEURS,FONDATEUR(S),20-50 M€,BIMBO,5-10,,,,,,,,,,,,,
28 nov. 2023,SIRONA TECHNOLOGIES,Belgique |,Élimination du CO 2 de l'air et lutte contre le changement climatique,nan,nan,Environnement & CleanTechs,XANGE,nan,0-20 M€,Amorçage (seed),nan,,,,,,,,,,,,,
28 nov. 2023,KARYONFOOD,France |,Logiciel Saas permettant les échanges de données entre les entreprises agroalimentaires et les distributeurs,nan,nan,Logiciel et services informatiques,FINOVAM GESTION,nan,0-5 M€,Amorçage (seed),nan,,,,,,,,,,,,,
28 nov. 2023,H&Z MANAGEMENT CONSULTING,Allemagne |,Services de conseil en gestion dans les domaines de la croissance des ventes,nan,nan,Services & Conseil aux entreprises,EMZ PARTNERS (EX EUROME...,ACTIONNAIRES,n.d.,LBO Primaire,n.d.,,,,,,,,,,,,,
28 nov. 2023,BLOOMIN,France |,Éditeur d'une solution de sondage auprès des salariés pour RH et managers,nan,nan,Logiciel et services informatiques,ZESTMEUP,THE MOON VENTURE,0-20 M€,M&A Corporate,0-20,,,,,,,,,,,,,
28 nov. 2023,RYANCAP,Australie |,Agence de communication marketing numérique,nan,nan,Média,LABELIUM,FONDATEUR(S),n.d.,Build-up international,n.d.,,,,,,,,,,,,,
28 nov. 2023,EUROMASTER DANEMARK,Danemark |,Distribution pneumatiques et entretien véhicules,nan,nan,Automobile,VULKAN GROUP,MICHELIN,n.d.,M&A (Int'l),n.d.,,,,,,,,,,,,,
28 nov. 2023,CARBYON,Pays-Bas |,Développeur d'infrastructures de capture de carbone dans l'air,nan,nan,Environnement & CleanTechs,INVESTNL (INVEST-NL),nan,0-20 M€,Amorçage (seed),nan,,,,,,,,,,,,,
28 nov. 2023,INOCEL,France |,Fabricant de piles à hydrogène,nan,nan,nan,nan,nan,50-150 M€,1er tour,nan,,,,,,,,,,,,,
28 nov. 2023,SIG STRASBOURG SASP,France |,Club de basket professionnel français basé à Strasbourg,nan,nan,Tourisme,1DOTECH,nan,n.d.,Augmentation de capital,n.d.,,,,,,,,,,,,,
28 nov. 2023,INTERNATIONAL AIRLINE MARKETING H...,Irlande |,Agent de vente et de service général de fret aérien,nan,nan,nan,ECS GROUP (EUROPEAN CAR...,n.d.,n.d.,Build-up international,n.d.,,,,,,,,,,,,,
27 nov. 2023,LALOS PARIS (ATELIER LALOS / BOUL...,France |,Production et distribution de produits de boulangerie et viennoiserie haut de gamme à des professionnels,nan,nan,nan,LT CAPITAL,THIERRY MARX BAKERY,0-20 M€,Carve-out,15-20,,,,,,,,,,,,,
27 nov. 2023,FIVES,France |,Ingénierie industrielle,2 027,2022.0,Produits & Services industriels,BPIFRANCE INVESTISSEMENT,nan,>1000 M€,Augmentation de capital,nan,,,,,,,,,,,,,
27 nov. 2023,KLEEP,France |,Logiciel de recommandation de taille de vêtement basé sur l'intelligence artificielle générative,nan,nan,Logiciel et services informatiques,IRANI VENTURES,nan,0-5 M€,Amorçage (seed),nan,,,,,,,,,,,,,
27 nov. 2023,EFESO MANAGEMENT CONSULTANTS (EFE...,France |,Cabinet de conseil opérationnel,200,2023.0,Services & Conseil aux entreprises,TOWERBROOK CAPITAL PART...,MANAGER(S),450 M€,LBO Ter,nan,,,,,,,,,,,,,
27 nov. 2023,MYLIGHT150 (MYLIGHT SYSTEMS/ALASK...,France |,Conception et distribution de solutions logicielles et matérielles d'autoconsommation énergétique,120,2023.0,Environnement & CleanTechs,EIFFEL INVESTMENT GROUP,DEMETER (VOIR DEMA INVEST),250-500 M€,Augmentation de capital,nan,,,,,,,,,,,,,
27 nov. 2023,ALME,France |,Collection de vêtements et d’accessoires pour femme,4,2022.0,Textile,OTIUM CAPITAL,nan,0-20 M€,1er tour,nan,,,,,,,,,,,,,
27 nov. 2023,MENDO,France |,Éditeur d'une solution de formation à l'utilisation de ChatGPT en entreprise,nan,nan,Logiciel et services informatiques,TOMCAT INVEST,nan,0-5 M€,Amorçage (seed),nan,,,,,,,,,,,,,
27 nov. 2023,PIRIOU,France |,Conception,290,2022.0,Automobile,EPOPEE GESTION,n.d.,n.d.,Financement,nan,,,,,,,,,,,,,
27 nov. 2023,RDS (RHYTHM DIAGNOSTIC SYSTEMS),France |,Patch miniaturisé connecté destiné aux hôpitaux pour le suivi post-opératoire des patients ayant subi une intervention chirurgicale lourde,nan,nan,Santé,MUTUELLE ASSURANCES COR...,nan,14.90 M€,Amorçage (seed),nan,,,,,,,,,,,,,
27 nov. 2023,INSTEM,Royaume-Uni |,Simulation pour le développement de médicaments,nan,nan,Logiciel et services informatiques,ARCHIMED GROUP,MANAGER(S),n.d.,Majoritaire,nan,,,,,,,,,,,,,
27 nov. 2023,ITK,France |,Logiciel de simulation du cycles végétatif des cultures,nan,nan,Logiciel et services informatiques,INNOVAL,n.d.,n.d.,M&A Corporate,n.d.,,,,,,,,,,,,,
27 nov. 2023,ACTIVITÉ DRAINAGE DE STANTON PRECAST,Royaume-Uni |,Activité drainage dans le secteur des infrastructures de chemins de fer,nan,nan,Produits & Services industriels,TRACEY CONCRETE,SATEBA,0-20 M€,M&A (Int'l),0-20,,,,,,,,,,,,,
25 nov. 2023,MADEINVOTE,France |,Fourniture d'études basées sur les réseaux sociaux,nan,nan,Média,CREDIT AGRICOLE AQUITAI...,nan,0-20 M€,1er tour,nan,,,,,,,,,,,,,
25 nov. 2023,CNOVA NV (HOLDING DE CDISCOUNT),Pays-Bas |,E-commerce,nan,nan,nan,GROUPE CASINO,GRUPO PAO DE AÇUCAR (GPA),29.40 M€,Cession de titres,nan,,,,,,,,,,,,,
24 nov. 2023,VULKAM,France |,Fabrication de métaux amorphes,nan,nan,Produits & Services industriels,BPIFRANCE INVESTISSEMENT,nan,20-50 M€,2e tour,nan,,,,,,,,,,,,,
24 nov. 2023,PLANISENSE,France |,Logiciel de planification de la Supply Chain.,nan,nan,Logiciel et services informatiques,nan,nan,0-20 M€,1er tour,nan,,,,,,,,,,,,,
24 nov. 2023,CINEMAS GRAND FORUM DIEPPE,France |,Complexe cinématographique,nan,nan,Média,MEGARAMA BEAUX-ARTS,n.d.,n.d.,M&A Corporate,5-10,,,,,,,,,,,,,
23 nov. 2023,YURI & NEIL,France |,Agence de marketing digital spécialisée dans l’acquisition de trafic et le développement de chiffre d’affaires en ligne,nan,nan,Média,EMZ PARTNERS (EX EUROME...,FONDATEUR(S),30 M€,Sponsorless,n.d.,,,,,,,,,,,,,
23 nov. 2023,A PLUS INFORMATIQUE (APLUS INFORM...,France |,Solutions logicielles pour les entreprises de transport routier de marchandises et de logistique,5.10,2022.0,Logiciel et services informatiques,SINARI GROUP,MANAGER(S),0-20 M€,Build-up,n.d.,,,,,,,,,,,,,
23 nov. 2023,GROUPE STEP (STEP,France |,Fabricant de mobilier en bois et en métal pour l’industrie (automobile,35,2022.0,Produits & Services industriels,GROUPE HESTIA (CJS,MANAGER(S),20-50 M€,Majoritaire,n.d.,,,,,,,,,,,,,
23 nov. 2023,EASYSHIPPING,France |,Plateforme de mise en relation entre entre les parties prenantes d'une opération logistique (expéditeurs,nan,nan,Logiciel et services informatiques,NORMANDIE BUSINESS ANGE...,nan,0-20 M€,Amorçage (seed),nan,,,,,,,,,,,,,
23 nov. 2023,MARTIN POURET,France |,Production de vinaigres,5,2023.0,nan,SOFIPROTEOL,nan,5-10 M€,Augmentation de capital,0-20,,,,,,,,,,,,,
23 nov. 2023,GALA COSMETICI,Italie |,Cosmétique,nan,nan,Santé,LABORATOIRES BEA,MANAGER(S),n.d.,Build-up international,nan,,,,,,,,,,,,,
22 nov. 2023,DAWIZZ,France |,Éditeur de la plateforme de catalogage et de cartographie des données MyDataCatalogue,1,2023.0,Logiciel et services informatiques,BLUEWAY SOFTWARE,FONDATEUR(S),0-20 M€,Build-up,0-20,,,,,,,,,,,,,
22 nov. 2023,FRENCHFOUNDERS,États-Unis |,Réseaux d'investisseurs français,nan,nan,nan,BPIFRANCE INVESTISSEMENT,nan,n.d.,Augmentation de capital,nan,,,,,,,,,,,,,
22 nov. 2023,CJP MÉTALLERIE,France |,Ouvrages de serrurerie / métallerie,nan,nan,Produits & Services industriels,RUSH,FONDATEUR(S),0-5 M€,M&A Corporate,0-5,,,,,,,,,,,,,
22 nov. 2023,CHAMPAGNE PIERRE PETERS,France |,Vignoble spécialisé en champagne.,nan,nan,nan,HOLDING(S) FAMILIAU(X),n.d.,n.d.,Minoritaire,20-50,,,,,,,,,,,,,
22 nov. 2023,TREMBLAYE,France |,Transport,55,2022.0,nan,GROUPE BERTO,MANAGER(S),20-50 M€,Build-up,n.d.,,,,,,,,,,,,,
22 nov. 2023,WASPITO,Cameroun |,Healthtech : téléconsultation,nan,nan,Internet & ecommerce,NEWTOWN PARTNERS,nan,0-20 M€,Amorçage (seed),nan,,,,,,,,,,,,,
21 nov. 2023,BIOXODES,Belgique |,Développement de nouvelles thérapies pour la prévention et le traitement de maladies thrombo-inflammatoires,nan,nan,nan,FONDS D'INVESTISSEMENT,nan,n.d.,1er tour,nan,,,,,,,,,,,,,
21 nov. 2023,TENACY (EX AUGMENTED CISO),France |,Logiciel de pilotage de la cybersécurité en entreprise au service des RSSI (Responsables Sécurité des Systèmes d’Information),nan,nan,Logiciel et services informatiques,AURIGA PARTNERS,nan,15.60 M€,2e tour,nan,,,,,,,,,,,,,
21 nov. 2023,ONCOVITA,France |,Biotech spécialisée dans les vaccins thérapeutiques et prophylactiques contre le cancer,nan,nan,nan,nan,nan,0-20 M€,1er tour,nan,,,,,,,,,,,,,
21 nov. 2023,ULTRAEDGE,France |,Fournisseur indépendant de services distribués de datacenters en colocation composé d'un portefeuille de 257 datacenters situés dans des zones métropolitaines à travers la France.,nan,nan,Média,MORGAN STANLEY INFRASTR...,ALTICE FRANCE,764 M€,M&A (Int'l),nan,,,,,,,,,,,,,
21 nov. 2023,HEALTHCARE BUSINESS INTERNATIONAL...,Royaume-Uni |,Organisation d'événements (salon annuel à Londres) et services aux opérateurs,nan,nan,Services & Conseil aux entreprises,EUROPEVENTS,MANAGER(S),0-20 M€,M&A (Int'l),0-20,,,,,,,,,,,,,
21 nov. 2023,BIANOGMP,Allemagne |,Société de Contract and Development Manufacturing Organization (CDMO) experte dans les oligonucléotides,2,2022.0,Produits Pharmaceutiques & matériel médical,EUROAPI,FONDATEUR(S),0-20 M€,M&A (Int'l),0-20,,,,,,,,,,,,,
20 nov. 2023,IDEAAL MEDICAL SERVICES (IMS MEDI...,Pays-Bas |,Fabrication et distribution d'une solution mécanisée de broyage des comprimés,2.50,2022.0,Produits Pharmaceutiques & matériel médical,PRATICIMA,FONDATEUR(S),0-20 M€,Build-up international,n.d.,,,,,,,,,,,,,
20 nov. 2023,TEACH ON MARS,France |,Plateforme mobile de formation professionnelle,6,2023.0,Logiciel et services informatiques,LUMAPPS,OMNES CAPITAL VENTURE,0-20 M€,M&A Corporate,0-20,,,,,,,,,,,,,
20 nov. 2023,SOKATEL,France |,Opérateur télécom,2,2022.0,Média,KOESIO,n.d.,0-20 M€,Build-up,0-20,,,,,,,,,,,,,
20 nov. 2023,AMO (RÉSEAU SOCIAL ID),France |,Réseau social sous forme de tableau permettant à chaque utilisateurs de s'exprimer via des photos détourées,nan,nan,Internet & ecommerce,NEW WAVE,nan,91.50 M€,Amorçage (seed),nan,,,,,,,,,,,,,
20 nov. 2023,MEDICAL INSURANCE COMPANY DAC (MIC),Irlande |,Assurance,nan,nan,nan,COMPRE GROUP,COVÉA,n.d.,M&A (Int'l),n.d.,,,,,,,,,,,,,
20 nov. 2023,INTERMETAL,France |,Commerce interentreprises de métaux,nan,nan,Produits & Services industriels,FONTANA GRUPPO,CHAUSSON MATERIAUX,n.d.,M&A (Int'l),5-10,,,,,,,,,,,,,
20 nov. 2023,SOFICO GLOBAL,Belgique |,Fourniture de logiciels critiques pour le secteur du financement,80,2023.0,Logiciel et services informatiques,ASTORG,APHEON (EX ERGON CAPITAL),250-500 M€,LBO Primaire,n.d.,,,,,,,,,,,,,
20 nov. 2023,WINNING CONSULTING,Portugal |,Conseil en management,nan,nan,Logiciel et services informatiques,ALAN ALLMAN ASSOCIATES,MANAGER(S),20-50 M€,M&A (Int'l),n.d.,,,,,,,,,,,,,
20 nov. 2023,ACTIVITE SOLUTIONS DE MESURE DE T...,Royaume-Uni |,Activité solutions de mesure de TechnipFMC,nan,nan,nan,ONE EQUITY PARTNERS,TECHNIPFMC,150-250 M€,Carve-out,n.d.,,,,,,,,,,,,,
20 nov. 2023,LA GENERALE LIBREST,France |,Plateforme mutualiste du livre,nan,nan,nan,NOSOLI (FURET DU NORD,n.d.,n.d.,Build-up,0-20,,,,,,,,,,,,,
20 nov. 2023,GRAFICAS TOMELLOSO,Espagne |,Fabricant d’étiquettes adhésives pour le marché du vin,nan,nan,Produits & Services industriels,LABELYS,n.d.,n.d.,Build-up international,0-20,,,,,,,,,,,,,
20 nov. 2023,ASSYSTEM PACIFIQUE,France |,Ingénierie de systèmes,nan,nan,nan,nan,n.d.,n.d.,MBO,nan,,,,,,,,,,,,,
17 nov. 2023,CRYPTONEXT SECURITY,France |,Éditeur d'un logiciel de cybersécurité proposant une cryptographie résistante au quantique,nan,nan,Logiciel et services informatiques,QUANTONATION VENTURES,nan,0-20 M€,Amorçage (seed),nan,,,,,,,,,,,,,
17 nov. 2023,GENERALE FRANCAISE DE LITERIE (GF...,France |,Fabrication et distribution d’une gamme complète de sommiers,20,2022.0,nan,STEEL,MANAGER(S),n.d.,Fusion,n.d.,,,,,,,,,,,,,
17 nov. 2023,KERING,France |,Groupe de luxe,20 351,2022.0,Textile,EURONEXT (BOURSE),n.d.,>1000 M€,Emission obligataire,nan,,,,,,,,,,,,,
17 nov. 2023,INGECAL,France |,Société d'ingénierie spécialisée dans les systèmes de calandrage pour le secteur des batteries et des constructeurs automobiles,9.30,2022.0,Produits & Services industriels,DÜRR,n.d.,5-10 M€,M&A (Int'l),5-10,,,,,,,,,,,,,
17 nov. 2023,PAPREC,France |,Recyclage et gestion globale des déchets,2 500,2022.0,Environnement & CleanTechs,BNP PARIBAS (FINANCEMENT),n.d.,n.d.,Refinancement,nan,,,,,,,,,,,,,
16 nov. 2023,MARCHANTE,France |,Conception de chaînes de production de films plastiques (séparateurs de batterie Lithium-Ion),39,2022.0,Produits & Services industriels,HIVEST CAPITAL PARTNERS,FONDATEUR(S),n.d.,LBO Primaire,n.d.,,,,,,,,,,,,,
16 nov. 2023,PRO VISION,France |,ESN spécialisée dans le low code,1.50,2022.0,Logiciel et services informatiques,WEVIOO (EX GROUPE OXIA),FONDATEUR(S),0-20 M€,M&A Corporate,0-20,,,,,,,,,,,,,
16 nov. 2023,ACTIVITÉS DE TRANSPORT ET LOGISTI...,France |,Activités de transport et de logistique et site historique du groupe Caille,26,2022.0,nan,TRANSPORTS BERNARDI,GROUPE CAILLE,0-20 M€,M&A Corporate,0-20,,,,,,,,,,,,,
16 nov. 2023,DIVISION GRID SOLUTIONS DE STRUKTON,Pays-Bas |,Intégration de systèmes de haute et moyenne tensions,28,2022.0,Produits & Services industriels,SPIE ICS (EX SPIE COMMU...,STRUKTON,n.d.,M&A (Int'l),n.d.,,,,,,,,,,,,,
16 nov. 2023,SECAN (SOCIETE D'ETUDES ET DE CON...,France |,Fabrication et maintenance de solutions de gestion thermique sur mesure,20.70,2022.0,Automobile,TIKEHAU IM,QUANTUM CAPITAL PARTNERS,0-20 M€,Retournement,n.d.,,,,,,,,,,,,,
16 nov. 2023,UGGY (EX IFEELGOODS),France |,Distribution de cartes pré-payées (cartes cadeaux virtuelles),150,2023.0,Internet & ecommerce,EURAZEO GLOBAL INVESTOR,FONDATEUR(S),0-20 M€,MBO,n.d.,,,,,,,,,,,,,
16 nov. 2023,TELEPERFORMANCE,France |,Gestionnaire de centres d'appels externalisés,8 154,2022.0,Services & Conseil aux entreprises,EURONEXT (BOURSE),n.d.,>1000 M€,Emission obligataire,nan,,,,,,,,,,,,,
16 nov. 2023,ITHEIS,France |,Intégrateur de la transformation AS/400 IBM.,nan,nan,Logiciel et services informatiques,MITEM FRANCE,n.d.,0-20 M€,Majoritaire,0-20,,,,,,,,,,,,,
16 nov. 2023,MAGAZINE GALA,France |,Magazine people,nan,nan,Média,LE FIGARO,PRISMA MEDIA,50-150 M€,M&A Corporate,50-150,,,,,,,,,,,,,
15 nov. 2023,OCTOLIS,France |,Logiciel de création de base de données client,nan,nan,Logiciel et services informatiques,BREVO (EX SENDINBLUE),50 PARTNERS CAPITAL,0-20 M€,Build-up,0-20,,,,,,,,,,,,,
15 nov. 2023,MAD (MAD NETWORK),France |,Cabinet de conseil pour l’industrie du luxe (de la mode et maroquinerie à l’hôtellerie en passant par la joaillerie,15,2023.0,Services & Conseil aux entreprises,ACTIVA CAPITAL,FONDATEUR(S),20-50 M€,MBO,nan,,,,,,,,,,,,,
15 nov. 2023,LABORATOIRES INELDEA,France |,Laboratoire fabricant des compléments alimentaires et cosmétiques (marques Pediakid,100,2023.0,Santé,URIACH,MANAGER(S),250-500 M€,M&A (Int'l),250-500,,,,,,,,,,,,,
15 nov. 2023,MOBISKILL,France |,Accompagnement des start-up,15,2023.0,Services & Conseil aux entreprises,WEFY GROUP (AVIZIO),FONDATEUR(S),n.d.,Build-up,n.d.,,,,,,,,,,,,,
15 nov. 2023,SEMIP,France |,Codeurs et capteurs,10,2022.0,Produits & Services industriels,WEINBERG CAPITAL PARTNERS,FONDATEUR(S),20-50 M€,Majoritaire,nan,,,,,,,,,,,,,
15 nov. 2023,NOLEJ (NEURONYS),France |,Éditeur d'un logiciel de transformation des supports de cours en contenus interactifs,1,2023.0,Logiciel et services informatiques,EDUCAPITAL,nan,0-20 M€,Amorçage (seed),nan,,,,,,,,,,,,,
15 nov. 2023,LIMFLOW,France |,Dispositifs médicaux contre l’ischémie critique des membres inférieurs (ICMI),nan,nan,Produits Pharmaceutiques & matériel médical,INARI MEDICAL,LONGITUDE CAPITAL,380 M€,M&A (Int'l),nan,,,,,,,,,,,,,
15 nov. 2023,KAKAROT ZKEVM,France |,Création d'un zkEVM,nan,nan,Logiciel et services informatiques,STAKE CAPITAL,nan,n.d.,Amorçage (seed),n.d.,,,,,,,,,,,,,
15 nov. 2023,PARAMAT,France |,Location et vente d'équipements et dispositifs médicaux auprès de professionnels et de particuliers,16.50,2022.0,nan,GROUPE GAILLARD,EUROMEDIS GROUPE,0-20 M€,M&A Corporate,0-20,,,,,,,,,,,,,
15 nov. 2023,RPI MENUISERIE,France |,Fabrication de menuiseries aluminium et PVC haut de gamme (portes,11,2023.0,Immobilier & construction,nan,MANAGER(S),5-10 M€,MBI,5-10,,,,,,,,,,,,,
15 nov. 2023,GROUPE GAILLARD,France |,Vente en gros de matériel médical,37,2023.0,nan,EUROMEDIS GROUPE,n.d.,0-20 M€,Minoritaire,0-5,,,,,,,,,,,,,
15 nov. 2023,UNITED MALT GROUP,Australie |,Producteur commercial de malt,860,2022.0,nan,SOUFFLET MALT (EX MALTE...,BOURSE ETRANGERE,915 M€,OPA,nan,,,,,,,,,,,,,
15 nov. 2023,KAROS,France |,Application de covoiturage domicile-travail,19,2023.0,Internet & ecommerce,RING CAPITAL,BUSINESS ANGEL(S),20-50 M€,4e tour,nan,,,,,,,,,,,,,
15 nov. 2023,NMD PHARMA,Danemark |,Biotch développant thérapies pour maladies neuromusculaires graves,nan,nan,nan,JEITO CAPITAL,nan,n.d.,2e tour,nan,,,,,,,,,,,,,
15 nov. 2023,SOUFFLET MALT (EX MALTERIES SOUFF...,France |,Malteries (production du malt à partir de céréales,1 068,2022.0,nan,KKR,INVIVO,n.d.,Augmentation de capital,nan,,,,,,,,,,,,,
15 nov. 2023,BLUEBIRD EXPRESS,États-Unis |,Fournisseur de solutions logistiques spécialisé dans le transport aérien et terrestre intérieur et international,nan,nan,nan,CRYOPDP,n.d.,n.d.,Build-up international,n.d.,,,,,,,,,,,,,
15 nov. 2023,BIOSIGNIS,France |,Fournisseur,nan,nan,Logiciel et services informatiques,SKEZI,FONDATEUR(S),0-5 M€,M&A Corporate,0-5,,,,,,,,,,,,,
15 nov. 2023,4 CONCESSIONS PEUGEOT DE COURTOIS,France |,4 concessions Peugeot,nan,nan,nan,STELLANTIS (EX PSA & FCA),GROUPE COURTOIS,n.d.,Carve-out,n.d.,,,,,,,,,,,,,
14 nov. 2023,ACTIVITÉ BANQUE FINANCE ASSURANCE...,France |,Transformation digitale,nan,nan,Logiciel et services informatiques,AILANCY,n.d.,n.d.,M&A Corporate,n.d.,,,,,,,,,,,,,
14 nov. 2023,PASSIONATA,France |,Marque de lingerie,nan,nan,Textile,DELTA GALIL INDUSTRIES,CHANTELLE,n.d.,M&A (Int'l),n.d.,,,,,,,,,,,,,
14 nov. 2023,COMPAGNIE CHARGEURS INVEST,France |,Protections de surface,nan,nan,Matières premières & industries de base (minerais,COLOMBUS HOLDING,n.d.,150-250 M€,OPA,n.d.,,,,,,,,,,,,,
14 nov. 2023,EDITIS,France |,Groupe d'édition,789,2022.0,Média,CZECH MEDIA INVEST,VIVENDI,653 M€,M&A (Int'l),nan,,,,,,,,,,,,,
14 nov. 2023,EYEBIO (EYEBIOTECH),Royaume-Uni |,Médicaments ophtalmologiques,nan,nan,nan,BAIN CAPITAL,nan,n.d.,1er tour,nan,,,,,,,,,,,,,
14 nov. 2023,GRAND LARGE YACHTING,France |,Construction de bateaux de plaisance,120,2023.0,Automobile,RAISE,SPARRING OPPORTUNITIES,150-250 M€,OBO bis,n.d.,,,,,,,,,,,,,
14 nov. 2023,CREA ASSICURAZIONI,Italie |,Courtier d'assurances en ligne,6,2023.0,nan,+SIMPLE (+SIMPLE.FR),n.d.,10-15 M€,Build-up international,0-20,,,,,,,,,,,,,
14 nov. 2023,ONE LEASE,France |,Location longue durée de flottes automobiles,23,2023.0,Automobile,LCL,n.d.,15-20 M€,Refinancement,nan,,,,,,,,,,,,,
14 nov. 2023,ETAFAT GROUPE PARERA (EX ETAFAT),Maroc |,Spécialiste du foncier,8,2023.0,Services & Conseil aux entreprises,PARERA,MANAGER(S),n.d.,Build-up international,n.d.,,,,,,,,,,,,,
14 nov. 2023,AIRFUND (EX ONEWEALTHPLACE),France |,Solutions digitales pour gestion d'actifs et relation clients,1.30,2022.0,nan,AMUNDI ASSET MANAGEMENT...,nan,20-50 M€,2e tour,nan,,,,,,,,,,,,,
14 nov. 2023,FROID ET MACHINES DU HAUT QUERCY,France |,Installation,nan,nan,Produits & Services industriels,SYCLEF,MANAGER(S),0-20 M€,Build-up,0-20,,,,,,,,,,,,,
14 nov. 2023,STERIPACK IRELAND LIMITED,Irlande |,Fabricant d'emballage médical sur mesure pour les fabricants de dispositifs médicaux et les groupes pharmaceutiques,nan,nan,Produits & Services industriels,STERIMED,FONDATEUR(S),0-20 M€,Build-up international,n.d.,,,,,,,,,,,,,
14 nov. 2023,HUTTON + ROSTRON ENVIRONMENTAL IN...,Royaume-Uni |,Services de contrôle des bâtiments,nan,nan,Services & Conseil aux entreprises,SOCOTEC,n.d.,n.d.,Build-up international,n.d.,,,,,,,,,,,,,
13 nov. 2023,AGO5 (ACTIVITÉ CONCESSION DE CIFE),France |,Activité de concession du groupe CIFE avec sa participation,nan,nan,nan,EMBREGOUR,CIFE (COMPAGNIE INDUSTR...,0-20 M€,Majoritaire,0-20,,,,,,,,,,,,,
13 nov. 2023,NOVELIA,France |,Courtier grossiste spécialisé en assurance dommages (conception de produits,30,2022.0,nan,KEREIS,CREDIT MUTUEL ARKEA (GR...,50-150 M€,Build-up,n.d.,,,,,,,,,,,,,
13 nov. 2023,IMES-ICORE,Allemagne |,Systèmes numériques de conception et de production principalement pour le secteur dentaire,nan,nan,Electronique & Informatique,EMZ PARTNERS (EX EUROME...,ARDIAN EXPANSION,n.d.,LBO Bis,n.d.,,,,,,,,,,,,,
13 nov. 2023,BIOSERENITY,France |,Développement de solutions (dispositifs textiles connectés liés à un logiciel) pour accélérer le diagnostic,30,2023.0,Produits Pharmaceutiques & matériel médical,JOLT CAPITAL,SCOR,20-50 M€,Retournement,nan,,,,,,,,,,,,,
13 nov. 2023,PÔLE IMMOBILIER DE CIFE,France |,Activités immobilières de CIFE (filiales FWE Co Inc.,nan,nan,Immobilier & construction,EMBREGOUR,CIFE (COMPAGNIE INDUSTR...,n.d.,M&A Corporate,nan,,,,,,,,,,,,,
13 nov. 2023,DOORFEED,France |,Éditeur de services en ligne de gestion de l'investissement immobilier locatif pour les institutionnels,nan,nan,Internet & ecommerce,MOTIVE VENTURES,nan,20-50 M€,1er tour,nan,,,,,,,,,,,,,
13 nov. 2023,CRITT M2A,France |,Centre d’essais pour constructeurs et équipementiers automobiles (tests moteurs,6,2023.0,Automobile,REV3 CAPITAL (EX CAP3RI),nan,5-10 M€,Augmentation de capital,5-10,,,,,,,,,,,,,
13 nov. 2023,MAUNA KEA TECHNOLOGIES,France |,Imagerie cellulaire invivo,6.50,2020.0,Produits Pharmaceutiques & matériel médical,TELIX PHARMA (TELIX PHA...,nan,n.d.,Augmentation de capital,nan,,,,,,,,,,,,,
10 nov. 2023,NEOT CAPITAL (NEW ENERGY OF THING...,France |,Services de conseil en financement et de gestion d’actifs dans les domaines de la mobilité et de l’énergie bas carbone.,nan,nan,nan,MITSUI & CO,EDF VENTURES,n.d.,Augmentation de capital,n.d.,,,,,,,,,,,,,
10 nov. 2023,AMANYS PHARMA (EX SAHAM PHARMA),Maroc |,Production d’antibiotiques (à destination du grand public) et distribution de traitements de niche injectables (à destination du secteur hospitalier),nan,nan,Produits Pharmaceutiques & matériel médical,LAPROPHAN,SPE CAPITAL,n.d.,M&A (Int'l),nan,,,,,,,,,,,,,
09 nov. 2023,BEEV,France |,Vente de véhicules et installation de bornes de recharge,1.50,2022.0,Environnement & CleanTechs,FOUNDERS FUTURE,nan,0-20 M€,1er tour,0-5,,,,,,,,,,,,,
09 nov. 2023,UZAJE,France |,Solutions industrielles de lavage pour le réemploi des contenants,nan,nan,Services & Conseil aux entreprises,GOOD ONLY VENTURES,nan,5-10 M€,1er tour,nan,,,,,,,,,,,,,
09 nov. 2023,YOUZD,France |,Place de marché pour meubles d'occasion et produits pour la maison entre particuliers,nan,nan,Internet & ecommerce,TUDIGO (EX BULB IN TOWN),nan,0-20 M€,1er tour,nan,,,,,,,,,,,,,
09 nov. 2023,WWSIGHT,France |,Spécialiste de l’architecture et de la sécurisation des systèmes d’information pour les grands comptes,nan,nan,Logiciel et services informatiques,WAPSI,FONDATEUR(S),n.d.,Majoritaire,n.d.,,,,,,,,,,,,,
09 nov. 2023,ENTREPRISE DUJARDIN,France |,Entreprise générale de travaux,15.50,2022.0,Immobilier & construction,ALTYN,n.d.,0-20 M€,M&A Corporate,0-20,,,,,,,,,,,,,
09 nov. 2023,ABYSSALE,France |,Automatisation de la production de bannières pour les campagnes publicitaires sur les médias sociaux,nan,nan,Logiciel et services informatiques,AGLAE VENTURES,nan,0-20 M€,1er tour,nan,,,,,,,,,,,,,
08 nov. 2023,ADDEV MATERIALS,France |,Transformation matériaux et solutions sur-mesure pour l’industrie,200,2022.0,Produits & Services industriels,CIC LYONNAISE DE BANQUE,n.d.,n.d.,Refinancement,5-10,,,,,,,,,,,,,
08 nov. 2023,QUICK-FDS,France |,Offre une large gamme de solutions permettant aux clients de s’assurer d’une parfaite conformité avec la réglementation en matière de santé et de sécurité au travail.,nan,nan,Services & Conseil aux entreprises,3E,MANAGER(S),n.d.,M&A (Int'l),n.d.,,,,,,,,,,,,,
08 nov. 2023,ONEPOINT,France |,ESN et cabinet de conseil en transformation des entreprises et des acteurs publics,500,2023.0,Logiciel et services informatiques,METRIC CAPITAL PARTNERS,METRIC CAPITAL PARTNERS,500-1000 M€,Emission obligataire,nan,,,,,,,,,,,,,
08 nov. 2023,CIRTEC,Pays-Bas |,Technologies de filtration incluant des solutions de récupération de la cellulose dans les stations d’épuration des eaux usées,nan,nan,Environnement & CleanTechs,SAUR,n.d.,n.d.,Build-up international,n.d.,,,,,,,,,,,,,
08 nov. 2023,ALLOVOISINS,France |,Place de marché de services de proximité proposés par des particuliers et des professionnels,nan,nan,Internet & ecommerce,CICLAD,VERDOSO MEDIA,20-50 M€,LBO Primaire,n.d.,,,,,,,,,,,,,
08 nov. 2023,AIRPAJE,France |,Conseil en gestion de trésorerie et intégration de solutions de gestion de trésorerie,4,2022.0,Services & Conseil aux entreprises,BDO,FONDATEUR(S),0-5 M€,M&A Corporate,0-5,,,,,,,,,,,,,
08 nov. 2023,GRASP,France |,Éditeur d'une solution Saas de surveillance du bon déroulé des campagnes marketing en ligne,nan,nan,Logiciel et services informatiques,MIQ,FONDATEUR(S),20-50 M€,M&A (Int'l),n.d.,,,,,,,,,,,,,
08 nov. 2023,BIOBURGER,France |,Vente de burgers 100% bio,1.20,2022.0,Tourisme,FINANCIERE FONDS PRIVES...,nan,0-20 M€,1er tour,nan,,,,,,,,,,,,,
08 nov. 2023,ALLIANCE RENAULT NISSAN MITSUBISH...,France |,Direction de l'alliance Renault Nissan Mitsubishi,nan,nan,Automobile,ALLIANCE RENAULT NISSAN...,n.d.,n.d.,M&A Corporate,n.d.,,,,,,,,,,,,,
08 nov. 2023,KUJTEN,France |,Marque de vêtements fabriqués en cachemire,50,2023.0,Textile,FG BROS,FONDATEUR(S),50-150 M€,OBO,n.d.,,,,,,,,,,,,,
08 nov. 2023,RONSTAN,Australie |,Conception et fabrication de poulies,25,2023.0,Automobile,WICHARD (DECK DEVELOPPE...,PERSONNE(S) PHYSIQUE(S),20 M€,Build-up international,n.d.,,,,,,,,,,,,,
08 nov. 2023,BLH SAS,France |,Distribution d’ingrédients de fragrance et de matières premières aromatiques,40,2022.0,Matières premières & industries de base (minerais,AZELIS,ACTIONNAIRES FAMILIAUX,n.d.,M&A (Int'l),n.d.,,,,,,,,,,,,,
08 nov. 2023,CONEX,France |,Éditeur de logiciels de gestion des procédures douanières et sécuritaires,12,2023.0,Logiciel et services informatiques,21 INVEST,FONDATEUR(S),50-150 M€,LBO Primaire,n.d.,,,,,,,,,,,,,
08 nov. 2023,PARNASSE EDUCATION (ADMISSIONS PA...,France |,Groupe privé de formation comprenant deux filiales : Admissions Parallèles (formation des étudiants aux concours des grandes écoles de commerce) et Les Cours du Parnasse (préparation des lycéens aux concours des écoles post-bac,nan,nan,Services & Biens de consommation,GENERIS CAPITAL PARTNERS,MANAGER(S),15-20 M€,LBO Bis,n.d.,,,,,,,,,,,,,
08 nov. 2023,AGRANDO,Allemagne |,Plateforme d'achat et de revente en ligne de pièces détachées et de matières premières,nan,nan,Internet & ecommerce,AGRYCO,SONY INNOVATION FUND,n.d.,M&A (Int'l),n.d.,,,,,,,,,,,,,
08 nov. 2023,QUANTYLIX,France |,Regtech : conseil en gestion quantitative des risques et de la data (modélisation,nan,nan,Services & Conseil aux entreprises,PWC,FONDATEUR(S),n.d.,M&A Corporate,n.d.,,,,,,,,,,,,,
08 nov. 2023,EMBALPAL,France |,Fabricant de palettes,nan,nan,Produits & Services industriels,FRANCK EMBALLAGES,MANAGER(S),0-5 M€,M&A Corporate,0-5,,,,,,,,,,,,,
08 nov. 2023,SEMPER,Royaume-Uni |,Plateforme de liquidité secondaire de premier plan pour les fondateurs et les employés d'entreprises européennes à forte croissance,nan,nan,nan,CROWDCUBE,n.d.,n.d.,Majoritaire,n.d.,,,,,,,,,,,,,
07 nov. 2023,GROUPE SI (SIMP),France |,Conception,23,2023.0,Produits & Services industriels,AXIO CAPITAL,MANAGER(S),15-20 M€,MBO,n.d.,,,,,,,,,,,,,
07 nov. 2023,UBISTER,France |,Conseil et intégration de solutions de gestion cloud,2.80,2022.0,Logiciel et services informatiques,APSIA,FONDATEUR(S),0-20 M€,M&A Corporate,0-20,,,,,,,,,,,,,
07 nov. 2023,NATURAL SYSTEMS UTILITIES (NSU),États-Unis |,Traitement et de réutilisation des eaux usées,nan,nan,Environnement & CleanTechs,SAUR,XPV CAPITAL CORPORATION,20-50 M€,Build-up international,20-50,,,,,,,,,,,,,
07 nov. 2023,GROUPE VITTORI,France |,Services de maintenance,20,2022.0,Immobilier & construction,CICLAD,MANAGER(S),0-20 M€,MBO,0-20,,,,,,,,,,,,,
07 nov. 2023,ALLIASERV,France |,Services de pose et de maintenance d’installations énergétiques,45,2022.0,nan,BPIFRANCE INVESTISSEMENT,nan,20-50 M€,Augmentation de capital,5-10,,,,,,,,,,,,,
07 nov. 2023,MEDENGINE,Finlande |,Solutions de contenu scientifique spécialisé dans les données médicales.,nan,nan,Services & Conseil aux entreprises,VOISIN CONSULTING LIFE ...,n.d.,n.d.,M&A (Int'l),n.d.,,,,,,,,,,,,,
07 nov. 2023,CALZATI NETTOYAGES SERVICES (CNS),France |,Propreté et entretien quotidien de copropriétés,7,2022.0,Services & Conseil aux entreprises,EMN,MANAGER(S),10-15 M€,M&A Corporate,10-15,,,,,,,,,,,,,
07 nov. 2023,ALDORIA (SHARE MY SPACE),France |,Développement d'un système optique d'information orbitale pour la surveillance de l'espace (détection de satellites artificiels et de débris spatiaux),nan,nan,Electronique & Informatique,STARQUEST,nan,20-50 M€,1er tour,5-10,,,,,,,,,,,,,
06 nov. 2023,URBANEASE,France |,Outil de prospection cartographique à destination de tous les professionnels de l'immobilier,nan,nan,Logiciel et services informatiques,PRICEHUBBLE,FONDATEUR(S),n.d.,M&A (Int'l),n.d.,,,,,,,,,,,,,
06 nov. 2023,ENERGIMOTIQUE,France |,Gestion technique de bâtiment : réalisation,5,2023.0,Logiciel et services informatiques,NERCO,FONDATEUR(S),0-20 M€,Build-up,n.d.,,,,,,,,,,,,,
06 nov. 2023,EODEV (ENERGY OBSERVER DEVELOPMENTS),France |,Groupes électro-hydrogènes (générateurs à hydrogène),20,2023.0,nan,TILT CAPITAL PARTNERS,nan,20-50 M€,2e tour,nan,,,,,,,,,,,,,
06 nov. 2023,FILA FIXATIONS,France |,Fabrication et distribution de fixations,7,2022.0,Produits & Services industriels,GROUPE BAELEN,MANAGER(S),5 M€,M&A Corporate,nan,,,,,,,,,,,,,
06 nov. 2023,QUITOQUE (EX COOKIN' THEWORLD),France |,Livraison de paniers-recettes à domicile,nan,nan,Internet & ecommerce,TERENCE CAPITAL,CARREFOUR,20-50 M€,M&A Corporate,20-50,,,,,,,,,,,,,
06 nov. 2023,WAKEO,France |,Plateforme Saas de suivi des flux de transport internationaux à destination des grands groupes,nan,nan,Logiciel et services informatiques,STATKRAFT VENTURES,BUSINESS ANGEL(S),50-150 M€,2e tour,10-15,,,,,,,,,,,,,
06 nov. 2023,ACTIFS NUMÉRIQUES ET PORTEFEUILLE...,France |,Service en ligne de lavage et repassage de linge enlevé et livré à domicile,1.30,2022.0,Services & Biens de consommation,LAUNDRYHEAP,LAVOIR MODERNE,0-20 M€,Retournement,0-5,,,,,,,,,,,,,
06 nov. 2023,ATTINEOS INFRASTRUCTURES (EX ADN ...,France |,Services de transformation numérique des entreprises,5,2022.0,Logiciel et services informatiques,ATTINEOS,MANAGER(S),0-20 M€,Build-up,0-20,,,,,,,,,,,,,
06 nov. 2023,GOODVEST,France |,Courtier en assurance-vie et épargne retraite en ligne,nan,nan,nan,RING CAPITAL,nan,n.d.,1er tour,nan,,,,,,,,,,,,,
06 nov. 2023,ABOMARQUE,France |,Prestataire de services pour les titres de presse,nan,nan,Média,TBS GROUP PURCHASE,n.d.,n.d.,Build-up,0-20,,,,,,,,,,,,,
03 nov. 2023,ESI GROUP,France |,Éditeur de progiciels d'essais virtuels,130,2022.0,Logiciel et services informatiques,KEYSIGHT,ACTIONNAIRES FAMILIAUX,913 M€,OPA,500-1000,,,,,,,,,,,,,
03 nov. 2023,JIMINI AI,France |,Solution logicielle fonctionnant grâce à l'intelligence artificielle et permettant la recherche,nan,nan,Logiciel et services informatiques,POLYTECHNIQUE VENTURES SAS,nan,0-5 M€,Amorçage (seed),nan,,,,,,,,,,,,,
03 nov. 2023,AMATERA BIOSCIENCES,France |,Conception de plans de café résistants aux changements climatiques,nan,nan,nan,PINC (PAULIG INCUBATOR),nan,n.d.,Amorçage (seed),nan,,,,,,,,,,,,,
03 nov. 2023,CABINET DE RADIOLOGIE DES DOCTEUR...,France |,Activités de radiodiagnostic et de radiothérapie,nan,nan,Santé,IMDEV (IMAGERIE DÉVELOP...,MANAGER(S),0-20 M€,Build-up,5-10,,,,,,,,,,,,,
03 nov. 2023,TASTYCLOUD (DIGINATIVE),France |,Édition d'un logiciel proposant aux sociétés du secteur CHR (café,nan,nan,Logiciel et services informatiques,LUNDI MATIN,FONDATEUR(S),n.d.,M&A Corporate,n.d.,,,,,,,,,,,,,
03 nov. 2023,BARTON PERREIRA,États-Unis |,Lunetier : conception et fabrication de montures de lunettes de vue ou de soleil haut de gamme,nan,nan,Textile,THÉLIOS,FONDATEUR(S),75 M€,M&A (Int'l),n.d.,,,,,,,,,,,,,
03 nov. 2023,GROUPE LATECOERE,France |,Structures,468,2022.0,Automobile,SEARCHLIGHT CAPITAL,n.d.,n.d.,Retournement,nan,,,,,,,,,,,,,
03 nov. 2023,RUMEUR PUBLIQUE,France |,Agence de communication,14,2022.0,Média,SIPAREX ENTREPRENEURS,FONDATEUR(S),0-20 M€,MBO,0-5,,,,,,,,,,,,,
03 nov. 2023,POMPES FUNEBRES PHENIX,France |,Service funéraire,1.50,2022.0,Services & Biens de consommation,FUNECAP,FONDATEUR(S),0-20 M€,Build-up,0-20,,,,,,,,,,,,,
03 nov. 2023,PIGMENT GRAFITI,France |,Réalisation de prototypes et maquettes de packaging pour les grandes marques du luxe et des spiritueux,nan,nan,Produits & Services industriels,LABELYS,MANAGER(S),n.d.,Build-up,0-20,,,,,,,,,,,,,
02 nov. 2023,TELEMECANIQUE SENSORS,France |,Fabricant et distributeur de capteur automatique,nan,nan,Electronique & Informatique,YAGEO,SCHNEIDER ELECTRIC,723 M€,M&A (Int'l),nan,,,,,,,,,,,,,
02 nov. 2023,WELFAIRE,France |,Assureur en ligne (assurtech) pour les professionnels non salariés,nan,nan,nan,DAPHNI,nan,0-20 M€,Amorçage (seed),nan,,,,,,,,,,,,,
02 nov. 2023,ACTIFS NIMOTOP,Allemagne |,Marque Nimotop® et licence commerciale dans 45 pays,16,2022.0,Produits Pharmaceutiques & matériel médical,LXO GROUP,BAYER SAS,n.d.,Build-up international,n.d.,,,,,,,,,,,,,
02 nov. 2023,FLOWDESK,France |,Solution de trading de crypto-actifs et de market-making (pour augmenter la liquidité des actifs) à destination des acteurs du Web3,nan,nan,nan,CATHAY INNOVATION,nan,150-250 M€,2e tour,nan,,,,,,,,,,,,,
02 nov. 2023,INNERSKIN PARIS,France |,Centre de soins esthétiques,nan,nan,Santé,LABEL CAPITAL,nan,20-50 M€,1er tour,nan,,,,,,,,,,,,,
02 nov. 2023,VN LOGISTICS,Pays-Bas |,Prestataire de services de chaîne d’approvisionnement pour les secteurs de l'énergie et de la chimie,nan,nan,nan,SHARE LOGISTICS,MANAGER(S),n.d.,Build-up international,n.d.,,,,,,,,,,,,,
02 nov. 2023,THE FORGE ENTERTAINMENT,Royaume-Uni |,Producteur de fictions,nan,nan,Média,BANIJAY GROUP,n.d.,250-500 M€,M&A (Int'l),250-500,,,,,,,,,,,,,
02 nov. 2023,PROVENRUN,France |,Système d'exploitation (OS) et applications sécurisés pour les véhicules connectés et les dispositifs intelligents,10,2023.0,Logiciel et services informatiques,TIKEHAU IM,nan,50-150 M€,1er tour,nan,,,,,,,,,,,,,
02 nov. 2023,NUMEXO,France |,Dématérialisation des flux documentaires : gestion des documents,1,2022.0,Logiciel et services informatiques,EVERIAL,FONDATEUR(S),0-20 M€,M&A Corporate,0-20,,,,,,,,,,,,,
02 nov. 2023,HYDECLIM,France |,Distribution de solutions de chauffage,30,2022.0,nan,SONEPAR,SOPROMEC,10-15 M€,M&A Corporate,10-15,,,,,,,,,,,,,
02 nov. 2023,SAMABRIVA (ROOT LINES TECHNOLOGY),France |,Développement d'une plateforme de bioproduction propriétaire pour l’industrie pharmaceutique et cosmétique (molécules et de protéines à potentiel thérapeutique),nan,nan,nan,NOSHAQ (EX MEUSINVEST),nan,n.d.,2e tour,nan,,,,,,,,,,,,,
02 nov. 2023,BRAINCUBE,France |,Éditeur d'un logiciel de traitement des données de fabrication et des applications industrielles spécialisées,nan,nan,Logiciel et services informatiques,SCOTTISH EQUITY PARTNER...,IRIS,150-250 M€,2e tour,nan,,,,,,,,,,,,,
02 nov. 2023,MONEY WALKIE,France |,Concepteur d'une solution de paiement pour adolescents et enfants (porte-monnaie sans contact),1.20,2023.0,nan,GROUPE M6,nan,0-20 M€,2e tour,nan,,,,,,,,,,,,,
02 nov. 2023,MAGELLAN HR (EX-KMSI),France |,ESN spécialisée dans les services en ressources humaines (conseil RH et systèmes d’information RH,7.50,2022.0,Logiciel et services informatiques,MAGELLAN PARTNERS,FONDATEUR(S),n.d.,Build-up,n.d.,,,,,,,,,,,,,
02 nov. 2023,WEEFIN,France |,Plateforme d'agrégation et de traitement de données ESG pour les acteurs financiers,nan,nan,Logiciel et services informatiques,IRIS,nan,20-50 M€,1er tour,nan,,,,,,,,,,,,,
02 nov. 2023,OCEA'NET,France |,Nettoyage de bâtiments,0.20,2022.0,Services & Conseil aux entreprises,EMN,FONDATEUR(S),0-5 M€,M&A Corporate,0-5,,,,,,,,,,,,,
02 nov. 2023,UPWAY,France |,Plateforme de rachat,nan,nan,Internet & ecommerce,KORELYA CAPITAL,nan,150-250 M€,2e tour,nan,,,,,,,,,,,,,
02 nov. 2023,ACTRADIS,France |,Réseau de simplification et de gestion de la conformité : accompagnement des entreprises dans collecte,nan,nan,Services & Conseil aux entreprises,ATTESTATION LÉGALE (ONC...,FORTIUS,n.d.,LBO Primaire,n.d.,,,,,,,,,,,,,
02 nov. 2023,LES DOMAINES DE FONTENILLE (LDDF),France |,Groupe hôtelier comprenant un domaine viticole,30,2023.0,Tourisme,CAISSE DES DEPOTS ET CO...,nan,n.d.,Augmentation de capital,nan,,,,,,,,,,,,,
02 nov. 2023,JOW (WISHOP),France |,Solution de livraison de courses alimentaires à domicile en fonction de menus,nan,nan,Internet & ecommerce,NORTHZONE,nan,n.d.,2e tour,nan,,,,,,,,,,,,,
02 nov. 2023,RAIDIUM,France |,Medtech à l’origine d’une nouvelle génération d’IA pour la radiologie de précision (modèle « fondation » d'intelligence artificielle de grande taille,nan,nan,Logiciel et services informatiques,KURMA PARTNERS,nan,0-20 M€,Amorçage (seed),nan,,,,,,,,,,,,,
02 nov. 2023,EFFIXIO,France |,ESN spécialisée en stratégie,nan,nan,Logiciel et services informatiques,MITEM FRANCE,n.d.,0-20 M€,Majoritaire,0-20,,,,,,,,,,,,,
02 nov. 2023,ASSEPRO,Suisse |,Solution de courtage en assurance,nan,nan,nan,THE ARDONAGH GROUP,EMZ PARTNERS (EX EUROME...,n.d.,M&A (Int'l),n.d.,,,,,,,,,,,,,
02 nov. 2023,DELTA ACCIAI,Italie |,Commercialisation d'acier inoxydable,10,2022.0,Matières premières & industries de base (minerais,JACQUET METALS,n.d.,0-20 M€,M&A (Int'l),0-20,,,,,,,,,,,,,
02 nov. 2023,GUTYCARE,France |,Plateforme numérique permettant d'améliorer l'accompagnement et le suivi des patients en gastroentérologie et immunologie,nan,nan,Logiciel et services informatiques,RESILIENCE CARE,FONDATEUR(S),0-20 M€,M&A Corporate,0-20,,,,,,,,,,,,,
02 nov. 2023,GLOBION,Inde |,Développement,12,2023.0,Produits Pharmaceutiques & matériel médical,VIRBAC,n.d.,n.d.,M&A (Int'l),n.d.,,,,,,,,,,,,,
02 nov. 2023,FACOMIA,France |,Conception et fabrication de machines pour abattoirs,nan,nan,Produits & Services industriels,GROUPE BOBET,MANAGER(S),0-5 M€,M&A Corporate,0-5,,,,,,,,,,,,,
02 nov. 2023,LAO CARE,France |,Gamme de shampooings et soins 100% d’origine naturelle,0.20,2023.0,Santé,VILLA BLU,nan,0-20 M€,Amorçage (seed),nan,,,,,,,,,,,,,
02 nov. 2023,AUXO DYNAMICS,France |,Éditeur d'un logiciel de collecte,nan,nan,Logiciel et services informatiques,HUB612 PARTICIPATIONS (...,nan,2.25 M€,Amorçage (seed),nan,,,,,,,,,,,,,
02 nov. 2023,IN CITEUM,France |,Conseil dédié aux collectivités publiques sur les sujets financiers,9,2023.0,Services & Conseil aux entreprises,ACOM EXPERTISE (ACOM AU...,n.d.,0-5 M€,M&A (Joint Venture),0-5,,,,,,,,,,,,,
02 nov. 2023,VALTRIA ENGINEERING,Espagne |,Spécialisé dans la réalisation de salles blanches,85,2022.0,Produits & Services industriels,CLAUGER,n.d.,n.d.,M&A (Int'l),n.d.,,,,,,,,,,,,,
02 nov. 2023,ECP PUBLIC ET CSMS (EX ALTA ES),France |,Branche de conseil aux collectivités locales et acteurs du familial et du médico-social du groupe d'expertise-comptable Alta,1,2023.0,Services & Conseil aux entreprises,IN CITEUM,MANAGER(S),0-5 M€,M&A Corporate,0-5,,,,,,,,,,,,,
02 nov. 2023,COMETAL METALLHALBZEUGE,Allemagne |,Commercialisation de barres,15,2022.0,Matières premières & industries de base (minerais,JACQUET METALS,n.d.,0-20 M€,M&A (Int'l),0-20,,,,,,,,,,,,,
02 nov. 2023,TASTES ON THE FLY,États-Unis |,Restauration,nan,nan,Tourisme,LAGARDÈRE TRAVEL RETAIL,HIG CAPITAL,n.d.,M&A (Int'l),n.d.,,,,,,,,,,,,,
02 nov. 2023,VESTIAIRE COLLECTIVE,France |,Plateforme de vente de vêtements et accessoires haut de gamme d'occasion,157,2023.0,Internet & ecommerce,EURAZEO GROWTH,nan,1 100 M€,10e tour,nan,,,,,,,,,,,,,
02 nov. 2023,SOBTRAN,France |,Production et négoce de céréales,nan,nan,nan,INVIVO,n.d.,n.d.,M&A Corporate,n.d.,,,,,,,,,,,,,
02 nov. 2023,SOCIETE MODERNE D'ISOLATION,France |,Entreprise spécialisée dans la transformation et la distribution de matériaux isolants en France et à l'international,nan,nan,Immobilier & construction,SAINT GOBAIN DISTRIBUTI...,n.d.,n.d.,M&A Corporate,5-10,,,,,,,,,,,,,
02 nov. 2023,DATA DYNAMIC SYSTEMS (DDS LOGISTICS),France |,Édition de logiciels spécialisés en Transport Management System (TMS) pour l'organisation et la gestion du transport et du sourcing international,nan,nan,Logiciel et services informatiques,GENERIX,ACTIONNAIRES HISTORIQUES,n.d.,Build-up,n.d.,,,,,,,,,,,,,
02 nov. 2023,FCL (GÉRER LA CITÉ),France |,Prestations de conseil auprès de collectivités sur des problématiques stratégiques : réalisation d'études de faisabilité de projets,4,2023.0,Services & Conseil aux entreprises,IN CITEUM,MANAGER(S),0-5 M€,M&A Corporate,0-5,,,,,,,,,,,,,
02 nov. 2023,ECOFINANCE,France |,Prestations de conseil en optimisation fiscale et budgétaire (notamment via un logiciel) et de formation aux élus pour petites collectivités,4,2023.0,Services & Conseil aux entreprises,IN CITEUM,MANAGER(S),0-5 M€,M&A Corporate,0-5,,,,,,,,,,,,,
01 nov. 2023,IETG HOLDINGS LIMITED (IETG AND 4...,Royaume-Uni |,Surveillance à distance du niveau de débit,14.70,2022.0,Services & Conseil aux entreprises,SOCOTEC,n.d.,0-20 M€,Build-up international,0-20,,,,,,,,,,,,,
01 nov. 2023,CELLECTIS,France |,Ingénierie des génomes,17.90,2022.0,nan,ASTRAZENECA,n.d.,n.d.,Financement,nan,,,,,,,,,,,,,
01 nov. 2023,OVER ONE,France |,Spécialiste dans la conception,nan,nan,nan,QUATRA,MANAGER(S),0-20 M€,M&A Corporate,0-5,,,,,,,,,,,,,
01 nov. 2023,LE BAR MOULINS D'ASCQ,France |,Bières d’origine biologique,nan,nan,nan,nan,FONDATEUR(S),n.d.,M&A Corporate,0-5,,,,,,,,,,,,,
01 nov. 2023,HYMAG'IN,France |,Technologie d’élaboration de matériaux magnétiques nommés ferrites,nan,nan,Electronique & Informatique,BUSINESS ANGELS DES GRA...,nan,0-20 M€,Amorçage (seed),nan,,,,,,,,,,,,,
01 nov. 2023,BLUESTER CAPITAL (EX PARVILLA),France |,nan,nan,nan,nan,CAPITAL CROISSANCE,MANAGER(S),n.d.,M&A Corporate,n.d.,,,,,,,,,,,,,
01 nov. 2023,HÔPITAL MONSANTO,Portugal |,Clinique de réhabilitation,nan,nan,Santé,VIVALTO SANTE,n.d.,n.d.,Build-up international,nan,,,,,,,,,,,,,
01 nov. 2023,VIRIDIAN LITHIUM,France |,Fournisseur de batteries de lithium,nan,nan,nan,nan,nan,0-20 M€,Amorçage (seed),nan,,,,,,,,,,,,,
01 nov. 2023,ZESTMEUP,France |,Logiciel de mesure du taux d'engagement des salariés,nan,nan,Logiciel et services informatiques,GO CAPITAL,nan,0-20 M€,1er tour,nan,,,,,,,,,,,,,
01 nov. 2023,VIDETICS,France |,Analyse vidéo en temps réel par intelligence artificielle,nan,nan,Logiciel et services informatiques,nan,nan,0-5 M€,1er tour,nan,,,,,,,,,,,,,
31 oct. 2023,IMPACT EVENEMENT,France |,Prestataire technique audiovisuel et lumière pour l'événementiel haut de gamme,18.70,2022.0,Services & Conseil aux entreprises,NCI,FONDATEUR(S),20-50 M€,MBO,n.d.,,,,,,,,,,,,,
31 oct. 2023,TUR FRED,France |,Nettoyage courant des bâtiments,nan,nan,Services & Conseil aux entreprises,ROCHE AZUR,FONDATEUR(S),0-5 M€,M&A Corporate,0-5,,,,,,,,,,,,,
31 oct. 2023,MP VITRAGE,France |,Fabrication de verre haut de gamme destiné à la restauration de monuments historiques,nan,nan,Produits & Services industriels,TIOOPO CAPITAL,FONDATEUR(S),5-10 M€,MBI,n.d.,,,,,,,,,,,,,
31 oct. 2023,USER.COM,Pologne |,Éditeur de solutions logicielles de gestion des campagnes marketing en ligne,nan,nan,Logiciel et services informatiques,GROUPE POSITIVE (EX SAR...,FONDATEUR(S),0-20 M€,Build-up international,0-20,,,,,,,,,,,,,
31 oct. 2023,HELIOS,France |,Banque écologique digitale,0.68,2023.0,nan,TUDIGO (EX BULB IN TOWN),nan,0-20 M€,1er tour,nan,,,,,,,,,,,,,
31 oct. 2023,ACTIVITES DE DISTRIBUTION D’ACIER...,Europe |,Production et distribution d'aciers spéciaux ( sociétés basées en République Tchèque,158,2022.0,nan,JACQUET METALS,SWISS STEEL GROUP (EX-S...,n.d.,M&A (Int'l),n.d.,,,,,,,,,,,,,
31 oct. 2023,AUDIGEST,France |,Cabinets d'expertise-comptable,nan,nan,nan,CONSEIL SOLUTION MAITRI...,MANAGER(S),n.d.,M&A Corporate,0-5,,,,,,,,,,,,,
31 oct. 2023,GROUPE OBER,France |,Solutions décoratives et techniques pour l'agencement intérieur,37.80,2022.0,Immobilier & construction,OBER FINANCES,n.d.,16.90 M€,OPA,n.d.,,,,,,,,,,,,,
31 oct. 2023,RADIUS (AGENTDESKS),États-Unis |,Plateforme mobile CRM pour agents immobiliers (marque de service déposée d'Agentdesks Incorporated),nan,nan,Logiciel et services informatiques,AXA VENTURE PARTNERS (AVP),nan,n.d.,2e tour,nan,,,,,,,,,,,,,
31 oct. 2023,ALMOUNEER,Égypte |,Healthtech : plateforme de gestion et de traitement de maladies chroniques comme le diabète,nan,nan,Logiciel et services informatiques,GLOBAL VENTURES,nan,0-20 M€,Amorçage (seed),nan,,,,,,,,,,,,,
31 oct. 2023,BAUDONNIERE,France |,Exploitation horticole,1.60,2022.0,nan,GRAINES VOLTZ,ACTIONNAIRES HISTORIQUES,0-20 M€,M&A Corporate,0-20,,,,,,,,,,,,,
31 oct. 2023,KIKLEO,France |,Spécialiste dans l’analyse et la réduction du gaspillage alimentaire en restauration collective,nan,nan,Internet & ecommerce,AVELANA,nan,0-20 M€,Amorçage (seed),nan,,,,,,,,,,,,,
31 oct. 2023,SERDENET,France |,Entreprise de nettoyage,nan,nan,Services & Conseil aux entreprises,ROCHE AZUR,MANAGER(S),0-5 M€,M&A Corporate,0-5,,,,,,,,,,,,,
31 oct. 2023,KNAVE,France |,Fournisseur d'une application mobile de location de courte durée d'articles en marque blanche,20,2023.0,Internet & ecommerce,nan,nan,n.d.,Augmentation de capital,nan,,,,,,,,,,,,,
31 oct. 2023,IPACKCHEM,France |,Emballages plastiques,224,2022.0,Produits & Services industriels,GREIF,MANAGER(S),512 M€,M&A (Int'l),nan,,,,,,,,,,,,,
31 oct. 2023,GROW QUIMICA E FARMACEUTICA,Brésil |,Fabricant des produits d’hygiène et de désinfection certifiés à destination du secteur de la santé,7,2022.0,Produits & Services industriels,SODEL,FONDATEUR(S),0-20 M€,Build-up international,0-20,,,,,,,,,,,,,
31 oct. 2023,WALOR INTERNATIONAL,France |,Fabricant de pièces en acier forgées et usinées pour les constructeurs et équipementiers automobiles,240,2023.0,Automobile,MUTARES FRANCE,BNP PARIBAS DEVELOPPEMENT,50-150 M€,M&A (Int'l),n.d.,,,,,,,,,,,,,
31 oct. 2023,MULHOUSE COURSES ET GP EXPRESS,France |,Messagerie,8,2023.0,nan,JARDEL SERVICES (EX JAR...,MANAGER(S),5-10 M€,Build-up,n.d.,,,,,,,,,,,,,
31 oct. 2023,DOMNEXX,France |,Conception et développement de solutions clé en main pour la surveillance et l'amélioration de la Qualité de l'Air Intérieur (QAI) des bâtiments,0.60,2022.0,Electronique & Informatique,ALDES,FONDATEUR(S),0-5 M€,Retournement,0-5,,,,,,,,,,,,,
31 oct. 2023,ELEXO,France |,Distribution de terminaux durcis et semi durcis,nan,nan,Média,LOGIC INSTRUMENT,ATOS,n.d.,M&A Corporate,0-20,,,,,,,,,,,,,
31 oct. 2023,SM SERLEC,France |,Installation de simulateurs de golf,1,2023.0,Logiciel et services informatiques,COVERGARDEN (SITOFLOR),MANAGER(S),0-5 M€,M&A Corporate,0-5,,,,,,,,,,,,,
31 oct. 2023,MEDICAL TUBING,France |,Films et tubes souples médicaux,nan,nan,Produits Pharmaceutiques & matériel médical,ROCAMED,ALKOR DRAKA GROUP,n.d.,M&A (Int'l),n.d.,,,,,,,,,,,,,
31 oct. 2023,CUMMINS FRANCE,France |,Distributeur officiel de la marque Cummins en France et en Algérie,nan,nan,Produits & Services industriels,CUMMINS,n.d.,n.d.,M&A (Int'l),20-50,,,,,,,,,,,,,
30 oct. 2023,OBAT,France |,Logiciel de devis et de facture en ligne pour le BTP,nan,nan,Logiciel et services informatiques,CREDIT MUTUEL INNOVATION,nan,0-20 M€,1er tour,nan,,,,,,,,,,,,,
30 oct. 2023,GOSTO,France |,Distribution multicanal de mobilier professionnel,40,2023.0,nan,ANDERA ACTO (EX ACTOMEZZ ),FONDATEUR(S),50-150 M€,Sponsorless,10-15,,,,,,,,,,,,,
30 oct. 2023,SONAROME,Inde |,Fabrication d'aromes et de parfums,15,2022.0,Santé,ROBERTET,ACTIONNAIRES FAMILIAUX,50-150 M€,M&A (Int'l),n.d.,,,,,,,,,,,,,
30 oct. 2023,HORTICASH,France |,Négoce de fournitures et accessoires de décoration,20,2022.0,nan,RENAUD DISTRIBUTION,MANAGER(S),0-20 M€,Build-up,n.d.,,,,,,,,,,,,,
30 oct. 2023,SOLUTYS GROUP,France |,Intégration de solutions d’identification,25,2022.0,Logiciel et services informatiques,NAXICAP PARTNERS,FONDATEUR(S),50-150 M€,LBO Primaire,nan,,,,,,,,,,,,,
30 oct. 2023,GRIM,France |,Deux centres de radiologie et imagerie médicale,40.70,2022.0,Santé,SIMAGO,MANAGER(S),200 M€,Build-up,n.d.,,,,,,,,,,,,,
30 oct. 2023,ENSOL,France |,Commercialisation d'installations photovoltaïques sur mesure,nan,nan,nan,OTIUM CAPITAL,nan,0-5 M€,1er tour,nan,,,,,,,,,,,,,
30 oct. 2023,KLARECO COMMUNICATIONS,Singapour |,Agence de conseil en communication stratégique,nan,nan,Média,HAVAS,MANAGER(S),n.d.,M&A (Int'l),n.d.,,,,,,,,,,,,,
30 oct. 2023,SILTE,Italie |,Fabrication de pots et flacons en plastique pour le secteur de la cosmétique et de l’hygiène-beauté,7.50,2022.0,Produits & Services industriels,AXIUM PACKAGING,MANAGER(S),5-10 M€,Build-up international,nan,,,,,,,,,,,,,
30 oct. 2023,JERMAYO,Belgique |,Développement,nan,nan,nan,SOLINA GROUP,ACTIONNAIRES FAMILIAUX,n.d.,Build-up international,n.d.,,,,,,,,,,,,,
30 oct. 2023,ITALPROGET - AKTID ITALIA,Italie |,Ingénierie et production spécialisée dans la réalisation de centres de tri de déchets,20,2023.0,Produits & Services industriels,AKTID,MANAGER(S),n.d.,Build-up international,n.d.,,,,,,,,,,,,,
30 oct. 2023,STEPHID,France |,Fabrication de parfum de luxe,15,2023.0,Santé,ANJAC HEALTH & BEAUTY,MANAGER(S),n.d.,M&A Corporate,n.d.,,,,,,,,,,,,,
30 oct. 2023,AUTHENTIC MEDIA (AUTHENTIC PROD -...,France |,Production de films et de programmes pour la télévision,nan,nan,Média,BANIJAY GROUP,FONDATEUR(S),n.d.,Majoritaire,n.d.,,,,,,,,,,,,,
30 oct. 2023,NEWHEAT,France |,Concepteur de centrales thermiques solaires et fournisseur de chaleur pour les sites industriels,nan,nan,nan,SWEN CAPITAL PARTNERS,PONTICELLI FRERES,n.d.,Augmentation de capital,nan,,,,,,,,,,,,,
30 oct. 2023,EASY TRANSFER (MY EASY TRANSFER),France |,Fintech : service de transfert d'argent et de recharge mobile depuis l'Europe vers la Tunisie via application mobile,nan,nan,nan,216 CAPITAL VENTURES,nan,0-20 M€,Amorçage (seed),nan,,,,,,,,,,,,,
30 oct. 2023,BH TECHNOLOGIES,France |,Gestion intelligente de l'éclairage public et de la collecte de déchets (capteurs connectés et solutions logicielles),nan,nan,nan,YOTTA CAPITAL PARTNERS,CICLAD,n.d.,LBO Bis,0-20,,,,,,,,,,,,,
30 oct. 2023,L'ECOLE BLEUE,France |,Enseignement dans les domaines de l'architecture intérieure,4,2022.0,Services & Biens de consommation,GROUPE EDH,MANAGER(S),0-20 M€,Build-up,n.d.,,,,,,,,,,,,,
30 oct. 2023,ACTIFS IMMATÉRIELS DE PATAUGAS,France |,Chaussures en toile à semelle crantée,8.29,2022.0,Textile,VGM HOLDING,HOPPS GROUP,0-20 M€,M&A Corporate,0-20,,,,,,,,,,,,,
30 oct. 2023,MECA PRECIS ET ASSOCIES,France |,Mécanique de précision : usinage,2,2022.0,Produits & Services industriels,GROUPE EOLAZ,PROVISUR TECHNOLOGIES,0-5 M€,M&A Corporate,0-5,,,,,,,,,,,,,
30 oct. 2023,OFI ASSET MANAGEMENT (EX EGAMO),France |,Asset management,13,2022.0,nan,OFI INVEST,GROUPE VYV,20-50 M€,M&A Corporate,20-50,,,,,,,,,,,,,
30 oct. 2023,VIZCAB,France |,Solutions basées sur les data sciences pour catalyser la transition carbone du bâtiment,nan,nan,Logiciel et services informatiques,KOMPAS VC,nan,20-50 M€,1er tour,nan,,,,,,,,,,,,,
30 oct. 2023,EAST JAPAN INSTITUTE OF TECHNOLOGY,Japon |,Fournisseur de services informatiques pour les administrations publiques et les services médicaux,41,2023.0,Logiciel et services informatiques,ALTEN,ANT CAPITAL PARTNERS,n.d.,M&A (Int'l),n.d.,,,,,,,,,,,,,
30 oct. 2023,ROCKEASE,France |,La marketplace des matériaux de construction,nan,nan,Logiciel et services informatiques,COLAS SA,MANAGER(S),n.d.,M&A Corporate,n.d.,,,,,,,,,,,,,
30 oct. 2023,CIRCUL'EGG,France |,Valorisation des coquilles d’œufs de l'industrie agro-alimentaire,nan,nan,Environnement & CleanTechs,ASTERION,nan,0-20 M€,1er tour,nan,,,,,,,,,,,,,
30 oct. 2023,L'ATOUT,France |,Gestion et valorisation des avantages salariés via une même application et une carte de paiement unique,nan,nan,Logiciel et services informatiques,KARISTA (EX CAPDECISIF ...,nan,0-20 M€,Amorçage (seed),nan,,,,,,,,,,,,,
30 oct. 2023,SWEETCH ENERGY,France |,Production d'électricité via différence de salinité des eaux,nan,nan,Environnement & CleanTechs,CREDIT MUTUEL IMPACT,nan,n.d.,Augmentation de capital,nan,,,,,,,,,,,,,
30 oct. 2023,BUISARD,France |,Conception et fabrication de cabines de véhicules,70,2023.0,Automobile,FORTACO GROUP,n.d.,n.d.,M&A (Int'l),n.d.,,,,,,,,,,,,,
27 oct. 2023,SOCIETE DE TRANSPORT ET D'AFFRETE...,France |,Transport de fruits,4.50,2022.0,nan,ACEH TRANSPORTS,FONDATEUR(S),0-5 M€,M&A Corporate,nan,,,,,,,,,,,,,
27 oct. 2023,TRANSWEST,Belgique |,Transport et logistique de produits surgelés,67,2022.0,nan,GROUPE STEF,MANAGER(S),n.d.,M&A (Int'l),n.d.,,,,,,,,,,,,,
27 oct. 2023,BAÏJA (BAINS & NATURE),France |,Cosmétiques naturels et parfumés tels que des soins de la peau et des eaux de parfum,6.40,2022.0,Santé,CICLAD,FONDATEUR(S),15-20 M€,OBO,15-20,,,,,,,,,,,,,
27 oct. 2023,VITA HEALTH GROUP,Royaume-Uni |,Acteur de la santé au travail,87,2022.0,Santé,SPIRE HEALTHCARE GROUP,ARCHIMED GROUP,n.d.,Majoritaire,nan,,,,,,,,,,,,,
27 oct. 2023,BENTLEY ENDOVASCULAR GROUP,Suède |,Entreprise qui développe,nan,nan,Produits Pharmaceutiques & matériel médical,KEENSIGHT CAPITAL,n.d.,50-150 M€,LBO Primaire,n.d.,,,,,,,,,,,,,
27 oct. 2023,CYLANTRO,France |,Assurtech spécialisée dans les assurances de micro-mobilités personnalisées (vélo,nan,nan,nan,LAKA,FONDATEUR(S),0-5 M€,M&A (Int'l),0-5,,,,,,,,,,,,,
27 oct. 2023,INTERNATIONAL TRANSACTIONS INDUST...,France |,Gestion des achats et de la logistique,nan,nan,Produits & Services industriels,ACI GROUPE,FONDATEUR(S),0-20 M€,Build-up,0-20,,,,,,,,,,,,,
27 oct. 2023,MARITON,France |,Fabricant de stores,25,2023.0,Immobilier & construction,BNP PARIBAS DEVELOPPEMENT,CONNECT PRO,30 M€,MBO Bis,n.d.,,,,,,,,,,,,,
27 oct. 2023,LOOP DEE SCIENCE,France |,Développement,nan,nan,nan,GO CAPITAL,nan,0-20 M€,Amorçage (seed),nan,,,,,,,,,,,,,
27 oct. 2023,MATEN SECOMOC,France |,Fabrication de réservoirs industriels,70,2022.0,Produits & Services industriels,MONTEIRO (GROUPE M),SIPAREX ENTREPRENEURS,20-50 M€,M&A Corporate,20-50,,,,,,,,,,,,,
26 oct. 2023,LA PLACE DE L'IMMOBILIER,France |,Fournisseur de données et de solutions digitales pour immobilier.,3.50,2022.0,Logiciel et services informatiques,STONAL,MANAGER(S),n.d.,Build-up,n.d.,,,,,,,,,,,,,
26 oct. 2023,MON UNIVERT (MON UNI'VERT),France |,Agence créative multimédia spécialiste de la mobilité et des territoires,1,2023.0,Services & Conseil aux entreprises,EPSA,FONDATEUR(S),1 M€,Build-up,n.d.,,,,,,,,,,,,,
26 oct. 2023,GROUPE AUTAA,France |,Levage,64,2022.0,nan,GROUPE CHARLES ANDRE (GCA),MANAGER(S),20-50 M€,Majoritaire,20-50,,,,,,,,,,,,,
26 oct. 2023,BETTEROMICS,États-Unis |,Unification des données de santé et omiques disparates en une source unique grâce à une plateforme Saas certifiée,nan,nan,Logiciel et services informatiques,SOFINNOVA PARTNERS,nan,n.d.,1er tour,nan,,,,,,,,,,,,,
26 oct. 2023,DERWENTSIDE ENVIRONMENTAL TESTING...,Royaume-Uni |,Laboratoire d'analyse de la contamination des sols et de l'eau,nan,nan,Environnement & CleanTechs,NORMEC GROUP,SUEZ,n.d.,Build-up international,n.d.,,,,,,,,,,,,,
26 oct. 2023,SPFPL BOONE-LADARRE,France |,Centre de radiologie,nan,nan,Santé,IMDEV (IMAGERIE DÉVELOP...,MANAGER(S),0-20 M€,Build-up,5-10,,,,,,,,,,,,,
26 oct. 2023,LEAPMOTOR INTERNATIONAL,Pays-Bas |,Fabrication,nan,nan,Automobile,STELLANTIS (EX PSA & FCA),n.d.,n.d.,M&A (Joint Venture),n.d.,,,,,,,,,,,,,
26 oct. 2023,LEAPMOTOR,Chine |,Constructeur de voitures électriques,1 600,2022.0,Automobile,STELLANTIS (EX PSA & FCA),SHANGHAI DUHUA NETWORK ...,7 500 M€,Augmentation de capital,nan,,,,,,,,,,,,,
26 oct. 2023,FNAC-DARTY,France |,Biens culturels et de loisirs,7 949.40,2022.0,nan,INTERMEDIATE CAPITAL GR...,INDEXIA GROUP (EX SFAM),2 298 M€,Cession de titres,nan,,,,,,,,,,,,,
26 oct. 2023,L'ECOLE AI,États-Unis |,Technologie Saas permettant aux professionnels de santé de créer des systèmes d'IA sur mesure grâce à une interface simple,nan,nan,Logiciel et services informatiques,SOFINNOVA PARTNERS,nan,0-20 M€,Amorçage (seed),nan,,,,,,,,,,,,,
26 oct. 2023,SOCIAL WIRE (LA FACTORY DU CANAL),France |,Agence d'analyse de données (détection d’insights) sur les médias sociaux vidéos,nan,nan,Logiciel et services informatiques,SEMANTIWEB,FONDATEUR(S),0-20 M€,Build-up,0-20,,,,,,,,,,,,,
26 oct. 2023,MERCEDES-BENZ BORDEAUX,France |,4 concessions Mercedes-Benz situées à Bègles,96,2022.0,Automobile,BPM GROUP (EX GROUPE ET...,MERCEDES BENZ GROUP,n.d.,M&A Corporate,n.d.,,,,,,,,,,,,,
26 oct. 2023,FUNGIBALL,France |,Jeu en ligne basé sur l'achat et l'échange de cartes NFT à l'effigie de joueurs et joueuses de tennis,nan,nan,Internet & ecommerce,CLIFF CAPITAL,nan,0-20 M€,Amorçage (seed),nan,,,,,,,,,,,,,
26 oct. 2023,DSIA (LOGISTAR ET ABVALUE),France |,Logiciels informatiques,nan,nan,Logiciel et services informatiques,PROLOGISTIK HOLDING GMBH,DNA,n.d.,M&A (Int'l),n.d.,,,,,,,,,,,,,
26 oct. 2023,ENTEROME,France |,Médicaments et biomarqueurs métagénomique bactérienne,nan,nan,nan,LEUKEMIA AND LYMPHOMA S...,nan,n.d.,7e tour,nan,,,,,,,,,,,,,
26 oct. 2023,OPENIUM,France |,Développement d’applications mobiles natives IOS et Android et le conseil en stratégie mobile,2.20,2022.0,Logiciel et services informatiques,RTONE,n.d.,2 M€,M&A Corporate,nan,,,,,,,,,,,,,
26 oct. 2023,NGIS,Belgique |,Entreprise de télécommunications spécialisée dans les solutions de couvertures radio et indoor wireless,nan,nan,Média,TELENCO,FONDATEUR(S),0-20 M€,Build-up international,0-20,,,,,,,,,,,,,
25 oct. 2023,LES CELLIERS DE GRAND LIEU,France |,Distribution de vins de propriété,nan,nan,nan,ATLANTIQUE BOISSONS,ACTIONNAIRES FAMILIAUX,0-20 M€,M&A Corporate,0-20,,,,,,,,,,,,,
25 oct. 2023,LEVENUE,Pays-Bas |,Éditeur d'une place de marché de financement basé sur les revenus récurrents,nan,nan,Logiciel et services informatiques,TRUFFLE CAPITAL,nan,20-50 M€,Augmentation de capital,nan,,,,,,,,,,,,,
25 oct. 2023,RÉSEAU VERT L'OBJECTIF,France |,Intérim spécialisé dans les métiers des espaces verts,30,2023.0,Services & Conseil aux entreprises,INITIATIVE & FINANCE,FONDATEUR(S),20 M€,OBO,n.d.,,,,,,,,,,,,,
25 oct. 2023,NEOXIA,France |,Projets d’innovation numérique dans des contextes 100% Cloud,nan,nan,Logiciel et services informatiques,DELOITTE,FONDATEUR(S),n.d.,M&A Corporate,n.d.,,,,,,,,,,,,,
25 oct. 2023,OPTIMIZE MATTER,France |,Agence de conseil spécialisée en marketing numérique des données et du cloud,nan,nan,Média,EUROPEAN DIGITAL GROUP ...,FONDATEUR(S),0-20 M€,Build-up,n.d.,,,,,,,,,,,,,
25 oct. 2023,VIDRESIF,Espagne |,Transformation du verre plat et des vitrages isolants à hautes performances énergétiques et environnementales,25,2023.0,Produits & Services industriels,RIOU GLASS,FONDATEUR(S),20-50 M€,Build-up international,20-50,,,,,,,,,,,,,
25 oct. 2023,STPM (SOCIETE TOULOUSAINE DE PALE...,France |,Fabrication de palettes sur-mesure,7.20,2022.0,Produits & Services industriels,ENVIRIS GROUPE,n.d.,n.d.,Build-up,0-20,,,,,,,,,,,,,
24 oct. 2023,FRAISAGE GRANDE DIMENSION (FGD),France |,Usinage et fraisage de pièces complexes de grande dimension en métal,1.20,2022.0,Produits & Services industriels,RGI FRANCE,MANAGER(S),0-20 M€,M&A Corporate,0-20,,,,,,,,,,,,,
24 oct. 2023,COGNITIVE DESIGN SYSTEMS (CDS),France |,Éditeur d'un logiciel d'analyse de faisabilité de modèles d'impression 3D dans l'industrie,nan,nan,Logiciel et services informatiques,IRON HANDS CAPITAL,nan,5-10 M€,1er tour,nan,,,,,,,,,,,,,
24 oct. 2023,ESSAC,Pérou |,Réponses aux urgences incendiaires en milieu industriel ; formation d'équipes sur les risques industriels et réglementations,4,2022.0,Environnement & CleanTechs,SÉCHÉ ENVIRONNEMENT,MANAGER(S),5-10 M€,M&A (Int'l),nan,,,,,,,,,,,,,
24 oct. 2023,CHESTERTONS,Royaume-Uni |,Chaîne d'agences immobilières,nan,nan,Immobilier & construction,EMERIA,n.d.,50-150 M€,Build-up international,nan,,,,,,,,,,,,,
23 oct. 2023,CHAMPARIS,France |,Grossiste en fruits et légumes frais (essentiellement légumes de saison),13.60,2023.0,nan,OMER-DECUGIS & CIE,ACTIONNAIRES FAMILIAUX,n.d.,M&A Corporate,n.d.,,,,,,,,,,,,,
23 oct. 2023,VISIOGLOBE,France |,Solution de cartographie 3D d’intérieur de bâtiment,nan,nan,Logiciel et services informatiques,EVERFIELD SOFTWARE,MANAGER(S),0-20 M€,Build-up international,0-20,,,,,,,,,,,,,
23 oct. 2023,OXFORD NANOPORE,Royaume-Uni |,Technologie de détection moléculaire nouvelle génération utilisant des nanopores,224,2022.0,nan,BIOMERIEUX SA,n.d.,>1000 M€,Majoritaire,nan,,,,,,,,,,,,,
23 oct. 2023,ENALIA,France |,Cabinet de conseil en efficacité énergétique français,110,2023.0,Services & Conseil aux entreprises,EDEIS,MANAGER(S),50-150 M€,Retournement,50-150,,,,,,,,,,,,,
23 oct. 2023,MAJOREL,Luxembourg |,Solution externalisée de service client via centres d'appels,2 100,2022.0,Services & Conseil aux entreprises,TELEPERFORMANCE,ACTIONNAIRES,3 000 M€,OPA,nan,,,,,,,,,,,,,
23 oct. 2023,IDOINE PISCINES,France |,Conception et réalisation de piscines d’intérieur et d’espaces de détente (bassins,5.50,2022.0,Tourisme,nan,MANAGER(S),n.d.,M&A Corporate,n.d.,,,,,,,,,,,,,
23 oct. 2023,BIOPHYTIS,France |,Recherche en nutrition santé,nan,nan,nan,EURONEXT GROWTH (EX ALT...,nan,0-20 M€,Augmentation de capital,nan,,,,,,,,,,,,,
23 oct. 2023,COLLVERT,France |,Commerce de gros de conteneurs à déchets des plus grands sites industriels et logistiques,nan,nan,Environnement & CleanTechs,SULO (EX PLASTIC OMNIUM...,n.d.,n.d.,Build-up,n.d.,,,,,,,,,,,,,
23 oct. 2023,CHALLENV,France |,Aménagement urbain,nan,nan,Environnement & CleanTechs,SULO (EX PLASTIC OMNIUM...,n.d.,n.d.,Build-up,n.d.,,,,,,,,,,,,,
20 oct. 2023,RISK & CO,France |,Services de sécurité et de défense (ESSD) : activité de conseil en cybersécurité et branche ingénierie,12.70,2021.0,Services & Conseil aux entreprises,CHAPSVISION,ANTICIP,0-20 M€,Retournement,nan,,,,,,,,,,,,,
20 oct. 2023,ABIVAX,France |,Biotech spécialisée dans la recherche d’un traitement pour la rectocolite et la maladie de Crohn,nan,nan,nan,NASDAQ,n.d.,500-1000 M€,IPO,nan,,,,,,,,,,,,,
20 oct. 2023,BOIRON,France |,Fabrication et commercialisation médicaments homéopathiques,534.20,2022.0,Produits Pharmaceutiques & matériel médical,ESSEX WOODLANDS (EW) HE...,ACTIONNAIRES FAMILIAUX,875 M€,OPA,50-150,,,,,,,,,,,,,
20 oct. 2023,AUBERT JARDIN,France |,Paysagiste,nan,nan,Environnement & CleanTechs,OSMAIA,n.d.,n.d.,Build-up,0-20,,,,,,,,,,,,,
20 oct. 2023,EXOPLANTES,France |,Paysagiste,nan,nan,Environnement & CleanTechs,OSMAIA,n.d.,n.d.,Build-up,0-20,,,,,,,,,,,,,
20 oct. 2023,PACOGEST,France |,Conseil en gestion de patrimoine,nan,nan,Services & Conseil aux entreprises,LINARD CHARBONNEL,FONDATEUR(S),5-10 M€,M&A Corporate,5-10,,,,,,,,,,,,,
19 oct. 2023,BANOOK,France |,Centralisation et analyse des données issues d’électrocardiogrammes (ECG) et d’imagerie médicale pour évaluer la sécurité et l’efficacité des candidats-médicaments dans le cadre d’essais cliniques,13,2023.0,Santé,MOTION EQUITY PARTNERS,TURENNE GROUPE,50-150 M€,LBO Bis,n.d.,,,,,,,,,,,,,
19 oct. 2023,GROUPE BERTO,France |,Location de véhicules industriels avec chauffeur,450,2022.0,nan,BNP PARIBAS DEVELOPPEMENT,MANAGER(S),250-500 M€,Minoritaire,50-150,,,,,,,,,,,,,
19 oct. 2023,ANNO SANTE,France |,Location et vente de matériel médical,nan,nan,nan,CAPVER INVEST,FONDATEUR(S),0-5 M€,MBI,0-5,,,,,,,,,,,,,
19 oct. 2023,ACH-CEMAP,France |,Fabrication et distribution d’équipements coupe-feu (produits de calfeutrement,5,2023.0,Immobilier & construction,SAVPRO GROUPE,MANAGER(S),5-10 M€,Majoritaire,nan,,,,,,,,,,,,,
19 oct. 2023,DISTRIWATT,France |,Vente de matériel électrique par téléphone pour le secteur résidentiel (Distriwatt),35,2023.0,nan,nan,MANAGER(S),40 M€,Sponsorless,nan,,,,,,,,,,,,,
19 oct. 2023,GRAI MATTER LABS (EX BRAINIAC),France |,Calculateur neuronal,nan,nan,Electronique & Informatique,SNAP (SNAPCHAT),360 CAPITAL PARTNERS,n.d.,M&A (Int'l),n.d.,,,,,,,,,,,,,
19 oct. 2023,STRATEGIQUAL,France |,Conseil réglementaire et management de la qualité pour les secteurs de la pharmaceutique et des dispositifs médicaux,7,2023.0,Santé,PRODUCTLIFE CONSULTING ...,FONDATEUR(S),20-50 M€,Build-up,n.d.,,,,,,,,,,,,,
19 oct. 2023,IZIWORK,France |,Plateforme de recherche d'emplois intérimaires,250,2022.0,Internet & ecommerce,PROMAN,CATHAY INNOVATION,n.d.,Retournement,n.d.,,,,,,,,,,,,,
19 oct. 2023,TECHNI CHAUFFAGE (DONT TCEO ET AU...,France |,Services en génie climatique et sanitaire,10,2022.0,nan,GROUPE BAELEN,MANAGER(S),0-20 M€,M&A Corporate,0-20,,,,,,,,,,,,,
19 oct. 2023,LUKO REAL ESTATE (EX UNKLE),France |,Garant du locataire pour booster le dossier de freelance,nan,nan,nan,SOLLY AZAR,LUKO (LUKO COVER),n.d.,M&A Corporate,n.d.,,,,,,,,,,,,,
19 oct. 2023,FLECH'AUTO (FLECHAUTO - ROADY),France |,Commerce et réparation d'automobiles et de motocycles,nan,nan,Automobile,nan,n.d.,0-20 M€,M&A Corporate,0-5,,,,,,,,,,,,,
19 oct. 2023,PROTINUS,Pays-Bas |,Fournisseur de matériel,295,2022.0,Logiciel et services informatiques,PRODWARE,n.d.,n.d.,M&A (Int'l),n.d.,,,,,,,,,,,,,
18 oct. 2023,CLEAR CHANNEL FRANCE,France |,Publicité extérieure,245,2022.0,Média,EQUINOX INDUSTRIES,CLEAR CHANNEL OUTDOOR,50-150 M€,Carve-out,5-10,,,,,,,,,,,,,
18 oct. 2023,SALVIA GROUP GMBH (SALVIA GEBÄUDE...,Allemagne |,Génie électrique,350,2022.0,nan,EIFFAGE ENERGIE SYSTEMES,MANAGER(S),n.d.,M&A (Int'l),n.d.,,,,,,,,,,,,,
18 oct. 2023,ONIS LINE BLIND (EX SOCOMET),France |,Conception,8,2022.0,Produits & Services industriels,AXIO CAPITAL,MANAGER(S),0-20 M€,MBO,0-5,,,,,,,,,,,,,
18 oct. 2023,ANTIDOTS,France |,Conception de plateformes de réservation tout-en-un,nan,nan,Logiciel et services informatiques,CHALET DES NEIGES,nan,n.d.,1er tour,0-5,,,,,,,,,,,,,
18 oct. 2023,SOFRESID ENGINEERING,France |,Ingénierie,nan,nan,Automobile,EKIUM,SAIPEM,n.d.,M&A Corporate,n.d.,,,,,,,,,,,,,
18 oct. 2023,DITTO,États-Unis |,Solution d'essayage virtuel de lunettes,nan,nan,Logiciel et services informatiques,FITTINGBOX,LUNA SOLUTIONS,n.d.,M&A (Int'l),n.d.,,,,,,,,,,,,,
18 oct. 2023,PRESTAPRIM,France |,Maintenance et exploitation de systèmes de chauffage,25,2022.0,Services & Biens de consommation,EIFFAGE ENERGIE SYSTEMES,RIVES CROISSANCE,20-50 M€,Majoritaire,20-50,,,,,,,,,,,,,
18 oct. 2023,LOCABOX,France |,Solutions de stockage,nan,nan,nan,CARLYLE,SAMFI-INVEST,n.d.,LBO Primaire,n.d.,,,,,,,,,,,,,
18 oct. 2023,ORAPI (OFFICE DE RECHERCHE ET D'A...,France |,Produits d'entretien pour l'industrie et les services,229.60,2022.0,Produits & Services industriels,PAREDES,FONDATEUR(S),80 M€,OPA,n.d.,,,,,,,,,,,,,
17 oct. 2023,GOODRECRUITER,France |,Cabinet de recrutement cadres et experts,nan,nan,Services & Conseil aux entreprises,nan,FONDATEUR(S),0-20 M€,Amorçage (seed),nan,,,,,,,,,,,,,
17 oct. 2023,ASP AFFUTAGE SERVICE PERFORMANCE ...,France |,Spécialiste dans l’industrie des outils coupants,nan,nan,Produits & Services industriels,nan,ACTIONNAIRES FAMILIAUX,n.d.,M&A Corporate,10-15,,,,,,,,,,,,,
